
[2026-08-12T09:27:20.663Z] 자동 카페 수집 시작: default
.browser-session을 이미 다른 Chromium 창이 사용 중입니다.
열려 있는 'Google Chrome for Testing' 창을 모두 닫고 다시 실행하세요.
이전에 `npm run scrape:login`이나 `npm run scrape:watch`를 켜뒀다면 터미널에서 Ctrl+C로 먼저 종료하세요.
잠금 정보: SingletonLock 없음
[2026-08-12T09:27:21.269Z] 자동 카페 수집 종료: 실패 1

[2026-08-12T09:32:20.702Z] 자동 카페 수집 시작: default
.browser-session을 이미 다른 Chromium 창이 사용 중입니다.
열려 있는 'Google Chrome for Testing' 창을 모두 닫고 다시 실행하세요.
이전에 `npm run scrape:login`이나 `npm run scrape:watch`를 켜뒀다면 터미널에서 Ctrl+C로 먼저 종료하세요.
잠금 정보: SingletonLock 없음
[2026-08-12T09:32:21.499Z] 자동 카페 수집 종료: 실패 1

[2026-08-12T09:34:29.438Z] 자동 카페 수집 시작: default
.browser-session을 이미 다른 Chromium 창이 사용 중입니다.
열려 있는 'Google Chrome for Testing' 창을 모두 닫고 다시 실행하세요.
이전에 `npm run scrape:login`이나 `npm run scrape:watch`를 켜뒀다면 터미널에서 Ctrl+C로 먼저 종료하세요.
잠금 정보: SingletonLock 없음
[2026-08-12T09:34:29.907Z] 자동 카페 수집 종료: 실패 1

[2026-08-12T09:54:24.356Z] 자동 카페 수집 시작: default
.browser-session을 이미 다른 Chromium 창이 사용 중입니다.
열려 있는 'Google Chrome for Testing' 창을 모두 닫고 다시 실행하세요.
이전에 `npm run scrape:login`이나 `npm run scrape:watch`를 켜뒀다면 터미널에서 Ctrl+C로 먼저 종료하세요.
잠금 정보: SingletonLock 없음
[2026-08-12T09:54:25.792Z] 자동 카페 수집 종료: 실패 1

[2026-08-12T10:10:12.965Z] 자동 카페 수집 시작: default
.browser-session을 이미 다른 Chromium 창이 사용 중입니다.
열려 있는 'Google Chrome for Testing' 창을 모두 닫고 다시 실행하세요.
이전에 `npm run scrape:login`이나 `npm run scrape:watch`를 켜뒀다면 터미널에서 Ctrl+C로 먼저 종료하세요.
잠금 정보: SingletonLock 없음
[2026-08-12T10:10:13.643Z] 자동 카페 수집 종료: 실패 1

[2026-08-12T10:27:40.790Z] 자동 카페 수집 시작: default
browserType.launchPersistentContext: Timeout 180000ms exceeded.
[2026-08-12T10:44:34.993Z] 자동 카페 수집 종료: 실패 1

[2026-08-12T11:02:33.882Z] 자동 카페 수집 시작: default
.browser-session을 이미 다른 Chromium 창이 사용 중입니다.
열려 있는 'Google Chrome for Testing' 창을 모두 닫고 다시 실행하세요.
이전에 `npm run scrape:login`이나 `npm run scrape:watch`를 켜뒀다면 터미널에서 Ctrl+C로 먼저 종료하세요.
잠금 정보: SingletonLock 없음
[2026-08-12T11:02:34.775Z] 자동 카페 수집 종료: 실패 1

[2026-08-12T11:36:32.549Z] 자동 카페 수집 시작: default
.browser-session을 이미 다른 Chromium 창이 사용 중입니다.
열려 있는 'Google Chrome for Testing' 창을 모두 닫고 다시 실행하세요.
이전에 `npm run scrape:login`이나 `npm run scrape:watch`를 켜뒀다면 터미널에서 Ctrl+C로 먼저 종료하세요.
잠금 정보: SingletonLock 없음
[2026-08-12T11:36:33.529Z] 자동 카페 수집 종료: 실패 1

[2026-08-12T11:52:21.438Z] 자동 카페 수집 시작: default
.browser-session을 이미 다른 Chromium 창이 사용 중입니다.
열려 있는 'Google Chrome for Testing' 창을 모두 닫고 다시 실행하세요.
이전에 `npm run scrape:login`이나 `npm run scrape:watch`를 켜뒀다면 터미널에서 Ctrl+C로 먼저 종료하세요.
잠금 정보: SingletonLock 없음
[2026-08-12T11:52:22.555Z] 자동 카페 수집 종료: 실패 1

[2026-08-12T12:19:45.779Z] 자동 카페 수집 시작: default
.browser-session을 이미 다른 Chromium 창이 사용 중입니다.
열려 있는 'Google Chrome for Testing' 창을 모두 닫고 다시 실행하세요.
이전에 `npm run scrape:login`이나 `npm run scrape:watch`를 켜뒀다면 터미널에서 Ctrl+C로 먼저 종료하세요.
잠금 정보: SingletonLock 없음
[2026-08-12T12:19:46.901Z] 자동 카페 수집 종료: 실패 1

[2026-08-12T12:35:23.875Z] 자동 카페 수집 시작: default
.browser-session을 이미 다른 Chromium 창이 사용 중입니다.
열려 있는 'Google Chrome for Testing' 창을 모두 닫고 다시 실행하세요.
이전에 `npm run scrape:login`이나 `npm run scrape:watch`를 켜뒀다면 터미널에서 Ctrl+C로 먼저 종료하세요.
잠금 정보: SingletonLock 없음
[2026-08-12T12:35:25.117Z] 자동 카페 수집 종료: 실패 1

[2026-08-12T12:40:24.944Z] 자동 카페 수집 시작: default
.browser-session을 이미 다른 Chromium 창이 사용 중입니다.
열려 있는 'Google Chrome for Testing' 창을 모두 닫고 다시 실행하세요.
이전에 `npm run scrape:login`이나 `npm run scrape:watch`를 켜뒀다면 터미널에서 Ctrl+C로 먼저 종료하세요.
잠금 정보: SingletonLock 없음
[2026-08-12T12:40:28.537Z] 자동 카페 수집 종료: 실패 1

[2026-08-12T12:45:28.527Z] 자동 카페 수집 시작: default
.browser-session을 이미 다른 Chromium 창이 사용 중입니다.
열려 있는 'Google Chrome for Testing' 창을 모두 닫고 다시 실행하세요.
이전에 `npm run scrape:login`이나 `npm run scrape:watch`를 켜뒀다면 터미널에서 Ctrl+C로 먼저 종료하세요.
잠금 정보: SingletonLock 없음
[2026-08-12T12:45:29.317Z] 자동 카페 수집 종료: 실패 1

[2026-08-12T12:50:29.307Z] 자동 카페 수집 시작: default
.browser-session을 이미 다른 Chromium 창이 사용 중입니다.
열려 있는 'Google Chrome for Testing' 창을 모두 닫고 다시 실행하세요.
이전에 `npm run scrape:login`이나 `npm run scrape:watch`를 켜뒀다면 터미널에서 Ctrl+C로 먼저 종료하세요.
잠금 정보: SingletonLock 없음
[2026-08-12T12:50:30.112Z] 자동 카페 수집 종료: 실패 1

[2026-08-12T13:08:50.105Z] 자동 카페 수집 시작: default
.browser-session을 이미 다른 Chromium 창이 사용 중입니다.
열려 있는 'Google Chrome for Testing' 창을 모두 닫고 다시 실행하세요.
이전에 `npm run scrape:login`이나 `npm run scrape:watch`를 켜뒀다면 터미널에서 Ctrl+C로 먼저 종료하세요.
잠금 정보: SingletonLock 없음
[2026-08-12T13:08:52.162Z] 자동 카페 수집 종료: 실패 1

[2026-08-12T13:24:35.996Z] 자동 카페 수집 시작: default
.browser-session을 이미 다른 Chromium 창이 사용 중입니다.
열려 있는 'Google Chrome for Testing' 창을 모두 닫고 다시 실행하세요.
이전에 `npm run scrape:login`이나 `npm run scrape:watch`를 켜뒀다면 터미널에서 Ctrl+C로 먼저 종료하세요.
잠금 정보: SingletonLock 없음
[2026-08-12T13:24:37.055Z] 자동 카페 수집 종료: 실패 1

[2026-08-12T13:58:05.776Z] 자동 카페 수집 시작: default
.browser-session을 이미 다른 Chromium 창이 사용 중입니다.
열려 있는 'Google Chrome for Testing' 창을 모두 닫고 다시 실행하세요.
이전에 `npm run scrape:login`이나 `npm run scrape:watch`를 켜뒀다면 터미널에서 Ctrl+C로 먼저 종료하세요.
잠금 정보: SingletonLock 없음
[2026-08-12T13:58:06.665Z] 자동 카페 수집 종료: 실패 1

[2026-08-12T14:09:19.781Z] 자동 카페 수집 시작: default
.browser-session을 이미 다른 Chromium 창이 사용 중입니다.
열려 있는 'Google Chrome for Testing' 창을 모두 닫고 다시 실행하세요.
이전에 `npm run scrape:login`이나 `npm run scrape:watch`를 켜뒀다면 터미널에서 Ctrl+C로 먼저 종료하세요.
잠금 정보: SingletonLock 없음
[2026-08-12T14:09:20.963Z] 자동 카페 수집 종료: 실패 1

[2026-08-12T14:25:40.684Z] 자동 카페 수집 시작: default
.browser-session을 이미 다른 Chromium 창이 사용 중입니다.
열려 있는 'Google Chrome for Testing' 창을 모두 닫고 다시 실행하세요.
이전에 `npm run scrape:login`이나 `npm run scrape:watch`를 켜뒀다면 터미널에서 Ctrl+C로 먼저 종료하세요.
잠금 정보: SingletonLock 없음
[2026-08-12T14:25:41.510Z] 자동 카페 수집 종료: 실패 1

[2026-08-12T14:40:44.272Z] 자동 카페 수집 시작: default
.browser-session을 이미 다른 Chromium 창이 사용 중입니다.
열려 있는 'Google Chrome for Testing' 창을 모두 닫고 다시 실행하세요.
이전에 `npm run scrape:login`이나 `npm run scrape:watch`를 켜뒀다면 터미널에서 Ctrl+C로 먼저 종료하세요.
잠금 정보: SingletonLock 없음
[2026-08-12T14:40:45.265Z] 자동 카페 수집 종료: 실패 1

[2026-08-12T14:52:39.983Z] 자동 카페 수집 시작: default
.browser-session을 이미 다른 Chromium 창이 사용 중입니다.
열려 있는 'Google Chrome for Testing' 창을 모두 닫고 다시 실행하세요.
이전에 `npm run scrape:login`이나 `npm run scrape:watch`를 켜뒀다면 터미널에서 Ctrl+C로 먼저 종료하세요.
잠금 정보: SingletonLock 없음
[2026-08-12T14:52:41.359Z] 자동 카페 수집 종료: 실패 1

[2026-08-12T15:26:27.160Z] 자동 카페 수집 시작: default
.browser-session을 이미 다른 Chromium 창이 사용 중입니다.
열려 있는 'Google Chrome for Testing' 창을 모두 닫고 다시 실행하세요.
이전에 `npm run scrape:login`이나 `npm run scrape:watch`를 켜뒀다면 터미널에서 Ctrl+C로 먼저 종료하세요.
잠금 정보: SingletonLock 없음
[2026-08-12T15:26:28.186Z] 자동 카페 수집 종료: 실패 1

[2026-08-12T15:31:28.220Z] 자동 카페 수집 시작: default
.browser-session을 이미 다른 Chromium 창이 사용 중입니다.
열려 있는 'Google Chrome for Testing' 창을 모두 닫고 다시 실행하세요.
이전에 `npm run scrape:login`이나 `npm run scrape:watch`를 켜뒀다면 터미널에서 Ctrl+C로 먼저 종료하세요.
잠금 정보: SingletonLock 없음
[2026-08-12T15:31:29.137Z] 자동 카페 수집 종료: 실패 1

[2026-08-12T15:36:29.138Z] 자동 카페 수집 시작: default
.browser-session을 이미 다른 Chromium 창이 사용 중입니다.
열려 있는 'Google Chrome for Testing' 창을 모두 닫고 다시 실행하세요.
이전에 `npm run scrape:login`이나 `npm run scrape:watch`를 켜뒀다면 터미널에서 Ctrl+C로 먼저 종료하세요.
잠금 정보: SingletonLock 없음
[2026-08-12T15:36:29.993Z] 자동 카페 수집 종료: 실패 1

[2026-08-12T15:41:29.994Z] 자동 카페 수집 시작: default
.browser-session을 이미 다른 Chromium 창이 사용 중입니다.
열려 있는 'Google Chrome for Testing' 창을 모두 닫고 다시 실행하세요.
이전에 `npm run scrape:login`이나 `npm run scrape:watch`를 켜뒀다면 터미널에서 Ctrl+C로 먼저 종료하세요.
잠금 정보: SingletonLock 없음
[2026-08-12T15:41:30.798Z] 자동 카페 수집 종료: 실패 1

[2026-08-12T15:46:30.783Z] 자동 카페 수집 시작: default
.browser-session을 이미 다른 Chromium 창이 사용 중입니다.
열려 있는 'Google Chrome for Testing' 창을 모두 닫고 다시 실행하세요.
이전에 `npm run scrape:login`이나 `npm run scrape:watch`를 켜뒀다면 터미널에서 Ctrl+C로 먼저 종료하세요.
잠금 정보: SingletonLock 없음
[2026-08-12T15:46:31.582Z] 자동 카페 수집 종료: 실패 1

[2026-08-12T15:49:36.740Z] 자동 카페 수집 시작: default
수집 시작: 동아리 농구 카페
- 목록 열기: https://m.cafe.daum.net/dongarry/Dilr?boardType=
  선택자 "a[href*='/dongarry/']" 링크 0개
  선택자 "a[href*='/_rec/']" 링크 0개
  선택자 "a.link_cafe" 링크 0개
  선택자 "a[href]" 링크 0개
- 글 링크 후보 0개
  디버그 저장: /Users/kangsanlee/Documents/농구 서비스/data/debug/동아리-농구-카페-no-post-links.html
- 키워드 매칭 글 0개
수집 시작: 콘로우
- 목록 열기: https://cafe.naver.com/f-e/cafes/10586238/menus/428
  선택자 "a.article" 링크 0개
  선택자 ".ArticleList a[href*='/ArticleRead.nhn']" 링크 0개
  선택자 "a[href*='articleid=']" 링크 0개
  선택자 "a[href*='/articles/']" 링크 0개
  HTML fallback 링크 30개
- 글 링크 후보 30개
  건너뜀: 🏀 NSB 농심 카페 3X3 37회 챔피언십 농구 대회 in NSB 체육관
  건너뜀: SLAMDUNK EXPEDITION : 농심카페 일본원정 농구캠프 원정대원 모집
  건너뜀: 23스토어 X NSB 농심카페 후기 작성 이벤트
  건너뜀: 리바이티브 EMS 저주파 발 마사지기 S액티브 공동구매 2차
  건너뜀: "100% 바뀐다" NSB X 동농커리 슈팅클래스 6기 선착순 모집! 🏀🔥
  제목 키워드 불일치로 제외: 🏆 1회 NSB 농심 카페 5대5 농구 최강자전 [NO LIMITS]
  제목 키워드 불일치로 제외: NSB 농심 카페 회원 전용 '브랜드 홍보 & 회원 혜택' 게시판 오픈 안내!
  제목 키워드 불일치로 제외: 🏀 NSB 농심카페 전용 체육관, 2026년 새롭게 문을 엽니다!
  건너뜀: NSB 농심 카페에서 동호회 농구팀을 소개하는 유튜브를 시작합니다^^
  건너뜀: NSB 농심 카페 농구 용품 위탁 판매 서비스 시작합니다
  제목 키워드 불일치로 제외: NSB 농심 카페 장터 불량 회원 & 비매너 회원 공유
  제목 키워드 불일치로 제외: NSB 농심 카페 장터에 글을 올리기 전에 꼭 읽어주세요!!
  제목 키워드 불일치로 제외: NSB 농심 카페 활동 시작하면 꼭 읽어주세요!!!
  제목 키워드 불일치로 제외: NSB 농심카페와 함께할 공식 체육관을 찾습니다
  제목 키워드 불일치로 제외: 농심 카페에서 체육관을 직접 짓는다면? 가능은 한 이야기인가?
  본문 열기: [대구경상] [경남진주] 8월 15일 신안동 학생체육관 18:30~21:30 교류전 팀 구합니다.
  본문을 찾지 못했습니다.
  디버그 저장: /Users/kangsanlee/Documents/농구 서비스/data/debug/콘로우-no-body.html
  본문 열기: [서울] [서대문구남가좌동] 8월16일 일요일 9.30분 ~ 11.30분 교류전 팀 구합니다 (즐농팀)

[2026-08-12T15:55:17.585Z] 자동 카페 수집 시작: default
수집 시작: 동아리 농구 카페
- 목록 열기: https://m.cafe.daum.net/dongarry/Dilr?boardType=
  선택자 "a[href*='/dongarry/']" 링크 0개
  선택자 "a[href*='/_rec/']" 링크 0개
  선택자 "a.link_cafe" 링크 0개
  선택자 "a[href]" 링크 0개
- 글 링크 후보 0개
  디버그 저장: /Users/kangsanlee/Documents/농구 서비스/data/debug/동아리-농구-카페-no-post-links.html
- 키워드 매칭 글 0개
수집 시작: 콘로우
- 목록 열기: https://cafe.naver.com/f-e/cafes/10586238/menus/428
  선택자 "a.article" 링크 0개
  선택자 ".ArticleList a[href*='/ArticleRead.nhn']" 링크 0개
  선택자 "a[href*='articleid=']" 링크 0개
  선택자 "a[href*='/articles/']" 링크 0개
  HTML fallback 링크 30개
- 글 링크 후보 30개
  건너뜀: 🏀 NSB 농심 카페 3X3 37회 챔피언십 농구 대회 in NSB 체육관
  건너뜀: SLAMDUNK EXPEDITION : 농심카페 일본원정 농구캠프 원정대원 모집
  건너뜀: 23스토어 X NSB 농심카페 후기 작성 이벤트
  건너뜀: 리바이티브 EMS 저주파 발 마사지기 S액티브 공동구매 2차
  건너뜀: "100% 바뀐다" NSB X 동농커리 슈팅클래스 6기 선착순 모집! 🏀🔥
  제목 키워드 불일치로 제외: 🏆 1회 NSB 농심 카페 5대5 농구 최강자전 [NO LIMITS]
  제목 키워드 불일치로 제외: NSB 농심 카페 회원 전용 '브랜드 홍보 & 회원 혜택' 게시판 오픈 안내!
  제목 키워드 불일치로 제외: 🏀 NSB 농심카페 전용 체육관, 2026년 새롭게 문을 엽니다!
  건너뜀: NSB 농심 카페에서 동호회 농구팀을 소개하는 유튜브를 시작합니다^^
  건너뜀: NSB 농심 카페 농구 용품 위탁 판매 서비스 시작합니다
  제목 키워드 불일치로 제외: NSB 농심 카페 장터 불량 회원 & 비매너 회원 공유
  제목 키워드 불일치로 제외: NSB 농심 카페 장터에 글을 올리기 전에 꼭 읽어주세요!!
  제목 키워드 불일치로 제외: NSB 농심 카페 활동 시작하면 꼭 읽어주세요!!!
  제목 키워드 불일치로 제외: NSB 농심카페와 함께할 공식 체육관을 찾습니다
  제목 키워드 불일치로 제외: 농심 카페에서 체육관을 직접 짓는다면? 가능은 한 이야기인가?
  본문 열기: [대구경상] [경남진주] 8월 15일 신안동 학생체육관 18:30~21:30 교류전 팀 구합니다.
[2026-08-12T16:14:43.900Z] 수집 시간이 285초를 넘어 종료했습니다.
  본문을 찾지 못했습니다.
page.content: Target page, context or browser has been closed
[2026-08-12T16:14:44.245Z] 자동 카페 수집 종료: 실패 1

[2026-08-12T16:30:48.613Z] 자동 카페 수집 시작: default
수집 시작: 동아리 농구 카페
- 목록 열기: https://m.cafe.daum.net/dongarry/Dilr?boardType=
page.goto: Timeout 15000ms exceeded.
Call log:
[2m  - navigating to "https://m.cafe.daum.net/dongarry/Dilr?boardType=", waiting until "domcontentloaded"[22m

[2026-08-12T16:47:59.337Z] 수집 시간이 285초를 넘어 종료했습니다.
[2026-08-12T16:48:00.394Z] 자동 카페 수집 종료: 실패 1

[2026-08-12T17:03:33.310Z] 자동 카페 수집 시작: default
수집 시작: 동아리 농구 카페
- 목록 열기: https://m.cafe.daum.net/dongarry/Dilr?boardType=
page.goto: Timeout 15000ms exceeded.
Call log:
[2m  - navigating to "https://m.cafe.daum.net/dongarry/Dilr?boardType=", waiting until "domcontentloaded"[22m

[2026-08-12T17:20:18.427Z] 수집 시간이 285초를 넘어 종료했습니다.
[2026-08-12T17:20:19.388Z] 자동 카페 수집 종료: 실패 1

[2026-08-12T17:37:04.301Z] 자동 카페 수집 시작: default
수집 시작: 동아리 농구 카페
- 목록 열기: https://m.cafe.daum.net/dongarry/Dilr?boardType=
page.goto: Timeout 15000ms exceeded.
Call log:
[2m  - navigating to "https://m.cafe.daum.net/dongarry/Dilr?boardType=", waiting until "domcontentloaded"[22m

[2026-08-12T17:53:19.665Z] 수집 시간이 285초를 넘어 종료했습니다.
[2026-08-12T17:53:20.530Z] 자동 카페 수집 종료: 실패 1

[2026-08-12T18:12:21.725Z] 자동 카페 수집 시작: default
수집 시작: 동아리 농구 카페
- 목록 열기: https://m.cafe.daum.net/dongarry/Dilr?boardType=
  선택자 "a[href*='/dongarry/']" 링크 0개
[2026-08-12T18:29:19.506Z] 수집 시간이 285초를 넘어 종료했습니다.
  선택자 "a[href*='/_rec/']" 링크 0개
  선택자 "a.link_cafe" 링크 0개
  선택자 "a[href]" 링크 0개
- 글 링크 후보 0개
page.content: Target page, context or browser has been closed
[2026-08-12T18:29:19.822Z] 자동 카페 수집 종료: 실패 1

[2026-08-12T18:45:50.126Z] 자동 카페 수집 시작: default
수집 시작: 동아리 농구 카페
- 목록 열기: https://m.cafe.daum.net/dongarry/Dilr?boardType=
page.goto: Timeout 15000ms exceeded.
Call log:
[2m  - navigating to "https://m.cafe.daum.net/dongarry/Dilr?boardType=", waiting until "domcontentloaded"[22m

[2026-08-12T19:03:29.551Z] 수집 시간이 285초를 넘어 종료했습니다.
[2026-08-12T19:03:30.588Z] 자동 카페 수집 종료: 실패 1

[2026-08-12T19:18:52.310Z] 자동 카페 수집 시작: default
browserType.launchPersistentContext: Timeout 180000ms exceeded.
Call log:
[2m  - <launching> /Users/kangsanlee/Library/Caches/ms-playwright/chromium_headless_shell-1234/chrome-headless-shell-mac-arm64/chrome-headless-shell --disable-field-trial-config --disable-background-networking --disable-background-timer-throttling --disable-backgrounding-occluded-windows --disable-back-forward-cache --disable-breakpad --disable-client-side-phishing-detection --disable-component-extensions-with-background-pages --disable-component-update --no-default-browser-check --disable-default-apps --disable-dev-shm-usage --disable-edgeupdater --disable-extensions --disable-features=AvoidUnnecessaryBeforeUnloadCheckSync,BoundaryEventDispatchTracksNodeRemoval,DestroyProfileOnBrowserClose,DialMediaRouteProvider,GlobalMediaControls,HttpsUpgrades,LensOverlay,MediaRouter,PaintHolding,ThirdPartyStoragePartitioning,BlockOriginHeaderModificationOnRedirect,Translate,AutoDeElevate,OptimizationHints,msForceBrowserSignIn,msEdgeUpdateLaunchServicesPreferredVersion --enable-features=CDPScreenshotNewSurface --allow-pre-commit-input --disable-hang-monitor --disable-ipc-flooding-protection --disable-popup-blocking --disable-prompt-on-repost --disable-renderer-backgrounding --disable-updater-scheduler --force-color-profile=srgb --metrics-recording-only --no-first-run --password-store=basic --use-mock-keychain --no-service-autorun --export-tagged-pdf --disable-search-engine-choice-screen --unsafely-disable-devtools-self-xss-warnings --edge-skip-compat-layer-relaunch --disable-infobars --disable-search-engine-choice-screen --disable-sync --enable-unsafe-swiftshader --headless --hide-scrollbars --mute-audio --blink-settings=primaryHoverType=2,availableHoverTypes=2,primaryPointerType=4,availablePointerTypes=4 --no-sandbox --user-data-dir=/Users/kangsanlee/Documents/농구 서비스/.browser-session --remote-debugging-pipe about:blank[22m
[2m  - <launched> pid=62084[22m

[2026-08-12T19:35:50.829Z] 수집 시간이 285초를 넘어 종료했습니다.
[2026-08-12T19:35:50.979Z] 자동 카페 수집 종료: 실패 1

[2026-08-12T19:53:48.662Z] 자동 카페 수집 시작: default
수집 시작: 동아리 농구 카페
- 목록 열기: https://m.cafe.daum.net/dongarry/Dilr?boardType=
page.goto: Timeout 15000ms exceeded.
Call log:
[2m  - navigating to "https://m.cafe.daum.net/dongarry/Dilr?boardType=", waiting until "domcontentloaded"[22m

[2026-08-12T20:11:24.045Z] 수집 시간이 285초를 넘어 종료했습니다.
[2026-08-12T20:11:24.184Z] 자동 카페 수집 종료: 실패 1

[2026-08-12T20:27:55.758Z] 자동 카페 수집 시작: default
수집 시작: 동아리 농구 카페
- 목록 열기: https://m.cafe.daum.net/dongarry/Dilr?boardType=
page.goto: Timeout 15000ms exceeded.
Call log:
[2m  - navigating to "https://m.cafe.daum.net/dongarry/Dilr?boardType=", waiting until "domcontentloaded"[22m

[2026-08-12T20:43:01.960Z] 수집 시간이 285초를 넘어 종료했습니다.
[2026-08-12T20:43:03.017Z] 자동 카페 수집 종료: 실패 1

[2026-08-12T20:58:27.738Z] 자동 카페 수집 시작: default
수집 시작: 동아리 농구 카페
- 목록 열기: https://m.cafe.daum.net/dongarry/Dilr?boardType=
page.goto: Timeout 15000ms exceeded.
Call log:
[2m  - navigating to "https://m.cafe.daum.net/dongarry/Dilr?boardType=", waiting until "domcontentloaded"[22m

[2026-08-12T21:15:30.122Z] 수집 시간이 285초를 넘어 종료했습니다.
[2026-08-12T21:15:31.164Z] 자동 카페 수집 종료: 실패 1

[2026-08-12T21:32:54.776Z] 자동 카페 수집 시작: default
수집 시작: 동아리 농구 카페
- 목록 열기: https://m.cafe.daum.net/dongarry/Dilr?boardType=
[2026-08-12T21:48:39.543Z] 수집 시간이 285초를 넘어 종료했습니다.
page.goto: Timeout 15000ms exceeded.
Call log:
[2m  - navigating to "https://m.cafe.daum.net/dongarry/Dilr?boardType=", waiting until "domcontentloaded"[22m

[2026-08-12T21:48:40.680Z] 자동 카페 수집 종료: 실패 1

[2026-08-12T21:55:32.186Z] 자동 카페 수집 시작: default
수집 시작: 동아리 농구 카페
- 목록 열기: https://m.cafe.daum.net/dongarry/Dilr?boardType=
[2026-08-12T22:11:02.192Z] 수집 시간이 285초를 넘어 종료했습니다.
page.waitForTimeout: Target page, context or browser has been closed
[2026-08-12T22:11:02.686Z] 자동 카페 수집 종료: 실패 1

[2026-08-12T22:29:01.410Z] 자동 카페 수집 시작: default
수집 시작: 동아리 농구 카페
- 목록 열기: https://m.cafe.daum.net/dongarry/Dilr?boardType=
page.goto: Timeout 15000ms exceeded.
Call log:
[2m  - navigating to "https://m.cafe.daum.net/dongarry/Dilr?boardType=", waiting until "domcontentloaded"[22m

[2026-08-12T22:44:17.682Z] 수집 시간이 285초를 넘어 종료했습니다.
[2026-08-12T22:44:18.674Z] 자동 카페 수집 종료: 실패 1

[2026-08-12T22:59:55.419Z] 자동 카페 수집 시작: default
수집 시작: 동아리 농구 카페
- 목록 열기: https://m.cafe.daum.net/dongarry/Dilr?boardType=
page.goto: Timeout 15000ms exceeded.
Call log:
[2m  - navigating to "https://m.cafe.daum.net/dongarry/Dilr?boardType=", waiting until "domcontentloaded"[22m

[2026-08-12T23:15:03.845Z] 수집 시간이 285초를 넘어 종료했습니다.
[2026-08-12T23:15:04.896Z] 자동 카페 수집 종료: 실패 1

[2026-08-12T23:32:42.582Z] 자동 카페 수집 시작: default
수집 시작: 동아리 농구 카페
- 목록 열기: https://m.cafe.daum.net/dongarry/Dilr?boardType=
page.goto: Timeout 15000ms exceeded.
Call log:
[2m  - navigating to "https://m.cafe.daum.net/dongarry/Dilr?boardType=", waiting until "domcontentloaded"[22m

[2026-08-12T23:41:19.658Z] 수집 시간이 285초를 넘어 종료했습니다.
[2026-08-12T23:41:20.659Z] 자동 카페 수집 종료: 실패 1

[2026-08-12T23:56:00.230Z] 자동 카페 수집 시작: default
수집 시작: 동아리 농구 카페
- 목록 열기: https://m.cafe.daum.net/dongarry/Dilr?boardType=
[2026-08-13T00:09:17.802Z] 수집 시간이 285초를 넘어 종료했습니다.
page.waitForTimeout: Target page, context or browser has been closed
[2026-08-13T00:09:17.861Z] 자동 카페 수집 종료: 실패 1

[2026-08-13T00:26:51.633Z] 자동 카페 수집 시작: default
수집 시작: 동아리 농구 카페
- 목록 열기: https://m.cafe.daum.net/dongarry/Dilr?boardType=
page.goto: Timeout 15000ms exceeded.
Call log:
[2m  - navigating to "https://m.cafe.daum.net/dongarry/Dilr?boardType=", waiting until "domcontentloaded"[22m

[2026-08-13T00:33:07.594Z] 수집 시간이 285초를 넘어 종료했습니다.
[2026-08-13T00:33:08.518Z] 자동 카페 수집 종료: 실패 1

[2026-08-13T00:38:08.512Z] 자동 카페 수집 시작: default
수집 시작: 동아리 농구 카페
- 목록 열기: https://m.cafe.daum.net/dongarry/Dilr?boardType=
  선택자 "a[href*='/dongarry/']" 링크 0개
  선택자 "a[href*='/_rec/']" 링크 0개
  선택자 "a.link_cafe" 링크 0개
  선택자 "a[href]" 링크 0개
- 글 링크 후보 0개
  디버그 저장: /Users/kangsanlee/Documents/농구 서비스/data/debug/동아리-농구-카페-no-post-links.html
- 키워드 매칭 글 0개
수집 시작: 콘로우
- 목록 열기: https://cafe.naver.com/f-e/cafes/10586238/menus/428
  선택자 "a.article" 링크 0개
  선택자 ".ArticleList a[href*='/ArticleRead.nhn']" 링크 0개
  선택자 "a[href*='articleid=']" 링크 0개
  선택자 "a[href*='/articles/']" 링크 0개
  HTML fallback 링크 30개
- 글 링크 후보 30개
  건너뜀: 🏀 NSB 농심 카페 3X3 37회 챔피언십 농구 대회 in NSB 체육관
  건너뜀: SLAMDUNK EXPEDITION : 농심카페 일본원정 농구캠프 원정대원 모집
  건너뜀: 23스토어 X NSB 농심카페 후기 작성 이벤트
  건너뜀: 리바이티브 EMS 저주파 발 마사지기 S액티브 공동구매 2차
  건너뜀: "100% 바뀐다" NSB X 동농커리 슈팅클래스 6기 선착순 모집! 🏀🔥
  제목 키워드 불일치로 제외: 🏆 1회 NSB 농심 카페 5대5 농구 최강자전 [NO LIMITS]
  제목 키워드 불일치로 제외: NSB 농심 카페 회원 전용 '브랜드 홍보 & 회원 혜택' 게시판 오픈 안내!
  제목 키워드 불일치로 제외: 🏀 NSB 농심카페 전용 체육관, 2026년 새롭게 문을 엽니다!
  건너뜀: NSB 농심 카페에서 동호회 농구팀을 소개하는 유튜브를 시작합니다^^
  건너뜀: NSB 농심 카페 농구 용품 위탁 판매 서비스 시작합니다
  제목 키워드 불일치로 제외: NSB 농심 카페 장터 불량 회원 & 비매너 회원 공유
  제목 키워드 불일치로 제외: NSB 농심 카페 장터에 글을 올리기 전에 꼭 읽어주세요!!
  제목 키워드 불일치로 제외: NSB 농심 카페 활동 시작하면 꼭 읽어주세요!!!
  제목 키워드 불일치로 제외: NSB 농심카페와 함께할 공식 체육관을 찾습니다
  제목 키워드 불일치로 제외: 농심 카페에서 체육관을 직접 짓는다면? 가능은 한 이야기인가?
  본문 열기: [인천경기] [시흥](마감입니다)8월 15일(토) 10시~12시 슈팅비에서 교류전 초청합니다
  본문을 찾지 못했습니다.
  디버그 저장: /Users/kangsanlee/Documents/농구 서비스/data/debug/콘로우-no-body.html
  본문 열기: [대구경상] [경남진주] 8월 15일 신안동 학생체육관 18:30~21:30 교류전 팀 구합니다.
[2026-08-13T00:42:53.523Z] 수집 시간이 285초를 넘어 종료했습니다.
  본문을 찾지 못했습니다.
page.content: Target page, context or browser has been closed
[2026-08-13T00:42:54.009Z] 자동 카페 수집 종료: 실패 1

[2026-08-13T00:45:37.970Z] 자동 카페 수집 시작: default
로그인 세션 브라우저가 이미 열려 있어 자동 수집을 건너뜁니다.
자동 수집은 기존 창을 건드리지 않고 다음 주기에 다시 시도합니다.
잠금 정보: SingletonLock 있음
[2026-08-13T00:45:38.292Z] 자동 카페 수집 종료: 실패 1

[2026-08-13T00:48:22.220Z] 자동 카페 수집 시작: default
로그인 세션 브라우저가 이미 열려 있어 자동 수집을 건너뜁니다.
자동 수집은 기존 창을 건드리지 않고 다음 주기에 다시 시도합니다.
잠금 정보: SingletonLock 있음
[2026-08-13T00:48:22.536Z] 자동 카페 수집 종료: 성공

[2026-08-13T00:53:22.250Z] 자동 카페 수집 시작: default
로그인 세션 브라우저가 이미 열려 있어 자동 수집을 건너뜁니다.
자동 수집은 기존 창을 건드리지 않고 다음 주기에 다시 시도합니다.
잠금 정보: SingletonLock 있음
[2026-08-13T00:53:22.738Z] 자동 카페 수집 종료: 성공

[2026-08-13T00:58:22.730Z] 자동 카페 수집 시작: default
수집 시작: 동아리 농구 카페
- 목록 열기: https://m.cafe.daum.net/dongarry/Dilr?boardType=
  선택자 "a[href*='/dongarry/']" 링크 0개
  선택자 "a[href*='/_rec/']" 링크 0개
  선택자 "a.link_cafe" 링크 0개
  선택자 "a[href]" 링크 0개
- 글 링크 후보 0개
  디버그 저장: /Users/kangsanlee/Documents/농구 서비스/data/debug/동아리-농구-카페-no-post-links.html
- 키워드 매칭 글 0개
수집 시작: 콘로우
- 목록 열기: https://cafe.naver.com/f-e/cafes/10586238/menus/428
  선택자 "a.article" 링크 0개
  선택자 ".ArticleList a[href*='/ArticleRead.nhn']" 링크 0개
  선택자 "a[href*='articleid=']" 링크 0개
  선택자 "a[href*='/articles/']" 링크 0개
  HTML fallback 링크 30개
- 글 링크 후보 30개
  건너뜀: 🏀 NSB 농심 카페 3X3 37회 챔피언십 농구 대회 in NSB 체육관
  건너뜀: SLAMDUNK EXPEDITION : 농심카페 일본원정 농구캠프 원정대원 모집
  건너뜀: 23스토어 X NSB 농심카페 후기 작성 이벤트
  건너뜀: 리바이티브 EMS 저주파 발 마사지기 S액티브 공동구매 2차
  건너뜀: "100% 바뀐다" NSB X 동농커리 슈팅클래스 6기 선착순 모집! 🏀🔥
  제목 키워드 불일치로 제외: 🏆 1회 NSB 농심 카페 5대5 농구 최강자전 [NO LIMITS]
  제목 키워드 불일치로 제외: NSB 농심 카페 회원 전용 '브랜드 홍보 & 회원 혜택' 게시판 오픈 안내!
  제목 키워드 불일치로 제외: 🏀 NSB 농심카페 전용 체육관, 2026년 새롭게 문을 엽니다!
  건너뜀: NSB 농심 카페에서 동호회 농구팀을 소개하는 유튜브를 시작합니다^^
  건너뜀: NSB 농심 카페 농구 용품 위탁 판매 서비스 시작합니다
  제목 키워드 불일치로 제외: NSB 농심 카페 장터 불량 회원 & 비매너 회원 공유
  제목 키워드 불일치로 제외: NSB 농심 카페 장터에 글을 올리기 전에 꼭 읽어주세요!!
  제목 키워드 불일치로 제외: NSB 농심 카페 활동 시작하면 꼭 읽어주세요!!!
  제목 키워드 불일치로 제외: NSB 농심카페와 함께할 공식 체육관을 찾습니다
  제목 키워드 불일치로 제외: 농심 카페에서 체육관을 직접 짓는다면? 가능은 한 이야기인가?
  본문 열기: [인천경기] [시흥](마감입니다)8월 15일(토) 10시~12시 슈팅비에서 교류전 초청합니다
  본문을 찾지 못했습니다.
  디버그 저장: /Users/kangsanlee/Documents/농구 서비스/data/debug/콘로우-no-body.html
  본문 열기: [대구경상] [경남진주] 8월 15일 신안동 학생체육관 18:30~21:30 교류전 팀 구합니다.
  본문을 찾지 못했습니다.
  디버그 저장: /Users/kangsanlee/Documents/농구 서비스/data/debug/콘로우-no-body.html
  본문 열기: [서울] [서대문구남가좌동] 8월16일 일요일 9.30분 ~ 11.30분 교류전 팀 구합니다 (즐농팀)
  본문을 찾지 못했습니다.
  디버그 저장: /Users/kangsanlee/Documents/농구 서비스/data/debug/콘로우-no-body.html
  본문 열기: [인천경기] 토요일 8/15 오전 8시 ~ 10시30분 체육관 양도
  본문을 찾지 못했습니다.
  디버그 저장: /Users/kangsanlee/Documents/농구 서비스/data/debug/콘로우-no-body.html
  본문 열기: [서울] [은평/고양] 8월 16일 일요일 오전 9:20~12:00 좀비스 교류전 초청
  본문을 찾지 못했습니다.
  디버그 저장: /Users/kangsanlee/Documents/농구 서비스/data/debug/콘로우-no-body.html
  본문 열기: [서울] [서울] [노원, 도봉, 강북] 8.13목 19:30~21:30 교류전팀 구합니다.
  본문을 찾지 못했습니다.
  디버그 저장: /Users/kangsanlee/Documents/농구 서비스/data/debug/콘로우-no-body.html
  본문 열기: [서울] (완료) 8/12(수) 8~10 친선전 초청드립니다
  본문을 찾지 못했습니다.
  디버그 저장: /Users/kangsanlee/Documents/농구 서비스/data/debug/콘로우-no-body.html
  본문 열기: [인천경기] [부평] 토요일(15일) 오전 8시 ~ 10시 30분 체육관 양도
  본문을 찾지 못했습니다.
  디버그 저장: /Users/kangsanlee/Documents/농구 서비스/data/debug/콘로우-no-body.html
  본문 열기: [인천경기] 인천 청소년 수련관에서 고등부 교류전
  본문을 찾지 못했습니다.
  디버그 저장: /Users/kangsanlee/Documents/농구 서비스/data/debug/콘로우-no-body.html
  본문 열기: [서울] [동대문구] 8월 15일 토요일 22:00-01:00 Rebels 에서 교류전 초청합니다.
  본문을 찾지 못했습니다.
  디버그 저장: /Users/kangsanlee/Documents/농구 서비스/data/debug/콘로우-no-body.html
  본문 열기: [인천경기] [고양시]도내동 8월15일 토요일 오전8시 ~11시 교류전팀 모십니다
  본문을 찾지 못했습니다.
  디버그 저장: /Users/kangsanlee/Documents/농구 서비스/data/debug/콘로우-no-body.html
  본문 열기: [부산울산] [[부산 강서구]] 8월 16일 일요일 0900 - 1200 부산 강서구 명호고 교류전 하실 팀 구합니다.
  본문을 찾지 못했습니다.
  디버그 저장: /Users/kangsanlee/Documents/농구 서비스/data/debug/콘로우-no-body.html
  본문 열기: [부산울산] [부산진구 양정동] 8월 16일 일요일 14시~1７시 양정고등학교 교류전 모집합니다 (샤워 가능)
  본문을 찾지 못했습니다.
  디버그 저장: /Users/kangsanlee/Documents/농구 서비스/data/debug/콘로우-no-body.html
  본문 열기: [부산울산] 8월 16일 일요일 아침 10시~13시 교류전 팀 구합니다
  본문을 찾지 못했습니다.
  디버그 저장: /Users/kangsanlee/Documents/농구 서비스/data/debug/콘로우-no-body.html
  본문 열기: [인천경기] [수원 장안구 하광교동]8.11 화요일 수원보훈재활체육센터 오후 9시 ~11시 교류전 팀구합니다.
  본문을 찾지 못했습니다.
  디버그 저장: /Users/kangsanlee/Documents/농구 서비스/data/debug/콘로우-no-body.html
- 키워드 매칭 글 15개
  저장 후보: 2026-08-15 10:00 [인천경기] [시흥](마감입니다)8월 15일(토) 10시~12시 슈팅비에서 교류전 초청합니다
  저장 후보: 2026-08-15 18:30 [대구경상] [경남진주] 8월 15일 신안동 학생체육관 18:30~21:30 교류전 팀 구합니다.
  저장 후보: 2026-08-16 09:30 [서울] [서대문구남가좌동] 8월16일 일요일 9.30분 ~ 11.30분 교류전 팀 구합니다 (즐농팀)
  저장 후보: 2026-08-15 08:00 [인천경기] 토요일 8/15 오전 8시 ~ 10시30분 체육관 양도
  저장 후보: 2026-08-16 09:20 [서울] [은평/고양] 8월 16일 일요일 오전 9:20~12:00 좀비스 교류전 초청
  저장 후보: 2026-08-13 19:30 [서울] [서울] [노원, 도봉, 강북] 8.13목 19:30~21:30 교류전팀 구합니다.
  저장 후보: 2026-08-12 08:00 [서울] (완료) 8/12(수) 8~10 친선전 초청드립니다
  저장 후보: 2026-08-13 08:00 [인천경기] [부평] 토요일(15일) 오전 8시 ~ 10시 30분 체육관 양도
  저장 후보: 2026-08-13 00:00 [인천경기] 인천 청소년 수련관에서 고등부 교류전
  저장 후보: 2026-08-15 22:00 [서울] [동대문구] 8월 15일 토요일 22:00-01:00 Rebels 에서 교류전 초청합니다.
  저장 후보: 2026-08-15 08:00 [인천경기] [고양시]도내동 8월15일 토요일 오전8시 ~11시 교류전팀 모십니다
  저장 후보: 2026-08-16 09:00 [부산울산] [[부산 강서구]] 8월 16일 일요일 0900 - 1200 부산 강서구 명호고 교류전 하실 팀 구합니다.
  저장 후보: 2026-08-16 14:00 [부산울산] [부산진구 양정동] 8월 16일 일요일 14시~1７시 양정고등학교 교류전 모집합니다 (샤워 가능)
  저장 후보: 2026-08-16 10:00 [부산울산] 8월 16일 일요일 아침 10시~13시 교류전 팀 구합니다
  저장 후보: 2026-08-11 21:00 [인천경기] [수원 장안구 하광교동]8.11 화요일 수원보훈재활체육센터 오후 9시 ~11시 교류전 팀구합니다.
수집 시작: 콘로우
- 목록 열기: https://cafe.naver.com/f-e/cafes/10586238/menus/34
  선택자 "a.article" 링크 0개
  선택자 ".ArticleList a[href*='/ArticleRead.nhn']" 링크 0개
  선택자 "a[href*='articleid=']" 링크 0개
  선택자 "a[href*='/articles/']" 링크 0개
  HTML fallback 링크 30개
- 글 링크 후보 30개
  건너뜀: 🏀 NSB 농심 카페 3X3 37회 챔피언십 농구 대회 in NSB 체육관
  건너뜀: SLAMDUNK EXPEDITION : 농심카페 일본원정 농구캠프 원정대원 모집
  건너뜀: 23스토어 X NSB 농심카페 후기 작성 이벤트
  건너뜀: 리바이티브 EMS 저주파 발 마사지기 S액티브 공동구매 2차
  건너뜀: "100% 바뀐다" NSB X 동농커리 슈팅클래스 6기 선착순 모집! 🏀🔥
  제목 키워드 불일치로 제외: 🏆 1회 NSB 농심 카페 5대5 농구 최강자전 [NO LIMITS]
  제목 키워드 불일치로 제외: NSB 농심 카페 회원 전용 '브랜드 홍보 & 회원 혜택' 게시판 오픈 안내!
  제목 키워드 불일치로 제외: 🏀 NSB 농심카페 전용 체육관, 2026년 새롭게 문을 엽니다!
  건너뜀: NSB 농심 카페에서 동호회 농구팀을 소개하는 유튜브를 시작합니다^^
  건너뜀: NSB 농심 카페 농구 용품 위탁 판매 서비스 시작합니다
  제목 키워드 불일치로 제외: NSB 농심 카페 장터 불량 회원 & 비매너 회원 공유
  제목 키워드 불일치로 제외: NSB 농심 카페 장터에 글을 올리기 전에 꼭 읽어주세요!!
  제목 키워드 불일치로 제외: NSB 농심 카페 활동 시작하면 꼭 읽어주세요!!!
  제목 키워드 불일치로 제외: NSB 농심카페와 함께할 공식 체육관을 찾습니다
  제목 키워드 불일치로 제외: 농심 카페에서 체육관을 직접 짓는다면? 가능은 한 이야기인가?
  본문 열기: [서울모임] [서울모임][중랑구] 중랑,망우 8월13일 (목요일) 19:30~21:30 게스트 모집
  본문을 찾지 못했습니다.
  디버그 저장: /Users/kangsanlee/Documents/농구 서비스/data/debug/콘로우-no-body.html
  본문 열기: [인천모임] [인천 부평구] 8월 14일, 금요일, 21:30 ~ 24:00, 십정동 멤버스키키 즐농 2 or 3파전 게스트 모집
  본문을 찾지 못했습니다.
  디버그 저장: /Users/kangsanlee/Documents/농구 서비스/data/debug/콘로우-no-body.html
  본문 열기: [수원][모집중] 8월 15일 (토) 즐농 5vs5 밤 20시 ~22시 경기도수원월드컵스포츠센터 게스트 모집합니다.
  본문을 찾지 못했습니다.
  디버그 저장: /Users/kangsanlee/Documents/농구 서비스/data/debug/콘로우-no-body.html
  본문 열기: [서울모임] [동작구]8/16(일) 영등포고 15:00 ~ 18:00 즐농게스트 모십니다.
  본문을 찾지 못했습니다.
  디버그 저장: /Users/kangsanlee/Documents/농구 서비스/data/debug/콘로우-no-body.html
  제목 키워드 불일치로 제외: [인천모임] (부평십정)8월13일 목 저녁10:30
  본문 열기: [경기모임] [양주/동두천/의정부] 8월 14일(금). 저녁 8시~10시. 게스트 모집
  본문을 찾지 못했습니다.
  디버그 저장: /Users/kangsanlee/Documents/농구 서비스/data/debug/콘로우-no-body.html
  본문 열기: [경기모임] [시흥] 08월 15일(토) 오전 오전10~12시 게스트 모집 합니다.
  본문을 찾지 못했습니다.
  디버그 저장: /Users/kangsanlee/Documents/농구 서비스/data/debug/콘로우-no-body.html
  본문 열기: [경기모임] [시흥]8월 15일(토) 오전10~12시 게스트 모집 합니다
  본문을 찾지 못했습니다.
  디버그 저장: /Users/kangsanlee/Documents/농구 서비스/data/debug/콘로우-no-body.html
  본문 열기: [경기모임] (안성)8월16일일요일 오전10시~13시 게스트 구합니다.
  본문을 찾지 못했습니다.
  디버그 저장: /Users/kangsanlee/Documents/농구 서비스/data/debug/콘로우-no-body.html
  본문 열기: [경기모임] (무료) 게스트초대 반월초등학교 26.08.13 목 18:30~21:00
  본문을 찾지 못했습니다.
  디버그 저장: /Users/kangsanlee/Documents/농구 서비스/data/debug/콘로우-no-body.html
  본문 열기: [인천모임] (서구 마전동) 08월 13일(목) 21시30분~24시 완전 즐농 게스트 모집 합니다~~
  본문을 찾지 못했습니다.
  디버그 저장: /Users/kangsanlee/Documents/농구 서비스/data/debug/콘로우-no-body.html
  본문 열기: [서울모임] [동작구]08/15(토) 12:00~15:00 팀 RIM 에서 초청합니다
  본문을 찾지 못했습니다.
  디버그 저장: /Users/kangsanlee/Documents/농구 서비스/data/debug/콘로우-no-body.html
  본문 열기: [경기모임] [광명/구로/금천] 13일 목요일 오후 6시부터 9시까지 게스트 구해요 (즐농모임)(7시 경기시작)
  본문을 찾지 못했습니다.
  디버그 저장: /Users/kangsanlee/Documents/농구 서비스/data/debug/콘로우-no-body.html
  본문 열기: [경기모임][화성/향남] 8월16일 일요일 13:00-17:00 게스트 구합니다!!!!
  본문을 찾지 못했습니다.
  디버그 저장: /Users/kangsanlee/Documents/농구 서비스/data/debug/콘로우-no-body.html
  본문 열기: [서울모임] [성북/중랑/동대문/도봉/노원] [Team TURN OVER] 08/16 일요일 12:00~15:00게스트 모십니다.
  본문을 찾지 못했습니다.
  디버그 저장: /Users/kangsanlee/Documents/농구 서비스/data/debug/콘로우-no-body.html
- 키워드 매칭 글 14개
  저장 후보: 2026-08-13 19:30 [서울모임] [서울모임][중랑구] 중랑,망우 8월13일 (목요일) 19:30~21:30 게스트 모집
  저장 후보: 2026-08-14 21:30 [인천모임] [인천 부평구] 8월 14일, 금요일, 21:30 ~ 24:00, 십정동 멤버스키키 즐농 2 or 3파전 게스트 모집
  저장 후보: 2026-08-15 20:00 [수원][모집중] 8월 15일 (토) 즐농 5vs5 밤 20시 ~22시 경기도수원월드컵스포츠센터 게스트 모집합니다.
  저장 후보: 2026-08-16 15:00 [서울모임] [동작구]8/16(일) 영등포고 15:00 ~ 18:00 즐농게스트 모십니다.
  저장 후보: 2026-08-14 20:00 [경기모임] [양주/동두천/의정부] 8월 14일(금). 저녁 8시~10시. 게스트 모집
  저장 후보: 2026-08-15 10:00 [경기모임] [시흥] 08월 15일(토) 오전 오전10~12시 게스트 모집 합니다.
  저장 후보: 2026-08-15 10:00 [경기모임] [시흥]8월 15일(토) 오전10~12시 게스트 모집 합니다
  저장 후보: 2026-08-16 10:00 [경기모임] (안성)8월16일일요일 오전10시~13시 게스트 구합니다.
  저장 후보: 2026-08-13 18:30 [경기모임] (무료) 게스트초대 반월초등학교 26.08.13 목 18:30~21:00
  저장 후보: 2026-08-13 21:30 [인천모임] (서구 마전동) 08월 13일(목) 21시30분~24시 완전 즐농 게스트 모집 합니다~~
  저장 후보: 2026-08-15 12:00 [서울모임] [동작구]08/15(토) 12:00~15:00 팀 RIM 에서 초청합니다
  저장 후보: 2026-08-13 00:00 [경기모임] [광명/구로/금천] 13일 목요일 오후 6시부터 9시까지 게스트 구해요 (즐농모임)(7시 경기시작)
  저장 후보: 2026-08-16 13:00 [경기모임][화성/향남] 8월16일 일요일 13:00-17:00 게스트 구합니다!!!!
  저장 후보: 2026-08-16 12:00 [서울모임] [성북/중랑/동대문/도봉/노원] [Team TURN OVER] 08/16 일요일 12:00~15:00게스트 모십니다.
29개 글을 읽고 29개 일정으로 저장했습니다.
[2026-08-13T00:59:53.621Z] 자동 카페 수집 종료: 성공

[2026-08-13T01:28:00.742Z] 자동 카페 수집 시작: default
저장된 로그인 쿠키 9개를 불러왔습니다.
수집 시작: 동아리 농구 카페
- 목록 열기: https://m.cafe.daum.net/dongarry/Dilr?boardType=
  선택자 "a[href*='/dongarry/']" 링크 0개
  선택자 "a[href*='/_rec/']" 링크 0개
  선택자 "a.link_cafe" 링크 0개
  선택자 "a[href]" 링크 0개
- 글 링크 후보 0개
  디버그 저장: /Users/kangsanlee/Documents/농구 서비스/data/debug/동아리-농구-카페-no-post-links.html
- 키워드 매칭 글 0개
수집 시작: 콘로우
- 목록 열기: https://cafe.naver.com/f-e/cafes/10586238/menus/428
  선택자 "a.article" 링크 0개
  선택자 ".ArticleList a[href*='/ArticleRead.nhn']" 링크 0개
  선택자 "a[href*='articleid=']" 링크 0개
  선택자 "a[href*='/articles/']" 링크 0개
  HTML fallback 링크 30개
- 글 링크 후보 30개
  건너뜀: 🏀 NSB 농심 카페 3X3 37회 챔피언십 농구 대회 in NSB 체육관
  건너뜀: SLAMDUNK EXPEDITION : 농심카페 일본원정 농구캠프 원정대원 모집
  건너뜀: 23스토어 X NSB 농심카페 후기 작성 이벤트
  건너뜀: 리바이티브 EMS 저주파 발 마사지기 S액티브 공동구매 2차
  건너뜀: "100% 바뀐다" NSB X 동농커리 슈팅클래스 6기 선착순 모집! 🏀🔥
  제목 키워드 불일치로 제외: 🏆 1회 NSB 농심 카페 5대5 농구 최강자전 [NO LIMITS]
  제목 키워드 불일치로 제외: NSB 농심 카페 회원 전용 '브랜드 홍보 & 회원 혜택' 게시판 오픈 안내!
  제목 키워드 불일치로 제외: 🏀 NSB 농심카페 전용 체육관, 2026년 새롭게 문을 엽니다!
  건너뜀: NSB 농심 카페에서 동호회 농구팀을 소개하는 유튜브를 시작합니다^^
  건너뜀: NSB 농심 카페 농구 용품 위탁 판매 서비스 시작합니다
  제목 키워드 불일치로 제외: NSB 농심 카페 장터 불량 회원 & 비매너 회원 공유
  제목 키워드 불일치로 제외: NSB 농심 카페 장터에 글을 올리기 전에 꼭 읽어주세요!!
  제목 키워드 불일치로 제외: NSB 농심 카페 활동 시작하면 꼭 읽어주세요!!!
  제목 키워드 불일치로 제외: NSB 농심카페와 함께할 공식 체육관을 찾습니다
  제목 키워드 불일치로 제외: 농심 카페에서 체육관을 직접 짓는다면? 가능은 한 이야기인가?
  본문 열기: [인천경기] [시흥](마감입니다)8월 15일(토) 10시~12시 슈팅비에서 교류전 초청합니다
  본문 열기: [대구경상] [경남진주] 8월 15일 신안동 학생체육관 18:30~21:30 교류전 팀 구합니다.
  본문 열기: [서울] [서대문구남가좌동] 8월16일 일요일 9.30분 ~ 11.30분 교류전 팀 구합니다 (즐농팀)
  본문 열기: [인천경기] 토요일 8/15 오전 8시 ~ 10시30분 체육관 양도
  본문 열기: [서울] [은평/고양] 8월 16일 일요일 오전 9:20~12:00 좀비스 교류전 초청
  본문 열기: [서울] [서울] [노원, 도봉, 강북] 8.13목 19:30~21:30 교류전팀 구합니다.
  본문 열기: [서울] (완료) 8/12(수) 8~10 친선전 초청드립니다
  본문 열기: [인천경기] [부평] 토요일(15일) 오전 8시 ~ 10시 30분 체육관 양도
  본문 열기: [인천경기] 인천 청소년 수련관에서 고등부 교류전
  본문 열기: [서울] [동대문구] 8월 15일 토요일 22:00-01:00 Rebels 에서 교류전 초청합니다.
  본문 열기: [인천경기] [고양시]도내동 8월15일 토요일 오전8시 ~11시 교류전팀 모십니다
  본문 열기: [부산울산] [[부산 강서구]] 8월 16일 일요일 0900 - 1200 부산 강서구 명호고 교류전 하실 팀 구합니다.
  본문 열기: [부산울산] [부산진구 양정동] 8월 16일 일요일 14시~1７시 양정고등학교 교류전 모집합니다 (샤워 가능)
  본문 열기: [부산울산] 8월 16일 일요일 아침 10시~13시 교류전 팀 구합니다
  본문 열기: [인천경기] [수원 장안구 하광교동]8.11 화요일 수원보훈재활체육센터 오후 9시 ~11시 교류전 팀구합니다.
- 키워드 매칭 글 15개
  저장 후보: 2026-08-15 10:00 [인천경기] [시흥](마감입니다)8월 15일(토) 10시~12시 슈팅비에서 교류전 초청합니다
  저장 후보: 2026-08-15 18:30 [대구경상] [경남진주] 8월 15일 신안동 학생체육관 18:30~21:30 교류전 팀 구합니다.
  저장 후보: 2026-08-16 09:30 [서울] [서대문구남가좌동] 8월16일 일요일 9.30분 ~ 11.30분 교류전 팀 구합니다 (즐농팀)
  저장 후보: 2026-08-15 08:00 [인천경기] 토요일 8/15 오전 8시 ~ 10시30분 체육관 양도
  저장 후보: 2026-08-16 09:20 [서울] [은평/고양] 8월 16일 일요일 오전 9:20~12:00 좀비스 교류전 초청
  저장 후보: 2026-08-13 19:30 [서울] [서울] [노원, 도봉, 강북] 8.13목 19:30~21:30 교류전팀 구합니다.
  저장 후보: 2026-08-12 08:00 [서울] (완료) 8/12(수) 8~10 친선전 초청드립니다
  저장 후보: 2026-08-11 08:00 [인천경기] [부평] 토요일(15일) 오전 8시 ~ 10시 30분 체육관 양도
  저장 후보: 2026-08-11 13:00 [인천경기] 인천 청소년 수련관에서 고등부 교류전
  저장 후보: 2026-08-15 22:00 [서울] [동대문구] 8월 15일 토요일 22:00-01:00 Rebels 에서 교류전 초청합니다.
  저장 후보: 2026-08-15 08:00 [인천경기] [고양시]도내동 8월15일 토요일 오전8시 ~11시 교류전팀 모십니다
  저장 후보: 2026-08-16 09:00 [부산울산] [[부산 강서구]] 8월 16일 일요일 0900 - 1200 부산 강서구 명호고 교류전 하실 팀 구합니다.
  저장 후보: 2026-08-16 14:00 [부산울산] [부산진구 양정동] 8월 16일 일요일 14시~1７시 양정고등학교 교류전 모집합니다 (샤워 가능)
  저장 후보: 2026-08-16 10:00 [부산울산] 8월 16일 일요일 아침 10시~13시 교류전 팀 구합니다
  저장 후보: 2026-08-11 21:00 [인천경기] [수원 장안구 하광교동]8.11 화요일 수원보훈재활체육센터 오후 9시 ~11시 교류전 팀구합니다.
수집 시작: 콘로우
- 목록 열기: https://cafe.naver.com/f-e/cafes/10586238/menus/34
  선택자 "a.article" 링크 0개
  선택자 ".ArticleList a[href*='/ArticleRead.nhn']" 링크 0개
  선택자 "a[href*='articleid=']" 링크 0개
  선택자 "a[href*='/articles/']" 링크 0개
  HTML fallback 링크 30개
- 글 링크 후보 30개
  건너뜀: 🏀 NSB 농심 카페 3X3 37회 챔피언십 농구 대회 in NSB 체육관
  건너뜀: SLAMDUNK EXPEDITION : 농심카페 일본원정 농구캠프 원정대원 모집
  건너뜀: 23스토어 X NSB 농심카페 후기 작성 이벤트
  건너뜀: 리바이티브 EMS 저주파 발 마사지기 S액티브 공동구매 2차
  건너뜀: "100% 바뀐다" NSB X 동농커리 슈팅클래스 6기 선착순 모집! 🏀🔥
  제목 키워드 불일치로 제외: 🏆 1회 NSB 농심 카페 5대5 농구 최강자전 [NO LIMITS]
  제목 키워드 불일치로 제외: NSB 농심 카페 회원 전용 '브랜드 홍보 & 회원 혜택' 게시판 오픈 안내!
  제목 키워드 불일치로 제외: 🏀 NSB 농심카페 전용 체육관, 2026년 새롭게 문을 엽니다!
  건너뜀: NSB 농심 카페에서 동호회 농구팀을 소개하는 유튜브를 시작합니다^^
  건너뜀: NSB 농심 카페 농구 용품 위탁 판매 서비스 시작합니다
  제목 키워드 불일치로 제외: NSB 농심 카페 장터 불량 회원 & 비매너 회원 공유
  제목 키워드 불일치로 제외: NSB 농심 카페 장터에 글을 올리기 전에 꼭 읽어주세요!!
  제목 키워드 불일치로 제외: NSB 농심 카페 활동 시작하면 꼭 읽어주세요!!!
  제목 키워드 불일치로 제외: NSB 농심카페와 함께할 공식 체육관을 찾습니다
  제목 키워드 불일치로 제외: 농심 카페에서 체육관을 직접 짓는다면? 가능은 한 이야기인가?
  본문 열기: [경기모임] [일산/고양/파주/김포] 15일 토요일 저녁 7-10시 게스트 모집합니다
  본문 열기: [경기모임] [광명/구로/금천] 오늘 목요일 오후 6시부터 9시까지 게스트 구해요 (즐농모임)(7시 경기시작)
  본문 열기: [서울모임] [성북구] 석계역인근 즐농 팀 턴오버에서 8월16일 일요일 12시~15시 게스트 모집합니다.
  본문 열기: [서울모임] [서초/강남/과천] [오늘]8/13(목) 17시~19시 서초종합체육관 게스트 모집합니다
  본문 열기: [경기모임] [경기,구리] 8월 15일 토요일15;00-17;00 게스트 구인 합니다.
  본문 열기: [서울모임] [서울모임][중랑구] 중랑,망우 8월13일 (목요일) 19:30~21:30 게스트 모집
  본문 열기: [인천모임] [인천 부평구] 8월 14일, 금요일, 21:30 ~ 24:00, 십정동 멤버스키키 즐농 2 or 3파전 게스트 모집
  본문 열기: [수원][모집중] 8월 15일 (토) 즐농 5vs5 밤 20시 ~22시 경기도수원월드컵스포츠센터 게스트 모집합니다.
  본문 열기: [서울모임] [동작구]8/16(일) 영등포고 15:00 ~ 18:00 즐농게스트 모십니다.
  제목 키워드 불일치로 제외: [인천모임] (부평십정)8월13일 목 저녁10:30
  본문 열기: [경기모임] [양주/동두천/의정부] 8월 14일(금). 저녁 8시~10시. 게스트 모집
  본문 열기: [경기모임] [시흥] 08월 15일(토) 오전 오전10~12시 게스트 모집 합니다.
  본문 열기: [경기모임] [시흥]8월 15일(토) 오전10~12시 게스트 모집 합니다
  본문 열기: [경기모임] (안성)8월16일일요일 오전10시~13시 게스트 구합니다.
  본문 열기: [경기모임] (무료) 게스트초대 반월초등학교 26.08.13 목 18:30~21:00
- 키워드 매칭 글 14개
  저장 후보: 2026-07-10 19:00 [경기모임] [일산/고양/파주/김포] 15일 토요일 저녁 7-10시 게스트 모집합니다
  저장 후보: 2026-08-13 19:00 [경기모임] [광명/구로/금천] 오늘 목요일 오후 6시부터 9시까지 게스트 구해요 (즐농모임)(7시 경기시작)
  저장 후보: 2026-08-16 12:00 [서울모임] [성북구] 석계역인근 즐농 팀 턴오버에서 8월16일 일요일 12시~15시 게스트 모집합니다.
  저장 후보: 2026-08-13 17:00 [서울모임] [서초/강남/과천] [오늘]8/13(목) 17시~19시 서초종합체육관 게스트 모집합니다
  저장 후보: 2026-08-15 00:00 [경기모임] [경기,구리] 8월 15일 토요일15;00-17;00 게스트 구인 합니다.
  저장 후보: 2026-08-13 19:30 [서울모임] [서울모임][중랑구] 중랑,망우 8월13일 (목요일) 19:30~21:30 게스트 모집
  저장 후보: 2026-08-14 21:30 [인천모임] [인천 부평구] 8월 14일, 금요일, 21:30 ~ 24:00, 십정동 멤버스키키 즐농 2 or 3파전 게스트 모집
  저장 후보: 2026-08-15 20:00 [수원][모집중] 8월 15일 (토) 즐농 5vs5 밤 20시 ~22시 경기도수원월드컵스포츠센터 게스트 모집합니다.
  저장 후보: 2026-08-16 15:00 [서울모임] [동작구]8/16(일) 영등포고 15:00 ~ 18:00 즐농게스트 모십니다.
  저장 후보: 2026-08-14 20:00 [경기모임] [양주/동두천/의정부] 8월 14일(금). 저녁 8시~10시. 게스트 모집
  저장 후보: 2026-08-15 10:00 [경기모임] [시흥] 08월 15일(토) 오전 오전10~12시 게스트 모집 합니다.
  저장 후보: 2026-08-15 10:00 [경기모임] [시흥]8월 15일(토) 오전10~12시 게스트 모집 합니다
  저장 후보: 2026-08-16 10:00 [경기모임] (안성)8월16일일요일 오전10시~13시 게스트 구합니다.
  저장 후보: 2026-08-13 18:30 [경기모임] (무료) 게스트초대 반월초등학교 26.08.13 목 18:30~21:00
로그인 쿠키 9개를 저장했습니다: /Users/kangsanlee/Documents/농구 서비스/data/auth-default-cookies.json
29개 글을 읽고 29개 일정으로 저장했습니다.
[2026-08-13T01:29:31.825Z] 자동 카페 수집 종료: 성공

[2026-08-13T01:33:00.765Z] 자동 카페 수집 시작: default
로그인 세션 브라우저가 이미 열려 있어 자동 수집을 건너뜁니다.
자동 수집은 기존 창을 건드리지 않고 다음 주기에 다시 시도합니다.
잠금 정보: SingletonLock 있음
[2026-08-13T01:33:01.122Z] 자동 카페 수집 종료: 성공

[2026-08-13T01:38:01.110Z] 자동 카페 수집 시작: default
저장된 로그인 쿠키 9개를 불러왔습니다.
수집 시작: 동아리 농구 카페
- 목록 열기: https://m.cafe.daum.net/dongarry/Dilr?boardType=
  선택자 "a[href*='/dongarry/']" 링크 0개
  선택자 "a[href*='/_rec/']" 링크 0개
  선택자 "a.link_cafe" 링크 0개
  선택자 "a[href]" 링크 0개
- 글 링크 후보 0개
  디버그 저장: /Users/kangsanlee/Documents/농구 서비스/data/debug/동아리-농구-카페-no-post-links.html
- 키워드 매칭 글 0개
수집 시작: 콘로우
- 목록 열기: https://cafe.naver.com/f-e/cafes/10586238/menus/428
  선택자 "a.article" 링크 0개
  선택자 ".ArticleList a[href*='/ArticleRead.nhn']" 링크 0개
  선택자 "a[href*='articleid=']" 링크 0개
  선택자 "a[href*='/articles/']" 링크 0개
  HTML fallback 링크 30개
- 글 링크 후보 30개
  건너뜀: 🏀 NSB 농심 카페 3X3 37회 챔피언십 농구 대회 in NSB 체육관
  건너뜀: SLAMDUNK EXPEDITION : 농심카페 일본원정 농구캠프 원정대원 모집
  건너뜀: 23스토어 X NSB 농심카페 후기 작성 이벤트
  건너뜀: 리바이티브 EMS 저주파 발 마사지기 S액티브 공동구매 2차
  건너뜀: "100% 바뀐다" NSB X 동농커리 슈팅클래스 6기 선착순 모집! 🏀🔥
  제목 키워드 불일치로 제외: 🏆 1회 NSB 농심 카페 5대5 농구 최강자전 [NO LIMITS]
  제목 키워드 불일치로 제외: NSB 농심 카페 회원 전용 '브랜드 홍보 & 회원 혜택' 게시판 오픈 안내!
  제목 키워드 불일치로 제외: 🏀 NSB 농심카페 전용 체육관, 2026년 새롭게 문을 엽니다!
  건너뜀: NSB 농심 카페에서 동호회 농구팀을 소개하는 유튜브를 시작합니다^^
  건너뜀: NSB 농심 카페 농구 용품 위탁 판매 서비스 시작합니다
  제목 키워드 불일치로 제외: NSB 농심 카페 장터 불량 회원 & 비매너 회원 공유
  제목 키워드 불일치로 제외: NSB 농심 카페 장터에 글을 올리기 전에 꼭 읽어주세요!!
  제목 키워드 불일치로 제외: NSB 농심 카페 활동 시작하면 꼭 읽어주세요!!!
  제목 키워드 불일치로 제외: NSB 농심카페와 함께할 공식 체육관을 찾습니다
  제목 키워드 불일치로 제외: 농심 카페에서 체육관을 직접 짓는다면? 가능은 한 이야기인가?
  본문 열기: [인천경기] [시흥](마감입니다)8월 15일(토) 10시~12시 슈팅비에서 교류전 초청합니다
  본문 열기: [대구경상] [경남진주] 8월 15일 신안동 학생체육관 18:30~21:30 교류전 팀 구합니다.
  본문 열기: [서울] [서대문구남가좌동] 8월16일 일요일 9.30분 ~ 11.30분 교류전 팀 구합니다 (즐농팀)
  본문 열기: [인천경기] 토요일 8/15 오전 8시 ~ 10시30분 체육관 양도
  본문 열기: [서울] [은평/고양] 8월 16일 일요일 오전 9:20~12:00 좀비스 교류전 초청
  본문 열기: [서울] [서울] [노원, 도봉, 강북] 8.13목 19:30~21:30 교류전팀 구합니다.
  본문 열기: [서울] (완료) 8/12(수) 8~10 친선전 초청드립니다
  본문 열기: [인천경기] [부평] 토요일(15일) 오전 8시 ~ 10시 30분 체육관 양도
  본문 열기: [인천경기] 인천 청소년 수련관에서 고등부 교류전
  본문 열기: [서울] [동대문구] 8월 15일 토요일 22:00-01:00 Rebels 에서 교류전 초청합니다.
  본문 열기: [인천경기] [고양시]도내동 8월15일 토요일 오전8시 ~11시 교류전팀 모십니다
  본문 열기: [부산울산] [[부산 강서구]] 8월 16일 일요일 0900 - 1200 부산 강서구 명호고 교류전 하실 팀 구합니다.
  본문 열기: [부산울산] [부산진구 양정동] 8월 16일 일요일 14시~1７시 양정고등학교 교류전 모집합니다 (샤워 가능)
  본문 열기: [부산울산] 8월 16일 일요일 아침 10시~13시 교류전 팀 구합니다
  본문 열기: [인천경기] [수원 장안구 하광교동]8.11 화요일 수원보훈재활체육센터 오후 9시 ~11시 교류전 팀구합니다.
- 키워드 매칭 글 15개
  저장 후보: 2026-08-15 10:00 [인천경기] [시흥](마감입니다)8월 15일(토) 10시~12시 슈팅비에서 교류전 초청합니다
  저장 후보: 2026-08-15 18:30 [대구경상] [경남진주] 8월 15일 신안동 학생체육관 18:30~21:30 교류전 팀 구합니다.
  저장 후보: 2026-08-16 09:30 [서울] [서대문구남가좌동] 8월16일 일요일 9.30분 ~ 11.30분 교류전 팀 구합니다 (즐농팀)
  저장 후보: 2026-08-15 08:00 [인천경기] 토요일 8/15 오전 8시 ~ 10시30분 체육관 양도
  저장 후보: 2026-08-16 09:20 [서울] [은평/고양] 8월 16일 일요일 오전 9:20~12:00 좀비스 교류전 초청
  저장 후보: 2026-08-13 19:30 [서울] [서울] [노원, 도봉, 강북] 8.13목 19:30~21:30 교류전팀 구합니다.
  저장 후보: 2026-08-12 08:00 [서울] (완료) 8/12(수) 8~10 친선전 초청드립니다
  저장 후보: 2026-08-11 08:00 [인천경기] [부평] 토요일(15일) 오전 8시 ~ 10시 30분 체육관 양도
  저장 후보: 2026-08-11 13:00 [인천경기] 인천 청소년 수련관에서 고등부 교류전
  저장 후보: 2026-08-15 22:00 [서울] [동대문구] 8월 15일 토요일 22:00-01:00 Rebels 에서 교류전 초청합니다.
  저장 후보: 2026-08-15 08:00 [인천경기] [고양시]도내동 8월15일 토요일 오전8시 ~11시 교류전팀 모십니다
  저장 후보: 2026-08-16 09:00 [부산울산] [[부산 강서구]] 8월 16일 일요일 0900 - 1200 부산 강서구 명호고 교류전 하실 팀 구합니다.
  저장 후보: 2026-08-16 14:00 [부산울산] [부산진구 양정동] 8월 16일 일요일 14시~1７시 양정고등학교 교류전 모집합니다 (샤워 가능)
  저장 후보: 2026-08-16 10:00 [부산울산] 8월 16일 일요일 아침 10시~13시 교류전 팀 구합니다
  저장 후보: 2026-08-11 21:00 [인천경기] [수원 장안구 하광교동]8.11 화요일 수원보훈재활체육센터 오후 9시 ~11시 교류전 팀구합니다.
수집 시작: 콘로우
- 목록 열기: https://cafe.naver.com/f-e/cafes/10586238/menus/34
  선택자 "a.article" 링크 0개
  선택자 ".ArticleList a[href*='/ArticleRead.nhn']" 링크 0개
  선택자 "a[href*='articleid=']" 링크 0개
  선택자 "a[href*='/articles/']" 링크 0개
  HTML fallback 링크 30개
- 글 링크 후보 30개
  건너뜀: 🏀 NSB 농심 카페 3X3 37회 챔피언십 농구 대회 in NSB 체육관
  건너뜀: SLAMDUNK EXPEDITION : 농심카페 일본원정 농구캠프 원정대원 모집
  건너뜀: 23스토어 X NSB 농심카페 후기 작성 이벤트
  건너뜀: 리바이티브 EMS 저주파 발 마사지기 S액티브 공동구매 2차
  건너뜀: "100% 바뀐다" NSB X 동농커리 슈팅클래스 6기 선착순 모집! 🏀🔥
  제목 키워드 불일치로 제외: 🏆 1회 NSB 농심 카페 5대5 농구 최강자전 [NO LIMITS]
  제목 키워드 불일치로 제외: NSB 농심 카페 회원 전용 '브랜드 홍보 & 회원 혜택' 게시판 오픈 안내!
  제목 키워드 불일치로 제외: 🏀 NSB 농심카페 전용 체육관, 2026년 새롭게 문을 엽니다!
  건너뜀: NSB 농심 카페에서 동호회 농구팀을 소개하는 유튜브를 시작합니다^^
  건너뜀: NSB 농심 카페 농구 용품 위탁 판매 서비스 시작합니다
  제목 키워드 불일치로 제외: NSB 농심 카페 장터 불량 회원 & 비매너 회원 공유
  제목 키워드 불일치로 제외: NSB 농심 카페 장터에 글을 올리기 전에 꼭 읽어주세요!!
  제목 키워드 불일치로 제외: NSB 농심 카페 활동 시작하면 꼭 읽어주세요!!!
  제목 키워드 불일치로 제외: NSB 농심카페와 함께할 공식 체육관을 찾습니다
  제목 키워드 불일치로 제외: 농심 카페에서 체육관을 직접 짓는다면? 가능은 한 이야기인가?
  본문 열기: [경기모임] [현천동/상암부근] 오늘 스킬존 20-22시 게스트구합니다!
  본문 열기: [경기모임] [일산/고양/파주/김포] 15일 토요일 저녁 7-10시 게스트 모집합니다
  본문 열기: [경기모임] [광명/구로/금천] 오늘 목요일 오후 6시부터 9시까지 게스트 구해요 (즐농모임)(7시 경기시작)
  본문 열기: [서울모임] [성북구] 석계역인근 즐농 팀 턴오버에서 8월16일 일요일 12시~15시 게스트 모집합니다.
  본문 열기: [서울모임] [서초/강남/과천] [오늘]8/13(목) 17시~19시 서초종합체육관 게스트 모집합니다
  본문 열기: [경기모임] [경기,구리] 8월 15일 토요일15;00-17;00 게스트 구인 합니다.
  본문 열기: [서울모임] [서울모임][중랑구] 중랑,망우 8월13일 (목요일) 19:30~21:30 게스트 모집
  본문 열기: [인천모임] [인천 부평구] 8월 14일, 금요일, 21:30 ~ 24:00, 십정동 멤버스키키 즐농 2 or 3파전 게스트 모집
  본문 열기: [수원][모집중] 8월 15일 (토) 즐농 5vs5 밤 20시 ~22시 경기도수원월드컵스포츠센터 게스트 모집합니다.
  본문 열기: [서울모임] [동작구]8/16(일) 영등포고 15:00 ~ 18:00 즐농게스트 모십니다.
  제목 키워드 불일치로 제외: [인천모임] (부평십정)8월13일 목 저녁10:30
  본문 열기: [경기모임] [양주/동두천/의정부] 8월 14일(금). 저녁 8시~10시. 게스트 모집
  본문 열기: [경기모임] [시흥] 08월 15일(토) 오전 오전10~12시 게스트 모집 합니다.
  본문 열기: [경기모임] [시흥]8월 15일(토) 오전10~12시 게스트 모집 합니다
  본문 열기: [경기모임] (안성)8월16일일요일 오전10시~13시 게스트 구합니다.
- 키워드 매칭 글 14개
  저장 후보: 2026-08-13 20:00 [경기모임] [현천동/상암부근] 오늘 스킬존 20-22시 게스트구합니다!
  저장 후보: 2026-07-10 19:00 [경기모임] [일산/고양/파주/김포] 15일 토요일 저녁 7-10시 게스트 모집합니다
  저장 후보: 2026-08-13 20:00 [경기모임] [광명/구로/금천] 오늘 목요일 오후 6시부터 9시까지 게스트 구해요 (즐농모임)(7시 경기시작)
  저장 후보: 2026-08-16 12:00 [서울모임] [성북구] 석계역인근 즐농 팀 턴오버에서 8월16일 일요일 12시~15시 게스트 모집합니다.
  저장 후보: 2026-08-13 17:00 [서울모임] [서초/강남/과천] [오늘]8/13(목) 17시~19시 서초종합체육관 게스트 모집합니다
  저장 후보: 2026-08-15 00:00 [경기모임] [경기,구리] 8월 15일 토요일15;00-17;00 게스트 구인 합니다.
  저장 후보: 2026-08-13 19:30 [서울모임] [서울모임][중랑구] 중랑,망우 8월13일 (목요일) 19:30~21:30 게스트 모집
  저장 후보: 2026-08-14 21:30 [인천모임] [인천 부평구] 8월 14일, 금요일, 21:30 ~ 24:00, 십정동 멤버스키키 즐농 2 or 3파전 게스트 모집
  저장 후보: 2026-08-15 20:00 [수원][모집중] 8월 15일 (토) 즐농 5vs5 밤 20시 ~22시 경기도수원월드컵스포츠센터 게스트 모집합니다.
  저장 후보: 2026-08-16 15:00 [서울모임] [동작구]8/16(일) 영등포고 15:00 ~ 18:00 즐농게스트 모십니다.
  저장 후보: 2026-08-14 20:00 [경기모임] [양주/동두천/의정부] 8월 14일(금). 저녁 8시~10시. 게스트 모집
  저장 후보: 2026-08-15 10:00 [경기모임] [시흥] 08월 15일(토) 오전 오전10~12시 게스트 모집 합니다.
  저장 후보: 2026-08-15 10:00 [경기모임] [시흥]8월 15일(토) 오전10~12시 게스트 모집 합니다
  저장 후보: 2026-08-16 10:00 [경기모임] (안성)8월16일일요일 오전10시~13시 게스트 구합니다.
로그인 쿠키 9개를 저장했습니다: /Users/kangsanlee/Documents/농구 서비스/data/auth-default-cookies.json
29개 글을 읽고 29개 일정으로 저장했습니다.
[2026-08-13T01:39:32.563Z] 자동 카페 수집 종료: 성공

[2026-08-13T01:44:32.551Z] 자동 카페 수집 시작: default
저장된 로그인 쿠키 9개를 불러왔습니다.
수집 시작: 동아리 농구 카페
- 목록 열기: https://m.cafe.daum.net/dongarry/Dilr?boardType=
  선택자 "a[href*='/dongarry/']" 링크 0개
  선택자 "a[href*='/_rec/']" 링크 0개
  선택자 "a.link_cafe" 링크 0개
  선택자 "a[href]" 링크 0개
- 글 링크 후보 0개
  디버그 저장: /Users/kangsanlee/Documents/농구 서비스/data/debug/동아리-농구-카페-no-post-links.html
- 키워드 매칭 글 0개
수집 시작: 콘로우
- 목록 열기: https://cafe.naver.com/f-e/cafes/10586238/menus/428
  선택자 "a.article" 링크 0개
  선택자 ".ArticleList a[href*='/ArticleRead.nhn']" 링크 0개
  선택자 "a[href*='articleid=']" 링크 0개
  선택자 "a[href*='/articles/']" 링크 0개
  HTML fallback 링크 30개
- 글 링크 후보 30개
  건너뜀: 🏀 NSB 농심 카페 3X3 37회 챔피언십 농구 대회 in NSB 체육관
  건너뜀: SLAMDUNK EXPEDITION : 농심카페 일본원정 농구캠프 원정대원 모집
  건너뜀: 23스토어 X NSB 농심카페 후기 작성 이벤트
  건너뜀: 리바이티브 EMS 저주파 발 마사지기 S액티브 공동구매 2차
  건너뜀: "100% 바뀐다" NSB X 동농커리 슈팅클래스 6기 선착순 모집! 🏀🔥
  제목 키워드 불일치로 제외: 🏆 1회 NSB 농심 카페 5대5 농구 최강자전 [NO LIMITS]
  제목 키워드 불일치로 제외: NSB 농심 카페 회원 전용 '브랜드 홍보 & 회원 혜택' 게시판 오픈 안내!
  제목 키워드 불일치로 제외: 🏀 NSB 농심카페 전용 체육관, 2026년 새롭게 문을 엽니다!
  건너뜀: NSB 농심 카페에서 동호회 농구팀을 소개하는 유튜브를 시작합니다^^
  건너뜀: NSB 농심 카페 농구 용품 위탁 판매 서비스 시작합니다
  제목 키워드 불일치로 제외: NSB 농심 카페 장터 불량 회원 & 비매너 회원 공유
  제목 키워드 불일치로 제외: NSB 농심 카페 장터에 글을 올리기 전에 꼭 읽어주세요!!
  제목 키워드 불일치로 제외: NSB 농심 카페 활동 시작하면 꼭 읽어주세요!!!
  제목 키워드 불일치로 제외: NSB 농심카페와 함께할 공식 체육관을 찾습니다
  제목 키워드 불일치로 제외: 농심 카페에서 체육관을 직접 짓는다면? 가능은 한 이야기인가?
  본문 열기: [인천경기] [시흥](마감입니다)8월 15일(토) 10시~12시 슈팅비에서 교류전 초청합니다
  본문 열기: [대구경상] [경남진주] 8월 15일 신안동 학생체육관 18:30~21:30 교류전 팀 구합니다.
  본문 열기: [서울] [서대문구남가좌동] 8월16일 일요일 9.30분 ~ 11.30분 교류전 팀 구합니다 (즐농팀)
  본문 열기: [인천경기] 토요일 8/15 오전 8시 ~ 10시30분 체육관 양도
  본문 열기: [서울] [은평/고양] 8월 16일 일요일 오전 9:20~12:00 좀비스 교류전 초청
  본문 열기: [서울] [서울] [노원, 도봉, 강북] 8.13목 19:30~21:30 교류전팀 구합니다.
  본문 열기: [서울] (완료) 8/12(수) 8~10 친선전 초청드립니다
  본문 열기: [인천경기] [부평] 토요일(15일) 오전 8시 ~ 10시 30분 체육관 양도
  본문 열기: [인천경기] 인천 청소년 수련관에서 고등부 교류전
  본문 열기: [서울] [동대문구] 8월 15일 토요일 22:00-01:00 Rebels 에서 교류전 초청합니다.
  본문 열기: [인천경기] [고양시]도내동 8월15일 토요일 오전8시 ~11시 교류전팀 모십니다
  본문 열기: [부산울산] [[부산 강서구]] 8월 16일 일요일 0900 - 1200 부산 강서구 명호고 교류전 하실 팀 구합니다.
  본문 열기: [부산울산] [부산진구 양정동] 8월 16일 일요일 14시~1７시 양정고등학교 교류전 모집합니다 (샤워 가능)
  본문 열기: [부산울산] 8월 16일 일요일 아침 10시~13시 교류전 팀 구합니다
  본문 열기: [인천경기] [수원 장안구 하광교동]8.11 화요일 수원보훈재활체육센터 오후 9시 ~11시 교류전 팀구합니다.
- 키워드 매칭 글 15개
  저장 후보: 2026-08-15 10:00 [인천경기] [시흥](마감입니다)8월 15일(토) 10시~12시 슈팅비에서 교류전 초청합니다
  저장 후보: 2026-08-15 18:30 [대구경상] [경남진주] 8월 15일 신안동 학생체육관 18:30~21:30 교류전 팀 구합니다.
  저장 후보: 2026-08-16 09:30 [서울] [서대문구남가좌동] 8월16일 일요일 9.30분 ~ 11.30분 교류전 팀 구합니다 (즐농팀)
  저장 후보: 2026-08-15 08:00 [인천경기] 토요일 8/15 오전 8시 ~ 10시30분 체육관 양도
  저장 후보: 2026-08-16 09:20 [서울] [은평/고양] 8월 16일 일요일 오전 9:20~12:00 좀비스 교류전 초청
  저장 후보: 2026-08-13 19:30 [서울] [서울] [노원, 도봉, 강북] 8.13목 19:30~21:30 교류전팀 구합니다.
  저장 후보: 2026-08-12 08:00 [서울] (완료) 8/12(수) 8~10 친선전 초청드립니다
  저장 후보: 2026-08-11 08:00 [인천경기] [부평] 토요일(15일) 오전 8시 ~ 10시 30분 체육관 양도
  저장 후보: 2026-08-11 13:00 [인천경기] 인천 청소년 수련관에서 고등부 교류전
  저장 후보: 2026-08-15 22:00 [서울] [동대문구] 8월 15일 토요일 22:00-01:00 Rebels 에서 교류전 초청합니다.
  저장 후보: 2026-08-15 08:00 [인천경기] [고양시]도내동 8월15일 토요일 오전8시 ~11시 교류전팀 모십니다
  저장 후보: 2026-08-16 09:00 [부산울산] [[부산 강서구]] 8월 16일 일요일 0900 - 1200 부산 강서구 명호고 교류전 하실 팀 구합니다.
  저장 후보: 2026-08-16 14:00 [부산울산] [부산진구 양정동] 8월 16일 일요일 14시~1７시 양정고등학교 교류전 모집합니다 (샤워 가능)
  저장 후보: 2026-08-16 10:00 [부산울산] 8월 16일 일요일 아침 10시~13시 교류전 팀 구합니다
  저장 후보: 2026-08-11 21:00 [인천경기] [수원 장안구 하광교동]8.11 화요일 수원보훈재활체육센터 오후 9시 ~11시 교류전 팀구합니다.
수집 시작: 콘로우
- 목록 열기: https://cafe.naver.com/f-e/cafes/10586238/menus/34
  선택자 "a.article" 링크 0개
  선택자 ".ArticleList a[href*='/ArticleRead.nhn']" 링크 0개
  선택자 "a[href*='articleid=']" 링크 0개
  선택자 "a[href*='/articles/']" 링크 0개
  HTML fallback 링크 30개
- 글 링크 후보 30개
  건너뜀: 🏀 NSB 농심 카페 3X3 37회 챔피언십 농구 대회 in NSB 체육관
  건너뜀: SLAMDUNK EXPEDITION : 농심카페 일본원정 농구캠프 원정대원 모집
  건너뜀: 23스토어 X NSB 농심카페 후기 작성 이벤트
  건너뜀: 리바이티브 EMS 저주파 발 마사지기 S액티브 공동구매 2차
  건너뜀: "100% 바뀐다" NSB X 동농커리 슈팅클래스 6기 선착순 모집! 🏀🔥
  제목 키워드 불일치로 제외: 🏆 1회 NSB 농심 카페 5대5 농구 최강자전 [NO LIMITS]
  제목 키워드 불일치로 제외: NSB 농심 카페 회원 전용 '브랜드 홍보 & 회원 혜택' 게시판 오픈 안내!
  제목 키워드 불일치로 제외: 🏀 NSB 농심카페 전용 체육관, 2026년 새롭게 문을 엽니다!
  건너뜀: NSB 농심 카페에서 동호회 농구팀을 소개하는 유튜브를 시작합니다^^
  건너뜀: NSB 농심 카페 농구 용품 위탁 판매 서비스 시작합니다
  제목 키워드 불일치로 제외: NSB 농심 카페 장터 불량 회원 & 비매너 회원 공유
  제목 키워드 불일치로 제외: NSB 농심 카페 장터에 글을 올리기 전에 꼭 읽어주세요!!
  제목 키워드 불일치로 제외: NSB 농심 카페 활동 시작하면 꼭 읽어주세요!!!
  제목 키워드 불일치로 제외: NSB 농심카페와 함께할 공식 체육관을 찾습니다
  제목 키워드 불일치로 제외: 농심 카페에서 체육관을 직접 짓는다면? 가능은 한 이야기인가?
  본문 열기: [경기모임] [현천동/상암부근] 오늘 스킬존 20-22시 게스트구합니다!
  본문 열기: [경기모임] [일산/고양/파주/김포] 15일 토요일 저녁 7-10시 게스트 모집합니다
  본문 열기: [경기모임] [광명/구로/금천] 오늘 목요일 오후 6시부터 9시까지 게스트 구해요 (즐농모임)(7시 경기시작)
  본문 열기: [서울모임] [성북구] 석계역인근 즐농 팀 턴오버에서 8월16일 일요일 12시~15시 게스트 모집합니다.
  본문 열기: [서울모임] [서초/강남/과천] [오늘]8/13(목) 17시~19시 서초종합체육관 게스트 모집합니다
  본문 열기: [경기모임] [경기,구리] 8월 15일 토요일15;00-17;00 게스트 구인 합니다.
  본문 열기: [서울모임] [서울모임][중랑구] 중랑,망우 8월13일 (목요일) 19:30~21:30 게스트 모집
  본문 열기: [인천모임] [인천 부평구] 8월 14일, 금요일, 21:30 ~ 24:00, 십정동 멤버스키키 즐농 2 or 3파전 게스트 모집
  본문 열기: [수원][모집중] 8월 15일 (토) 즐농 5vs5 밤 20시 ~22시 경기도수원월드컵스포츠센터 게스트 모집합니다.
  본문 열기: [서울모임] [동작구]8/16(일) 영등포고 15:00 ~ 18:00 즐농게스트 모십니다.
  제목 키워드 불일치로 제외: [인천모임] (부평십정)8월13일 목 저녁10:30
  본문 열기: [경기모임] [양주/동두천/의정부] 8월 14일(금). 저녁 8시~10시. 게스트 모집
  본문 열기: [경기모임] [시흥] 08월 15일(토) 오전 오전10~12시 게스트 모집 합니다.
  본문 열기: [경기모임] [시흥]8월 15일(토) 오전10~12시 게스트 모집 합니다
  본문 열기: [경기모임] (안성)8월16일일요일 오전10시~13시 게스트 구합니다.
- 키워드 매칭 글 14개
  저장 후보: 2026-08-13 20:00 [경기모임] [현천동/상암부근] 오늘 스킬존 20-22시 게스트구합니다!
  저장 후보: 2026-07-10 19:00 [경기모임] [일산/고양/파주/김포] 15일 토요일 저녁 7-10시 게스트 모집합니다
  저장 후보: 2026-08-13 20:00 [경기모임] [광명/구로/금천] 오늘 목요일 오후 6시부터 9시까지 게스트 구해요 (즐농모임)(7시 경기시작)
  저장 후보: 2026-08-16 12:00 [서울모임] [성북구] 석계역인근 즐농 팀 턴오버에서 8월16일 일요일 12시~15시 게스트 모집합니다.
  저장 후보: 2026-08-13 17:00 [서울모임] [서초/강남/과천] [오늘]8/13(목) 17시~19시 서초종합체육관 게스트 모집합니다
  저장 후보: 2026-08-15 00:00 [경기모임] [경기,구리] 8월 15일 토요일15;00-17;00 게스트 구인 합니다.
  저장 후보: 2026-08-13 19:30 [서울모임] [서울모임][중랑구] 중랑,망우 8월13일 (목요일) 19:30~21:30 게스트 모집
  저장 후보: 2026-08-14 21:30 [인천모임] [인천 부평구] 8월 14일, 금요일, 21:30 ~ 24:00, 십정동 멤버스키키 즐농 2 or 3파전 게스트 모집
  저장 후보: 2026-08-15 20:00 [수원][모집중] 8월 15일 (토) 즐농 5vs5 밤 20시 ~22시 경기도수원월드컵스포츠센터 게스트 모집합니다.
  저장 후보: 2026-08-16 15:00 [서울모임] [동작구]8/16(일) 영등포고 15:00 ~ 18:00 즐농게스트 모십니다.
  저장 후보: 2026-08-14 20:00 [경기모임] [양주/동두천/의정부] 8월 14일(금). 저녁 8시~10시. 게스트 모집
  저장 후보: 2026-08-15 10:00 [경기모임] [시흥] 08월 15일(토) 오전 오전10~12시 게스트 모집 합니다.
  저장 후보: 2026-08-15 10:00 [경기모임] [시흥]8월 15일(토) 오전10~12시 게스트 모집 합니다
  저장 후보: 2026-08-16 10:00 [경기모임] (안성)8월16일일요일 오전10시~13시 게스트 구합니다.
로그인 쿠키 9개를 저장했습니다: /Users/kangsanlee/Documents/농구 서비스/data/auth-default-cookies.json
29개 글을 읽고 29개 일정으로 저장했습니다.
[2026-08-13T01:46:03.467Z] 자동 카페 수집 종료: 성공

[2026-08-13T01:51:03.454Z] 자동 카페 수집 시작: default
저장된 로그인 쿠키 9개를 불러왔습니다.
수집 시작: 동아리 농구 카페
- 목록 열기: https://m.cafe.daum.net/dongarry/Dilr?boardType=
  선택자 "a[href*='/dongarry/']" 링크 0개
  선택자 "a[href*='/_rec/']" 링크 0개
  선택자 "a.link_cafe" 링크 0개
  선택자 "a[href]" 링크 0개
- 글 링크 후보 0개
  디버그 저장: /Users/kangsanlee/Documents/농구 서비스/data/debug/동아리-농구-카페-no-post-links.html
- 키워드 매칭 글 0개
수집 시작: 콘로우
- 목록 열기: https://cafe.naver.com/f-e/cafes/10586238/menus/428
  선택자 "a.article" 링크 0개
  선택자 ".ArticleList a[href*='/ArticleRead.nhn']" 링크 0개
  선택자 "a[href*='articleid=']" 링크 0개
  선택자 "a[href*='/articles/']" 링크 0개
  HTML fallback 링크 30개
- 글 링크 후보 30개
  건너뜀: 🏀 NSB 농심 카페 3X3 37회 챔피언십 농구 대회 in NSB 체육관
  건너뜀: SLAMDUNK EXPEDITION : 농심카페 일본원정 농구캠프 원정대원 모집
  건너뜀: 23스토어 X NSB 농심카페 후기 작성 이벤트
  건너뜀: 리바이티브 EMS 저주파 발 마사지기 S액티브 공동구매 2차
  건너뜀: "100% 바뀐다" NSB X 동농커리 슈팅클래스 6기 선착순 모집! 🏀🔥
  제목 키워드 불일치로 제외: 🏆 1회 NSB 농심 카페 5대5 농구 최강자전 [NO LIMITS]
  제목 키워드 불일치로 제외: NSB 농심 카페 회원 전용 '브랜드 홍보 & 회원 혜택' 게시판 오픈 안내!
  제목 키워드 불일치로 제외: 🏀 NSB 농심카페 전용 체육관, 2026년 새롭게 문을 엽니다!
  건너뜀: NSB 농심 카페에서 동호회 농구팀을 소개하는 유튜브를 시작합니다^^
  건너뜀: NSB 농심 카페 농구 용품 위탁 판매 서비스 시작합니다
  제목 키워드 불일치로 제외: NSB 농심 카페 장터 불량 회원 & 비매너 회원 공유
  제목 키워드 불일치로 제외: NSB 농심 카페 장터에 글을 올리기 전에 꼭 읽어주세요!!
  제목 키워드 불일치로 제외: NSB 농심 카페 활동 시작하면 꼭 읽어주세요!!!
  제목 키워드 불일치로 제외: NSB 농심카페와 함께할 공식 체육관을 찾습니다
  제목 키워드 불일치로 제외: 농심 카페에서 체육관을 직접 짓는다면? 가능은 한 이야기인가?
  본문 열기: [인천경기] [시흥](마감입니다)8월 15일(토) 10시~12시 슈팅비에서 교류전 초청합니다
  본문 열기: [대구경상] [경남진주] 8월 15일 신안동 학생체육관 18:30~21:30 교류전 팀 구합니다.
  본문 열기: [서울] [서대문구남가좌동] 8월16일 일요일 9.30분 ~ 11.30분 교류전 팀 구합니다 (즐농팀)
  본문 열기: [인천경기] 토요일 8/15 오전 8시 ~ 10시30분 체육관 양도
  본문 열기: [서울] [은평/고양] 8월 16일 일요일 오전 9:20~12:00 좀비스 교류전 초청
  본문 열기: [서울] [서울] [노원, 도봉, 강북] 8.13목 19:30~21:30 교류전팀 구합니다.
  본문 열기: [서울] (완료) 8/12(수) 8~10 친선전 초청드립니다
  본문 열기: [인천경기] [부평] 토요일(15일) 오전 8시 ~ 10시 30분 체육관 양도
  본문 열기: [인천경기] 인천 청소년 수련관에서 고등부 교류전
  본문 열기: [서울] [동대문구] 8월 15일 토요일 22:00-01:00 Rebels 에서 교류전 초청합니다.
  본문 열기: [인천경기] [고양시]도내동 8월15일 토요일 오전8시 ~11시 교류전팀 모십니다
  본문 열기: [부산울산] [[부산 강서구]] 8월 16일 일요일 0900 - 1200 부산 강서구 명호고 교류전 하실 팀 구합니다.
  본문 열기: [부산울산] [부산진구 양정동] 8월 16일 일요일 14시~1７시 양정고등학교 교류전 모집합니다 (샤워 가능)
  본문 열기: [부산울산] 8월 16일 일요일 아침 10시~13시 교류전 팀 구합니다
  본문 열기: [인천경기] [수원 장안구 하광교동]8.11 화요일 수원보훈재활체육센터 오후 9시 ~11시 교류전 팀구합니다.
- 키워드 매칭 글 15개
  저장 후보: 2026-08-15 10:00 [인천경기] [시흥](마감입니다)8월 15일(토) 10시~12시 슈팅비에서 교류전 초청합니다
  저장 후보: 2026-08-15 18:30 [대구경상] [경남진주] 8월 15일 신안동 학생체육관 18:30~21:30 교류전 팀 구합니다.
  저장 후보: 2026-08-16 09:30 [서울] [서대문구남가좌동] 8월16일 일요일 9.30분 ~ 11.30분 교류전 팀 구합니다 (즐농팀)
  저장 후보: 2026-08-15 08:00 [인천경기] 토요일 8/15 오전 8시 ~ 10시30분 체육관 양도
  저장 후보: 2026-08-16 09:20 [서울] [은평/고양] 8월 16일 일요일 오전 9:20~12:00 좀비스 교류전 초청
  저장 후보: 2026-08-13 19:30 [서울] [서울] [노원, 도봉, 강북] 8.13목 19:30~21:30 교류전팀 구합니다.
  저장 후보: 2026-08-12 08:00 [서울] (완료) 8/12(수) 8~10 친선전 초청드립니다
  저장 후보: 2026-08-11 08:00 [인천경기] [부평] 토요일(15일) 오전 8시 ~ 10시 30분 체육관 양도
  저장 후보: 2026-08-11 13:00 [인천경기] 인천 청소년 수련관에서 고등부 교류전
  저장 후보: 2026-08-15 22:00 [서울] [동대문구] 8월 15일 토요일 22:00-01:00 Rebels 에서 교류전 초청합니다.
  저장 후보: 2026-08-15 08:00 [인천경기] [고양시]도내동 8월15일 토요일 오전8시 ~11시 교류전팀 모십니다
  저장 후보: 2026-08-16 09:00 [부산울산] [[부산 강서구]] 8월 16일 일요일 0900 - 1200 부산 강서구 명호고 교류전 하실 팀 구합니다.
  저장 후보: 2026-08-16 14:00 [부산울산] [부산진구 양정동] 8월 16일 일요일 14시~1７시 양정고등학교 교류전 모집합니다 (샤워 가능)
  저장 후보: 2026-08-16 10:00 [부산울산] 8월 16일 일요일 아침 10시~13시 교류전 팀 구합니다
  저장 후보: 2026-08-11 21:00 [인천경기] [수원 장안구 하광교동]8.11 화요일 수원보훈재활체육센터 오후 9시 ~11시 교류전 팀구합니다.
수집 시작: 콘로우
- 목록 열기: https://cafe.naver.com/f-e/cafes/10586238/menus/34
  선택자 "a.article" 링크 0개
  선택자 ".ArticleList a[href*='/ArticleRead.nhn']" 링크 0개
  선택자 "a[href*='articleid=']" 링크 0개
  선택자 "a[href*='/articles/']" 링크 0개
  HTML fallback 링크 30개
- 글 링크 후보 30개
  건너뜀: 🏀 NSB 농심 카페 3X3 37회 챔피언십 농구 대회 in NSB 체육관
  건너뜀: SLAMDUNK EXPEDITION : 농심카페 일본원정 농구캠프 원정대원 모집
  건너뜀: 23스토어 X NSB 농심카페 후기 작성 이벤트
  건너뜀: 리바이티브 EMS 저주파 발 마사지기 S액티브 공동구매 2차
  건너뜀: "100% 바뀐다" NSB X 동농커리 슈팅클래스 6기 선착순 모집! 🏀🔥
  제목 키워드 불일치로 제외: 🏆 1회 NSB 농심 카페 5대5 농구 최강자전 [NO LIMITS]
  제목 키워드 불일치로 제외: NSB 농심 카페 회원 전용 '브랜드 홍보 & 회원 혜택' 게시판 오픈 안내!
  제목 키워드 불일치로 제외: 🏀 NSB 농심카페 전용 체육관, 2026년 새롭게 문을 엽니다!
  건너뜀: NSB 농심 카페에서 동호회 농구팀을 소개하는 유튜브를 시작합니다^^
  건너뜀: NSB 농심 카페 농구 용품 위탁 판매 서비스 시작합니다
  제목 키워드 불일치로 제외: NSB 농심 카페 장터 불량 회원 & 비매너 회원 공유
  제목 키워드 불일치로 제외: NSB 농심 카페 장터에 글을 올리기 전에 꼭 읽어주세요!!
  제목 키워드 불일치로 제외: NSB 농심 카페 활동 시작하면 꼭 읽어주세요!!!
  제목 키워드 불일치로 제외: NSB 농심카페와 함께할 공식 체육관을 찾습니다
  제목 키워드 불일치로 제외: 농심 카페에서 체육관을 직접 짓는다면? 가능은 한 이야기인가?
  본문 열기: [경기모임] [현천동/상암부근] 오늘 스킬존 20-22시 게스트구합니다!
  본문 열기: [경기모임] [일산/고양/파주/김포] 15일 토요일 저녁 7-10시 게스트 모집합니다
  본문 열기: [경기모임] [광명/구로/금천] 오늘 목요일 오후 6시부터 9시까지 게스트 구해요 (즐농모임)(7시 경기시작)
  본문 열기: [서울모임] [성북구] 석계역인근 즐농 팀 턴오버에서 8월16일 일요일 12시~15시 게스트 모집합니다.
  본문 열기: [서울모임] [서초/강남/과천] [오늘]8/13(목) 17시~19시 서초종합체육관 게스트 모집합니다
  본문 열기: [경기모임] [경기,구리] 8월 15일 토요일15;00-17;00 게스트 구인 합니다.
  본문 열기: [서울모임] [서울모임][중랑구] 중랑,망우 8월13일 (목요일) 19:30~21:30 게스트 모집
  본문 열기: [인천모임] [인천 부평구] 8월 14일, 금요일, 21:30 ~ 24:00, 십정동 멤버스키키 즐농 2 or 3파전 게스트 모집
  본문 열기: [수원][모집중] 8월 15일 (토) 즐농 5vs5 밤 20시 ~22시 경기도수원월드컵스포츠센터 게스트 모집합니다.
  본문 열기: [서울모임] [동작구]8/16(일) 영등포고 15:00 ~ 18:00 즐농게스트 모십니다.
  제목 키워드 불일치로 제외: [인천모임] (부평십정)8월13일 목 저녁10:30
  본문 열기: [경기모임] [양주/동두천/의정부] 8월 14일(금). 저녁 8시~10시. 게스트 모집
  본문 열기: [경기모임] [시흥] 08월 15일(토) 오전 오전10~12시 게스트 모집 합니다.
  본문 열기: [경기모임] [시흥]8월 15일(토) 오전10~12시 게스트 모집 합니다
  본문 열기: [경기모임] (안성)8월16일일요일 오전10시~13시 게스트 구합니다.
- 키워드 매칭 글 14개
  저장 후보: 2026-08-13 20:00 [경기모임] [현천동/상암부근] 오늘 스킬존 20-22시 게스트구합니다!
  저장 후보: 2026-07-10 19:00 [경기모임] [일산/고양/파주/김포] 15일 토요일 저녁 7-10시 게스트 모집합니다
  저장 후보: 2026-08-13 20:00 [경기모임] [광명/구로/금천] 오늘 목요일 오후 6시부터 9시까지 게스트 구해요 (즐농모임)(7시 경기시작)
  저장 후보: 2026-08-16 12:00 [서울모임] [성북구] 석계역인근 즐농 팀 턴오버에서 8월16일 일요일 12시~15시 게스트 모집합니다.
  저장 후보: 2026-08-13 17:00 [서울모임] [서초/강남/과천] [오늘]8/13(목) 17시~19시 서초종합체육관 게스트 모집합니다
  저장 후보: 2026-08-15 00:00 [경기모임] [경기,구리] 8월 15일 토요일15;00-17;00 게스트 구인 합니다.
  저장 후보: 2026-08-13 19:30 [서울모임] [서울모임][중랑구] 중랑,망우 8월13일 (목요일) 19:30~21:30 게스트 모집
  저장 후보: 2026-08-14 21:30 [인천모임] [인천 부평구] 8월 14일, 금요일, 21:30 ~ 24:00, 십정동 멤버스키키 즐농 2 or 3파전 게스트 모집
  저장 후보: 2026-08-15 20:00 [수원][모집중] 8월 15일 (토) 즐농 5vs5 밤 20시 ~22시 경기도수원월드컵스포츠센터 게스트 모집합니다.
  저장 후보: 2026-08-16 15:00 [서울모임] [동작구]8/16(일) 영등포고 15:00 ~ 18:00 즐농게스트 모십니다.
  저장 후보: 2026-08-14 20:00 [경기모임] [양주/동두천/의정부] 8월 14일(금). 저녁 8시~10시. 게스트 모집
  저장 후보: 2026-08-15 10:00 [경기모임] [시흥] 08월 15일(토) 오전 오전10~12시 게스트 모집 합니다.
  저장 후보: 2026-08-15 10:00 [경기모임] [시흥]8월 15일(토) 오전10~12시 게스트 모집 합니다
  저장 후보: 2026-08-16 10:00 [경기모임] (안성)8월16일일요일 오전10시~13시 게스트 구합니다.
로그인 쿠키 9개를 저장했습니다: /Users/kangsanlee/Documents/농구 서비스/data/auth-default-cookies.json
29개 글을 읽고 29개 일정으로 저장했습니다.
[2026-08-13T01:52:35.357Z] 자동 카페 수집 종료: 성공

[2026-08-13T01:57:35.345Z] 자동 카페 수집 시작: default
로그인 세션 브라우저가 이미 열려 있어 자동 수집을 건너뜁니다.
자동 수집은 기존 창을 건드리지 않고 다음 주기에 다시 시도합니다.
잠금 정보: SingletonLock 있음
[2026-08-13T01:57:35.938Z] 자동 카페 수집 종료: 성공

[2026-08-13T02:02:35.926Z] 자동 카페 수집 시작: default
로그인 세션 브라우저가 이미 열려 있어 자동 수집을 건너뜁니다.
자동 수집은 기존 창을 건드리지 않고 다음 주기에 다시 시도합니다.
잠금 정보: SingletonLock 있음
[2026-08-13T02:02:36.391Z] 자동 카페 수집 종료: 성공

[2026-08-13T02:07:36.378Z] 자동 카페 수집 시작: default
로그인 세션 브라우저가 이미 열려 있어 자동 수집을 건너뜁니다.
자동 수집은 기존 창을 건드리지 않고 다음 주기에 다시 시도합니다.
잠금 정보: SingletonLock 있음
[2026-08-13T02:07:36.754Z] 자동 카페 수집 종료: 성공

[2026-08-13T02:12:36.743Z] 자동 카페 수집 시작: default
로그인 세션 브라우저가 이미 열려 있어 자동 수집을 건너뜁니다.
자동 수집은 기존 창을 건드리지 않고 다음 주기에 다시 시도합니다.
잠금 정보: SingletonLock 있음
[2026-08-13T02:12:37.087Z] 자동 카페 수집 종료: 성공

[2026-08-13T02:17:37.074Z] 자동 카페 수집 시작: default
저장된 로그인 쿠키 9개를 불러왔습니다.
수집 시작: 동아리 농구 카페
- 목록 열기: https://m.cafe.daum.net/dongarry/Dilr?boardType=
  선택자 "a[href*='/dongarry/']" 링크 0개
  선택자 "a[href*='/_rec/']" 링크 0개
  선택자 "a.link_cafe" 링크 0개
  선택자 "a[href]" 링크 0개
  Daum HTML fallback 링크 20개
- 글 링크 후보 20개
  본문 열기: [서울][마포 은평 고양] 상암체육관 8월 14일 금요일 19:00~21:00 게스트 모집합니다
  다음카페 목록 정보만 저장
  본문 열기: [오늘 저녁 노원 마들역부근 게스트 3분 구합니다]
  다음카페 목록 정보만 저장
  본문 열기: [경기] [시흥] 08월 15일(토) 오전 오전10~12시 게스트 모집 합니다.
  다음카페 목록 정보만 저장
  본문 열기: [8/13 하남 미사 19~21.5시 게스트 모집]
  다음카페 목록 정보만 저장
  본문 열기: [서울][이촌] 8월15일(토) 14시20분~17시50분 게스트 초청합니다
  다음카페 목록 정보만 저장
  본문 열기: [서울] [강남구] 8. 13.(목) 22시 ~ 24시 어브 온(AUBE ON)에서 게스트 모집합니다.
  다음카페 목록 정보만 저장
  본문 열기: [서울] [금천,관악,광명,안양]금천구 8월 16일(일요일) 15시~18시 게스트 모집합니다
  다음카페 목록 정보만 저장
  본문 열기: [서울 중랑구] 🏀 08/13일 목요일 오후07:30~09:30 팀 와이드오픈에서 게스트 모집합니다
  다음카페 목록 정보만 저장
  본문 열기: [파주,금촌,일산]8월13일 19시~22시 게스트모집합니다
  다음카페 목록 정보만 저장
  본문 열기: [경기] [광명/구로/금천]오늘 목요일 오후 6시부터 9시까지 게스트 구해요 (즐농모임)(7시 경기시작)
  다음카페 목록 정보만 저장
  본문 열기: [경기] (남양주 스포라운드) 26.08.13 목 오후9시 ~ 11시반 게스트 구합니다~!
  다음카페 목록 정보만 저장
  본문 열기: [서울] [서초/강남/과천] [오늘] 8/13 (목) 17시~19시 서초종합체육관 게스트 모집합니다
  다음카페 목록 정보만 저장
  본문 열기: [경기,구리] 8월 15일 토요일 15:00-17:00 게스트 구인 합니다.
  다음카페 목록 정보만 저장
  본문 열기: [서울] [강남] 8/16(일) 19-21시 게스트 대 모집!!!
  다음카페 목록 정보만 저장
  본문 열기: [마포/상암] 8월16일(일) 15:00 ~ 18:00 무료 게스트 모십니다!!
  다음카페 목록 정보만 저장
  본문 열기: [8/16(일) 12:20 - 14:50(2시간 30분) DRF에서 개봉역근처 게스트 모집합니다]
  다음카페 목록 정보만 저장
  본문 열기: [서울] [송파구]8월 13일(목) 22:00~24:00 IN A CREW 에서 초청합니다
  다음카페 목록 정보만 저장
  본문 열기: [분당/수내/수지/용인] 8월15일(토)새벽 06:00~08:00 게스트 모집합니다.
  다음카페 목록 정보만 저장
  본문 열기: [서울] (동대문구) 08/14 금요일 새벽6~8시 Awake팀에서 게스트 모집합니다.(토모짐)
  다음카페 목록 정보만 저장
  본문 열기: [서울] [동작구]8/16(일) 영등포고 15:00 ~ 18:00 팀C-cube에서 즐농게스트 모십니다.
  다음카페 목록 정보만 저장
- 키워드 매칭 글 20개
  저장 후보: 2026-08-14 19:00 [서울][마포 은평 고양] 상암체육관 8월 14일 금요일 19:00~21:00 게스트 모집합니다
  저장 후보: 2026-08-13 00:00 [오늘 저녁 노원 마들역부근 게스트 3분 구합니다]
  저장 후보: 2026-08-15 10:00 [경기] [시흥] 08월 15일(토) 오전 오전10~12시 게스트 모집 합니다.
  저장 후보: 2026-08-13 19:00 [8/13 하남 미사 19~21.5시 게스트 모집]
  저장 후보: 2026-08-15 14:20 [서울][이촌] 8월15일(토) 14시20분~17시50분 게스트 초청합니다
  저장 후보: 2026-08-13 22:00 [서울] [강남구] 8. 13.(목) 22시 ~ 24시 어브 온(AUBE ON)에서 게스트 모집합니다.
  저장 후보: 2026-08-16 15:00 [서울] [금천,관악,광명,안양]금천구 8월 16일(일요일) 15시~18시 게스트 모집합니다
  저장 후보: 2026-08-13 19:30 [서울 중랑구] 🏀 08/13일 목요일 오후07:30~09:30 팀 와이드오픈에서 게스트 모집합니다
  저장 후보: 2026-08-13 19:00 [파주,금촌,일산]8월13일 19시~22시 게스트모집합니다
  저장 후보: 2026-08-13 00:00 [경기] [광명/구로/금천]오늘 목요일 오후 6시부터 9시까지 게스트 구해요 (즐농모임)(7시 경기시작)
  저장 후보: 2026-08-13 21:00 [경기] (남양주 스포라운드) 26.08.13 목 오후9시 ~ 11시반 게스트 구합니다~!
  저장 후보: 2026-08-13 17:00 [서울] [서초/강남/과천] [오늘] 8/13 (목) 17시~19시 서초종합체육관 게스트 모집합니다
  저장 후보: 2026-08-15 15:00 [경기,구리] 8월 15일 토요일 15:00-17:00 게스트 구인 합니다.
  저장 후보: 2026-08-16 19:00 [서울] [강남] 8/16(일) 19-21시 게스트 대 모집!!!
  저장 후보: 2026-08-16 15:00 [마포/상암] 8월16일(일) 15:00 ~ 18:00 무료 게스트 모십니다!!
  저장 후보: 2026-08-16 12:20 [8/16(일) 12:20 - 14:50(2시간 30분) DRF에서 개봉역근처 게스트 모집합니다]
  저장 후보: 2026-08-13 22:00 [서울] [송파구]8월 13일(목) 22:00~24:00 IN A CREW 에서 초청합니다
  저장 후보: 2026-08-15 06:00 [분당/수내/수지/용인] 8월15일(토)새벽 06:00~08:00 게스트 모집합니다.
  저장 후보: 2026-08-14 06:00 [서울] (동대문구) 08/14 금요일 새벽6~8시 Awake팀에서 게스트 모집합니다.(토모짐)
  저장 후보: 2026-08-16 15:00 [서울] [동작구]8/16(일) 영등포고 15:00 ~ 18:00 팀C-cube에서 즐농게스트 모십니다.
수집 시작: 콘로우
- 목록 열기: https://cafe.naver.com/f-e/cafes/10586238/menus/428
  선택자 "a.article" 링크 0개
  선택자 ".ArticleList a[href*='/ArticleRead.nhn']" 링크 0개
  선택자 "a[href*='articleid=']" 링크 0개
  선택자 "a[href*='/articles/']" 링크 0개
  HTML fallback 링크 30개
- 글 링크 후보 30개
  건너뜀: 🏀 NSB 농심 카페 3X3 37회 챔피언십 농구 대회 in NSB 체육관
  건너뜀: SLAMDUNK EXPEDITION : 농심카페 일본원정 농구캠프 원정대원 모집
  건너뜀: 23스토어 X NSB 농심카페 후기 작성 이벤트
  건너뜀: 리바이티브 EMS 저주파 발 마사지기 S액티브 공동구매 2차
  건너뜀: "100% 바뀐다" NSB X 동농커리 슈팅클래스 6기 선착순 모집! 🏀🔥
  제목 키워드 불일치로 제외: 🏆 1회 NSB 농심 카페 5대5 농구 최강자전 [NO LIMITS]
  제목 키워드 불일치로 제외: NSB 농심 카페 회원 전용 '브랜드 홍보 & 회원 혜택' 게시판 오픈 안내!
  제목 키워드 불일치로 제외: 🏀 NSB 농심카페 전용 체육관, 2026년 새롭게 문을 엽니다!
  건너뜀: NSB 농심 카페에서 동호회 농구팀을 소개하는 유튜브를 시작합니다^^
  건너뜀: NSB 농심 카페 농구 용품 위탁 판매 서비스 시작합니다
  제목 키워드 불일치로 제외: NSB 농심 카페 장터 불량 회원 & 비매너 회원 공유
  제목 키워드 불일치로 제외: NSB 농심 카페 장터에 글을 올리기 전에 꼭 읽어주세요!!
  제목 키워드 불일치로 제외: NSB 농심 카페 활동 시작하면 꼭 읽어주세요!!!
  제목 키워드 불일치로 제외: NSB 농심카페와 함께할 공식 체육관을 찾습니다
  제목 키워드 불일치로 제외: 농심 카페에서 체육관을 직접 짓는다면? 가능은 한 이야기인가?
  본문 열기: [대구경상] [경북구미] 8월 14일 금요일 18:30 ~ 21:30 교류전팀 구합니다.
  본문 열기: [인천경기] [시흥](마감입니다)8월 15일(토) 10시~12시 슈팅비에서 교류전 초청합니다
  본문 열기: [대구경상] [경남진주] 8월 15일 신안동 학생체육관 18:30~21:30 교류전 팀 구합니다.
  본문 열기: [서울] [서대문구남가좌동] 8월16일 일요일 9.30분 ~ 11.30분 교류전 팀 구합니다 (즐농팀)
  본문 열기: [인천경기] 토요일 8/15 오전 8시 ~ 10시30분 체육관 양도
  본문 열기: [서울] [은평/고양] 8월 16일 일요일 오전 9:20~12:00 좀비스 교류전 초청
  본문 열기: [서울] [서울] [노원, 도봉, 강북] 8.13목 19:30~21:30 교류전팀 구합니다.
  본문 열기: [서울] (완료) 8/12(수) 8~10 친선전 초청드립니다
  본문 열기: [인천경기] [부평] 토요일(15일) 오전 8시 ~ 10시 30분 체육관 양도
  본문 열기: [인천경기] 인천 청소년 수련관에서 고등부 교류전
  본문 열기: [서울] [동대문구] 8월 15일 토요일 22:00-01:00 Rebels 에서 교류전 초청합니다.
  본문 열기: [인천경기] [고양시]도내동 8월15일 토요일 오전8시 ~11시 교류전팀 모십니다
  본문 열기: [부산울산] [[부산 강서구]] 8월 16일 일요일 0900 - 1200 부산 강서구 명호고 교류전 하실 팀 구합니다.
  본문 열기: [부산울산] [부산진구 양정동] 8월 16일 일요일 14시~1７시 양정고등학교 교류전 모집합니다 (샤워 가능)
  본문 열기: [부산울산] 8월 16일 일요일 아침 10시~13시 교류전 팀 구합니다
- 키워드 매칭 글 15개
  저장 후보: 2026-08-14 18:30 [대구경상] [경북구미] 8월 14일 금요일 18:30 ~ 21:30 교류전팀 구합니다.
  저장 후보: 2026-08-15 10:00 [인천경기] [시흥](마감입니다)8월 15일(토) 10시~12시 슈팅비에서 교류전 초청합니다
  저장 후보: 2026-08-15 18:30 [대구경상] [경남진주] 8월 15일 신안동 학생체육관 18:30~21:30 교류전 팀 구합니다.
  저장 후보: 2026-08-16 09:30 [서울] [서대문구남가좌동] 8월16일 일요일 9.30분 ~ 11.30분 교류전 팀 구합니다 (즐농팀)
  저장 후보: 2026-08-15 08:00 [인천경기] 토요일 8/15 오전 8시 ~ 10시30분 체육관 양도
  저장 후보: 2026-08-16 09:20 [서울] [은평/고양] 8월 16일 일요일 오전 9:20~12:00 좀비스 교류전 초청
  저장 후보: 2026-08-13 19:30 [서울] [서울] [노원, 도봉, 강북] 8.13목 19:30~21:30 교류전팀 구합니다.
  저장 후보: 2026-08-12 08:00 [서울] (완료) 8/12(수) 8~10 친선전 초청드립니다
  저장 후보: 2026-08-11 08:00 [인천경기] [부평] 토요일(15일) 오전 8시 ~ 10시 30분 체육관 양도
  저장 후보: 2026-08-11 13:00 [인천경기] 인천 청소년 수련관에서 고등부 교류전
  저장 후보: 2026-08-15 22:00 [서울] [동대문구] 8월 15일 토요일 22:00-01:00 Rebels 에서 교류전 초청합니다.
  저장 후보: 2026-08-15 08:00 [인천경기] [고양시]도내동 8월15일 토요일 오전8시 ~11시 교류전팀 모십니다
  저장 후보: 2026-08-16 09:00 [부산울산] [[부산 강서구]] 8월 16일 일요일 0900 - 1200 부산 강서구 명호고 교류전 하실 팀 구합니다.
  저장 후보: 2026-08-16 14:00 [부산울산] [부산진구 양정동] 8월 16일 일요일 14시~1７시 양정고등학교 교류전 모집합니다 (샤워 가능)
  저장 후보: 2026-08-16 10:00 [부산울산] 8월 16일 일요일 아침 10시~13시 교류전 팀 구합니다
수집 시작: 콘로우
- 목록 열기: https://cafe.naver.com/f-e/cafes/10586238/menus/34
  선택자 "a.article" 링크 0개
  선택자 ".ArticleList a[href*='/ArticleRead.nhn']" 링크 0개
  선택자 "a[href*='articleid=']" 링크 0개
  선택자 "a[href*='/articles/']" 링크 0개
  HTML fallback 링크 30개
- 글 링크 후보 30개
  건너뜀: 🏀 NSB 농심 카페 3X3 37회 챔피언십 농구 대회 in NSB 체육관
  건너뜀: SLAMDUNK EXPEDITION : 농심카페 일본원정 농구캠프 원정대원 모집
  건너뜀: 23스토어 X NSB 농심카페 후기 작성 이벤트
  건너뜀: 리바이티브 EMS 저주파 발 마사지기 S액티브 공동구매 2차
  건너뜀: "100% 바뀐다" NSB X 동농커리 슈팅클래스 6기 선착순 모집! 🏀🔥
  제목 키워드 불일치로 제외: 🏆 1회 NSB 농심 카페 5대5 농구 최강자전 [NO LIMITS]
  제목 키워드 불일치로 제외: NSB 농심 카페 회원 전용 '브랜드 홍보 & 회원 혜택' 게시판 오픈 안내!
  제목 키워드 불일치로 제외: 🏀 NSB 농심카페 전용 체육관, 2026년 새롭게 문을 엽니다!
  건너뜀: NSB 농심 카페에서 동호회 농구팀을 소개하는 유튜브를 시작합니다^^
  건너뜀: NSB 농심 카페 농구 용품 위탁 판매 서비스 시작합니다
  제목 키워드 불일치로 제외: NSB 농심 카페 장터 불량 회원 & 비매너 회원 공유
  제목 키워드 불일치로 제외: NSB 농심 카페 장터에 글을 올리기 전에 꼭 읽어주세요!!
  제목 키워드 불일치로 제외: NSB 농심 카페 활동 시작하면 꼭 읽어주세요!!!
  제목 키워드 불일치로 제외: NSB 농심카페와 함께할 공식 체육관을 찾습니다
  제목 키워드 불일치로 제외: 농심 카페에서 체육관을 직접 짓는다면? 가능은 한 이야기인가?
  본문 열기: [경기모임] [현천동/상암부근] 오늘 스킬존 20-22시 게스트구합니다!
  본문 열기: [경기모임] [일산/고양/파주/김포] 15일 토요일 저녁 7-10시 게스트 모집합니다
  본문 열기: [경기모임] [광명/구로/금천] 오늘 목요일 오후 6시부터 9시까지 게스트 구해요 (즐농모임)(7시 경기시작)
  본문 열기: [서울모임] [성북구] 석계역인근 즐농 팀 턴오버에서 8월16일 일요일 12시~15시 게스트 모집합니다.
  본문 열기: [서울모임] [서초/강남/과천] [오늘]8/13(목) 17시~19시 서초종합체육관 게스트 모집합니다
  본문 열기: [경기모임] [경기,구리] 8월 15일 토요일15;00-17;00 게스트 구인 합니다.
  본문 열기: [서울모임] [서울모임][중랑구] 중랑,망우 8월13일 (목요일) 19:30~21:30 게스트 모집
  본문 열기: [인천모임] [인천 부평구] 8월 14일, 금요일, 21:30 ~ 24:00, 십정동 멤버스키키 즐농 2 or 3파전 게스트 모집
  본문 열기: [수원][모집중] 8월 15일 (토) 즐농 5vs5 밤 20시 ~22시 경기도수원월드컵스포츠센터 게스트 모집합니다.
  본문 열기: [서울모임] [동작구]8/16(일) 영등포고 15:00 ~ 18:00 즐농게스트 모십니다.
  제목 키워드 불일치로 제외: [인천모임] (부평십정)8월13일 목 저녁10:30
  본문 열기: [경기모임] [양주/동두천/의정부] 8월 14일(금). 저녁 8시~10시. 게스트 모집
  본문 열기: [경기모임] [시흥] 08월 15일(토) 오전 오전10~12시 게스트 모집 합니다.
  본문 열기: [경기모임] [시흥]8월 15일(토) 오전10~12시 게스트 모집 합니다
  본문 열기: [경기모임] (안성)8월16일일요일 오전10시~13시 게스트 구합니다.
- 키워드 매칭 글 14개
  저장 후보: 2026-08-13 20:00 [경기모임] [현천동/상암부근] 오늘 스킬존 20-22시 게스트구합니다!
  저장 후보: 2026-07-10 19:00 [경기모임] [일산/고양/파주/김포] 15일 토요일 저녁 7-10시 게스트 모집합니다
  저장 후보: 2026-08-13 20:00 [경기모임] [광명/구로/금천] 오늘 목요일 오후 6시부터 9시까지 게스트 구해요 (즐농모임)(7시 경기시작)
  저장 후보: 2026-08-16 12:00 [서울모임] [성북구] 석계역인근 즐농 팀 턴오버에서 8월16일 일요일 12시~15시 게스트 모집합니다.
  저장 후보: 2026-08-13 17:00 [서울모임] [서초/강남/과천] [오늘]8/13(목) 17시~19시 서초종합체육관 게스트 모집합니다
  저장 후보: 2026-08-15 00:00 [경기모임] [경기,구리] 8월 15일 토요일15;00-17;00 게스트 구인 합니다.
  저장 후보: 2026-08-13 19:30 [서울모임] [서울모임][중랑구] 중랑,망우 8월13일 (목요일) 19:30~21:30 게스트 모집
  저장 후보: 2026-08-14 21:30 [인천모임] [인천 부평구] 8월 14일, 금요일, 21:30 ~ 24:00, 십정동 멤버스키키 즐농 2 or 3파전 게스트 모집
  저장 후보: 2026-08-15 20:00 [수원][모집중] 8월 15일 (토) 즐농 5vs5 밤 20시 ~22시 경기도수원월드컵스포츠센터 게스트 모집합니다.
  저장 후보: 2026-08-16 15:00 [서울모임] [동작구]8/16(일) 영등포고 15:00 ~ 18:00 즐농게스트 모십니다.
  저장 후보: 2026-08-14 20:00 [경기모임] [양주/동두천/의정부] 8월 14일(금). 저녁 8시~10시. 게스트 모집
  저장 후보: 2026-08-15 10:00 [경기모임] [시흥] 08월 15일(토) 오전 오전10~12시 게스트 모집 합니다.
  저장 후보: 2026-08-15 10:00 [경기모임] [시흥]8월 15일(토) 오전10~12시 게스트 모집 합니다
  저장 후보: 2026-08-16 10:00 [경기모임] (안성)8월16일일요일 오전10시~13시 게스트 구합니다.
로그인 쿠키 9개를 저장했습니다: /Users/kangsanlee/Documents/농구 서비스/data/auth-default-cookies.json
49개 글을 읽고 49개 일정으로 저장했습니다.
[2026-08-13T02:19:52.356Z] 자동 카페 수집 종료: 성공

[2026-08-13T02:24:52.357Z] 자동 카페 수집 시작: default
저장된 로그인 쿠키 9개를 불러왔습니다.
수집 시작: 동아리 농구 카페
- 목록 열기: https://m.cafe.daum.net/dongarry/Dilr?boardType=
  선택자 "a[href*='/dongarry/']" 링크 0개
  선택자 "a[href*='/_rec/']" 링크 0개
  선택자 "a.link_cafe" 링크 0개
  선택자 "a[href]" 링크 0개
  Daum HTML fallback 링크 20개
- 글 링크 후보 20개
  본문 열기: [김포] 고촌 8/13 (목) 19:00~ 22:00 볼트팀에서 게스트3인 구합니다.
  다음카페 목록 정보만 저장
  본문 열기: [경기] 8월 13일 목요일 게스트 구인합니다. 저녁 8시-10시30분 (풀냉방)
  다음카페 목록 정보만 저장
  본문 열기: [서울][마포 은평 고양] 상암체육관 8월 14일 금요일 19:00~21:00 게스트 모집합니다
  다음카페 목록 정보만 저장
  본문 열기: [오늘 저녁 노원 마들역부근 게스트 3분 구합니다]
  다음카페 목록 정보만 저장
  본문 열기: [경기] [시흥] 08월 15일(토) 오전 오전10~12시 게스트 모집 합니다.
  다음카페 목록 정보만 저장
  본문 열기: [8/13 하남 미사 19~21.5시 게스트 모집]
  다음카페 목록 정보만 저장
  본문 열기: [서울][이촌] 8월15일(토) 14시20분~17시50분 게스트 초청합니다
  다음카페 목록 정보만 저장
  본문 열기: [서울] [강남구] 8. 13.(목) 22시 ~ 24시 어브 온(AUBE ON)에서 게스트 모집합니다.
  다음카페 목록 정보만 저장
  본문 열기: [서울] [금천,관악,광명,안양]금천구 8월 16일(일요일) 15시~18시 게스트 모집합니다
  다음카페 목록 정보만 저장
  본문 열기: [서울 중랑구] 🏀 08/13일 목요일 오후07:30~09:30 팀 와이드오픈에서 게스트 모집합니다
  다음카페 목록 정보만 저장
  본문 열기: [파주,금촌,일산]8월13일 19시~22시 게스트모집합니다
  다음카페 목록 정보만 저장
  본문 열기: [경기] [광명/구로/금천]오늘 목요일 오후 6시부터 9시까지 게스트 구해요 (즐농모임)(7시 경기시작)
  다음카페 목록 정보만 저장
  본문 열기: [경기] (남양주 스포라운드) 26.08.13 목 오후9시 ~ 11시반 게스트 구합니다~!
  다음카페 목록 정보만 저장
  본문 열기: [서울] [서초/강남/과천] [오늘] 8/13 (목) 17시~19시 서초종합체육관 게스트 모집합니다
  다음카페 목록 정보만 저장
  본문 열기: [경기,구리] 8월 15일 토요일 15:00-17:00 게스트 구인 합니다.
  다음카페 목록 정보만 저장
  본문 열기: [서울] [강남] 8/16(일) 19-21시 게스트 대 모집!!!
  다음카페 목록 정보만 저장
  본문 열기: [마포/상암] 8월16일(일) 15:00 ~ 18:00 무료 게스트 모십니다!!
  다음카페 목록 정보만 저장
  본문 열기: [8/16(일) 12:20 - 14:50(2시간 30분) DRF에서 개봉역근처 게스트 모집합니다]
  다음카페 목록 정보만 저장
  본문 열기: [서울] [송파구]8월 13일(목) 22:00~24:00 IN A CREW 에서 초청합니다
  다음카페 목록 정보만 저장
  본문 열기: [분당/수내/수지/용인] 8월15일(토)새벽 06:00~08:00 게스트 모집합니다.
  다음카페 목록 정보만 저장
- 키워드 매칭 글 20개
  저장 후보: 2026-08-13 19:00 [김포] 고촌 8/13 (목) 19:00~ 22:00 볼트팀에서 게스트3인 구합니다.
  저장 후보: 2026-08-13 20:00 [경기] 8월 13일 목요일 게스트 구인합니다. 저녁 8시-10시30분 (풀냉방)
  저장 후보: 2026-08-14 19:00 [서울][마포 은평 고양] 상암체육관 8월 14일 금요일 19:00~21:00 게스트 모집합니다
  저장 후보: 2026-08-13 00:00 [오늘 저녁 노원 마들역부근 게스트 3분 구합니다]
  저장 후보: 2026-08-15 10:00 [경기] [시흥] 08월 15일(토) 오전 오전10~12시 게스트 모집 합니다.
  저장 후보: 2026-08-13 19:00 [8/13 하남 미사 19~21.5시 게스트 모집]
  저장 후보: 2026-08-15 14:20 [서울][이촌] 8월15일(토) 14시20분~17시50분 게스트 초청합니다
  저장 후보: 2026-08-13 22:00 [서울] [강남구] 8. 13.(목) 22시 ~ 24시 어브 온(AUBE ON)에서 게스트 모집합니다.
  저장 후보: 2026-08-16 15:00 [서울] [금천,관악,광명,안양]금천구 8월 16일(일요일) 15시~18시 게스트 모집합니다
  저장 후보: 2026-08-13 19:30 [서울 중랑구] 🏀 08/13일 목요일 오후07:30~09:30 팀 와이드오픈에서 게스트 모집합니다
  저장 후보: 2026-08-13 19:00 [파주,금촌,일산]8월13일 19시~22시 게스트모집합니다
  저장 후보: 2026-08-13 00:00 [경기] [광명/구로/금천]오늘 목요일 오후 6시부터 9시까지 게스트 구해요 (즐농모임)(7시 경기시작)
  저장 후보: 2026-08-13 21:00 [경기] (남양주 스포라운드) 26.08.13 목 오후9시 ~ 11시반 게스트 구합니다~!
  저장 후보: 2026-08-13 17:00 [서울] [서초/강남/과천] [오늘] 8/13 (목) 17시~19시 서초종합체육관 게스트 모집합니다
  저장 후보: 2026-08-15 15:00 [경기,구리] 8월 15일 토요일 15:00-17:00 게스트 구인 합니다.
  저장 후보: 2026-08-16 19:00 [서울] [강남] 8/16(일) 19-21시 게스트 대 모집!!!
  저장 후보: 2026-08-16 15:00 [마포/상암] 8월16일(일) 15:00 ~ 18:00 무료 게스트 모십니다!!
  저장 후보: 2026-08-16 12:20 [8/16(일) 12:20 - 14:50(2시간 30분) DRF에서 개봉역근처 게스트 모집합니다]
  저장 후보: 2026-08-13 22:00 [서울] [송파구]8월 13일(목) 22:00~24:00 IN A CREW 에서 초청합니다
  저장 후보: 2026-08-15 06:00 [분당/수내/수지/용인] 8월15일(토)새벽 06:00~08:00 게스트 모집합니다.
수집 시작: 콘로우
- 목록 열기: https://cafe.naver.com/f-e/cafes/10586238/menus/428
  선택자 "a.article" 링크 0개
  선택자 ".ArticleList a[href*='/ArticleRead.nhn']" 링크 0개
  선택자 "a[href*='articleid=']" 링크 0개
  선택자 "a[href*='/articles/']" 링크 0개
  HTML fallback 링크 30개
- 글 링크 후보 30개
  건너뜀: 🏀 NSB 농심 카페 3X3 37회 챔피언십 농구 대회 in NSB 체육관
  건너뜀: SLAMDUNK EXPEDITION : 농심카페 일본원정 농구캠프 원정대원 모집
  건너뜀: 23스토어 X NSB 농심카페 후기 작성 이벤트
  건너뜀: 리바이티브 EMS 저주파 발 마사지기 S액티브 공동구매 2차
  건너뜀: "100% 바뀐다" NSB X 동농커리 슈팅클래스 6기 선착순 모집! 🏀🔥
  제목 키워드 불일치로 제외: 🏆 1회 NSB 농심 카페 5대5 농구 최강자전 [NO LIMITS]
  제목 키워드 불일치로 제외: NSB 농심 카페 회원 전용 '브랜드 홍보 & 회원 혜택' 게시판 오픈 안내!
  제목 키워드 불일치로 제외: 🏀 NSB 농심카페 전용 체육관, 2026년 새롭게 문을 엽니다!
  건너뜀: NSB 농심 카페에서 동호회 농구팀을 소개하는 유튜브를 시작합니다^^
  건너뜀: NSB 농심 카페 농구 용품 위탁 판매 서비스 시작합니다
  제목 키워드 불일치로 제외: NSB 농심 카페 장터 불량 회원 & 비매너 회원 공유
  제목 키워드 불일치로 제외: NSB 농심 카페 장터에 글을 올리기 전에 꼭 읽어주세요!!
  제목 키워드 불일치로 제외: NSB 농심 카페 활동 시작하면 꼭 읽어주세요!!!
  제목 키워드 불일치로 제외: NSB 농심카페와 함께할 공식 체육관을 찾습니다
  제목 키워드 불일치로 제외: 농심 카페에서 체육관을 직접 짓는다면? 가능은 한 이야기인가?
  본문 열기: [대구경상] [경북구미] 8월 14일 금요일 18:30 ~ 21:30 교류전팀 구합니다.
  본문 열기: [인천경기] [시흥](마감입니다)8월 15일(토) 10시~12시 슈팅비에서 교류전 초청합니다
  본문 열기: [대구경상] [경남진주] 8월 15일 신안동 학생체육관 18:30~21:30 교류전 팀 구합니다.
  본문 열기: [서울] [서대문구남가좌동] 8월16일 일요일 9.30분 ~ 11.30분 교류전 팀 구합니다 (즐농팀)
  본문 열기: [인천경기] 토요일 8/15 오전 8시 ~ 10시30분 체육관 양도
  본문 열기: [서울] [은평/고양] 8월 16일 일요일 오전 9:20~12:00 좀비스 교류전 초청
  본문 열기: [서울] [서울] [노원, 도봉, 강북] 8.13목 19:30~21:30 교류전팀 구합니다.
  본문 열기: [서울] (완료) 8/12(수) 8~10 친선전 초청드립니다
  본문 열기: [인천경기] [부평] 토요일(15일) 오전 8시 ~ 10시 30분 체육관 양도
  본문 열기: [인천경기] 인천 청소년 수련관에서 고등부 교류전
  본문 열기: [서울] [동대문구] 8월 15일 토요일 22:00-01:00 Rebels 에서 교류전 초청합니다.
  본문 열기: [인천경기] [고양시]도내동 8월15일 토요일 오전8시 ~11시 교류전팀 모십니다
  본문 열기: [부산울산] [[부산 강서구]] 8월 16일 일요일 0900 - 1200 부산 강서구 명호고 교류전 하실 팀 구합니다.
  본문 열기: [부산울산] [부산진구 양정동] 8월 16일 일요일 14시~1７시 양정고등학교 교류전 모집합니다 (샤워 가능)
  본문 열기: [부산울산] 8월 16일 일요일 아침 10시~13시 교류전 팀 구합니다
- 키워드 매칭 글 15개
  저장 후보: 2026-08-14 18:30 [대구경상] [경북구미] 8월 14일 금요일 18:30 ~ 21:30 교류전팀 구합니다.
  저장 후보: 2026-08-15 10:00 [인천경기] [시흥](마감입니다)8월 15일(토) 10시~12시 슈팅비에서 교류전 초청합니다
  저장 후보: 2026-08-15 18:30 [대구경상] [경남진주] 8월 15일 신안동 학생체육관 18:30~21:30 교류전 팀 구합니다.
  저장 후보: 2026-08-16 09:30 [서울] [서대문구남가좌동] 8월16일 일요일 9.30분 ~ 11.30분 교류전 팀 구합니다 (즐농팀)
  저장 후보: 2026-08-15 08:00 [인천경기] 토요일 8/15 오전 8시 ~ 10시30분 체육관 양도
  저장 후보: 2026-08-16 09:20 [서울] [은평/고양] 8월 16일 일요일 오전 9:20~12:00 좀비스 교류전 초청
  저장 후보: 2026-08-13 19:30 [서울] [서울] [노원, 도봉, 강북] 8.13목 19:30~21:30 교류전팀 구합니다.
  저장 후보: 2026-08-12 08:00 [서울] (완료) 8/12(수) 8~10 친선전 초청드립니다
  저장 후보: 2026-08-11 08:00 [인천경기] [부평] 토요일(15일) 오전 8시 ~ 10시 30분 체육관 양도
  저장 후보: 2026-08-11 13:00 [인천경기] 인천 청소년 수련관에서 고등부 교류전
  저장 후보: 2026-08-15 22:00 [서울] [동대문구] 8월 15일 토요일 22:00-01:00 Rebels 에서 교류전 초청합니다.
  저장 후보: 2026-08-15 08:00 [인천경기] [고양시]도내동 8월15일 토요일 오전8시 ~11시 교류전팀 모십니다
  저장 후보: 2026-08-16 09:00 [부산울산] [[부산 강서구]] 8월 16일 일요일 0900 - 1200 부산 강서구 명호고 교류전 하실 팀 구합니다.
  저장 후보: 2026-08-16 14:00 [부산울산] [부산진구 양정동] 8월 16일 일요일 14시~1７시 양정고등학교 교류전 모집합니다 (샤워 가능)
  저장 후보: 2026-08-16 10:00 [부산울산] 8월 16일 일요일 아침 10시~13시 교류전 팀 구합니다
수집 시작: 콘로우
- 목록 열기: https://cafe.naver.com/f-e/cafes/10586238/menus/34
  선택자 "a.article" 링크 0개
  선택자 ".ArticleList a[href*='/ArticleRead.nhn']" 링크 0개
  선택자 "a[href*='articleid=']" 링크 0개
  선택자 "a[href*='/articles/']" 링크 0개
  HTML fallback 링크 30개
- 글 링크 후보 30개
  건너뜀: 🏀 NSB 농심 카페 3X3 37회 챔피언십 농구 대회 in NSB 체육관
  건너뜀: SLAMDUNK EXPEDITION : 농심카페 일본원정 농구캠프 원정대원 모집
  건너뜀: 23스토어 X NSB 농심카페 후기 작성 이벤트
  건너뜀: 리바이티브 EMS 저주파 발 마사지기 S액티브 공동구매 2차
  건너뜀: "100% 바뀐다" NSB X 동농커리 슈팅클래스 6기 선착순 모집! 🏀🔥
  제목 키워드 불일치로 제외: 🏆 1회 NSB 농심 카페 5대5 농구 최강자전 [NO LIMITS]
  제목 키워드 불일치로 제외: NSB 농심 카페 회원 전용 '브랜드 홍보 & 회원 혜택' 게시판 오픈 안내!
  제목 키워드 불일치로 제외: 🏀 NSB 농심카페 전용 체육관, 2026년 새롭게 문을 엽니다!
  건너뜀: NSB 농심 카페에서 동호회 농구팀을 소개하는 유튜브를 시작합니다^^
  건너뜀: NSB 농심 카페 농구 용품 위탁 판매 서비스 시작합니다
  제목 키워드 불일치로 제외: NSB 농심 카페 장터 불량 회원 & 비매너 회원 공유
  제목 키워드 불일치로 제외: NSB 농심 카페 장터에 글을 올리기 전에 꼭 읽어주세요!!
  제목 키워드 불일치로 제외: NSB 농심 카페 활동 시작하면 꼭 읽어주세요!!!
  제목 키워드 불일치로 제외: NSB 농심카페와 함께할 공식 체육관을 찾습니다
  제목 키워드 불일치로 제외: 농심 카페에서 체육관을 직접 짓는다면? 가능은 한 이야기인가?
  본문 열기: [서울모임] [금천구] 🏀 8/16 (일) 09:00~12:00 게스트 초청합니다. (금나래체육관)
  본문 열기: [경기모임] [현천동/상암부근] 오늘 스킬존 20-22시 게스트구합니다!
  본문 열기: [경기모임] [일산/고양/파주/김포] 15일 토요일 저녁 7-10시 게스트 모집합니다
  본문 열기: [경기모임] [광명/구로/금천] 오늘 목요일 오후 6시부터 9시까지 게스트 구해요 (즐농모임)(7시 경기시작)
  본문 열기: [서울모임] [성북구] 석계역인근 즐농 팀 턴오버에서 8월16일 일요일 12시~15시 게스트 모집합니다.
  본문 열기: [서울모임] [서초/강남/과천] [오늘]8/13(목) 17시~19시 서초종합체육관 게스트 모집합니다
  본문 열기: [경기모임] [경기,구리] 8월 15일 토요일15;00-17;00 게스트 구인 합니다.
  본문 열기: [서울모임] [서울모임][중랑구] 중랑,망우 8월13일 (목요일) 19:30~21:30 게스트 모집
  본문 열기: [인천모임] [인천 부평구] 8월 14일, 금요일, 21:30 ~ 24:00, 십정동 멤버스키키 즐농 2 or 3파전 게스트 모집
  본문 열기: [수원][모집중] 8월 15일 (토) 즐농 5vs5 밤 20시 ~22시 경기도수원월드컵스포츠센터 게스트 모집합니다.
  본문 열기: [서울모임] [동작구]8/16(일) 영등포고 15:00 ~ 18:00 즐농게스트 모십니다.
  제목 키워드 불일치로 제외: [인천모임] (부평십정)8월13일 목 저녁10:30
  본문 열기: [경기모임] [양주/동두천/의정부] 8월 14일(금). 저녁 8시~10시. 게스트 모집
  본문 열기: [경기모임] [시흥] 08월 15일(토) 오전 오전10~12시 게스트 모집 합니다.
  본문 열기: [경기모임] [시흥]8월 15일(토) 오전10~12시 게스트 모집 합니다
- 키워드 매칭 글 14개
  저장 후보: 2026-08-16 09:00 [서울모임] [금천구] 🏀 8/16 (일) 09:00~12:00 게스트 초청합니다. (금나래체육관)
  저장 후보: 2026-08-13 20:00 [경기모임] [현천동/상암부근] 오늘 스킬존 20-22시 게스트구합니다!
  저장 후보: 2026-07-10 19:00 [경기모임] [일산/고양/파주/김포] 15일 토요일 저녁 7-10시 게스트 모집합니다
  저장 후보: 2026-08-13 20:00 [경기모임] [광명/구로/금천] 오늘 목요일 오후 6시부터 9시까지 게스트 구해요 (즐농모임)(7시 경기시작)
  저장 후보: 2026-08-16 12:00 [서울모임] [성북구] 석계역인근 즐농 팀 턴오버에서 8월16일 일요일 12시~15시 게스트 모집합니다.
  저장 후보: 2026-08-13 17:00 [서울모임] [서초/강남/과천] [오늘]8/13(목) 17시~19시 서초종합체육관 게스트 모집합니다
  저장 후보: 2026-08-15 00:00 [경기모임] [경기,구리] 8월 15일 토요일15;00-17;00 게스트 구인 합니다.
  저장 후보: 2026-08-13 19:30 [서울모임] [서울모임][중랑구] 중랑,망우 8월13일 (목요일) 19:30~21:30 게스트 모집
  저장 후보: 2026-08-14 21:30 [인천모임] [인천 부평구] 8월 14일, 금요일, 21:30 ~ 24:00, 십정동 멤버스키키 즐농 2 or 3파전 게스트 모집
  저장 후보: 2026-08-15 20:00 [수원][모집중] 8월 15일 (토) 즐농 5vs5 밤 20시 ~22시 경기도수원월드컵스포츠센터 게스트 모집합니다.
  저장 후보: 2026-08-16 15:00 [서울모임] [동작구]8/16(일) 영등포고 15:00 ~ 18:00 즐농게스트 모십니다.
  저장 후보: 2026-08-14 20:00 [경기모임] [양주/동두천/의정부] 8월 14일(금). 저녁 8시~10시. 게스트 모집
  저장 후보: 2026-08-15 10:00 [경기모임] [시흥] 08월 15일(토) 오전 오전10~12시 게스트 모집 합니다.
  저장 후보: 2026-08-15 10:00 [경기모임] [시흥]8월 15일(토) 오전10~12시 게스트 모집 합니다
로그인 쿠키 9개를 저장했습니다: /Users/kangsanlee/Documents/농구 서비스/data/auth-default-cookies.json
49개 글을 읽고 49개 일정으로 저장했습니다.
[2026-08-13T02:27:03.934Z] 자동 카페 수집 종료: 성공

[2026-08-13T02:32:03.933Z] 자동 카페 수집 시작: default
로그인 세션 브라우저가 이미 열려 있어 자동 수집을 건너뜁니다.
자동 수집은 기존 창을 건드리지 않고 다음 주기에 다시 시도합니다.
잠금 정보: SingletonLock 있음
[2026-08-13T02:32:04.261Z] 자동 카페 수집 종료: 성공

[2026-08-13T02:37:04.261Z] 자동 카페 수집 시작: default
저장된 로그인 쿠키 9개를 불러왔습니다.
수집 시작: 동아리 농구 카페
- 목록 열기: https://m.cafe.daum.net/dongarry/Dilr?boardType=
  선택자 "a[href*='/dongarry/']" 링크 0개
  선택자 "a[href*='/_rec/']" 링크 0개
  선택자 "a.link_cafe" 링크 0개
  선택자 "a[href]" 링크 0개
  Daum HTML fallback 링크 20개
- 글 링크 후보 20개
  본문 열기: [서울] [서대문구]8월15일(토) 17시~19시 픽업 게임 게스트 모집합니다.
  다음카페 목록 정보만 저장
  본문 열기: [서울] 은평 고양 덕은 화전 상암] 08.13(목) 스킬존 3관 20-22 게스트 모집
  다음카페 목록 정보만 저장
  본문 열기: [서울] 🏀 8/16 (일) 09:00 ~ 12:00 게스트 모집합니다. (금나래 문화체육센터)
  다음카페 목록 정보만 저장
  본문 열기: [김포] 고촌 8/13 (목) 19:00~ 22:00 볼트팀에서 게스트3인 구합니다.
  다음카페 목록 정보만 저장
  본문 열기: [경기] 8월 13일 목요일 게스트 구인합니다. 저녁 8시-10시30분 (풀냉방)
  다음카페 목록 정보만 저장
  본문 열기: [서울][마포 은평 고양] 상암체육관 8월 14일 금요일 19:00~21:00 게스트 모집합니다
  다음카페 목록 정보만 저장
  본문 열기: [오늘 저녁 노원 마들역부근 게스트 3분 구합니다]
  다음카페 목록 정보만 저장
  본문 열기: [경기] [시흥] 08월 15일(토) 오전 오전10~12시 게스트 모집 합니다.
  다음카페 목록 정보만 저장
  본문 열기: [8/13 하남 미사 19~21.5시 게스트 모집]
  다음카페 목록 정보만 저장
  본문 열기: [서울][이촌] 8월15일(토) 14시20분~17시50분 게스트 초청합니다
  다음카페 목록 정보만 저장
  본문 열기: [서울] [강남구] 8. 13.(목) 22시 ~ 24시 어브 온(AUBE ON)에서 게스트 모집합니다.
  다음카페 목록 정보만 저장
  본문 열기: [서울] [금천,관악,광명,안양]금천구 8월 16일(일요일) 15시~18시 게스트 모집합니다
  다음카페 목록 정보만 저장
  본문 열기: [서울 중랑구] 🏀 08/13일 목요일 오후07:30~09:30 팀 와이드오픈에서 게스트 모집합니다
  다음카페 목록 정보만 저장
  본문 열기: [파주,금촌,일산]8월13일 19시~22시 게스트모집합니다
  다음카페 목록 정보만 저장
  본문 열기: [경기] [광명/구로/금천]오늘 목요일 오후 6시부터 9시까지 게스트 구해요 (즐농모임)(7시 경기시작)
  다음카페 목록 정보만 저장
  본문 열기: [경기] (남양주 스포라운드) 26.08.13 목 오후9시 ~ 11시반 게스트 구합니다~!
  다음카페 목록 정보만 저장
  본문 열기: [서울] [서초/강남/과천] [오늘] 8/13 (목) 17시~19시 서초종합체육관 게스트 모집합니다
  다음카페 목록 정보만 저장
  본문 열기: [경기,구리] 8월 15일 토요일 15:00-17:00 게스트 구인 합니다.
  다음카페 목록 정보만 저장
  본문 열기: [서울] [강남] 8/16(일) 19-21시 게스트 대 모집!!!
  다음카페 목록 정보만 저장
  본문 열기: [마포/상암] 8월16일(일) 15:00 ~ 18:00 무료 게스트 모십니다!!
  다음카페 목록 정보만 저장
- 키워드 매칭 글 20개
  저장 후보: 2026-08-15 17:00 [서울] [서대문구]8월15일(토) 17시~19시 픽업 게임 게스트 모집합니다.
  저장 후보: 2026-08-13 20:00 [서울] 은평 고양 덕은 화전 상암] 08.13(목) 스킬존 3관 20-22 게스트 모집
  저장 후보: 2026-08-16 09:00 [서울] 🏀 8/16 (일) 09:00 ~ 12:00 게스트 모집합니다. (금나래 문화체육센터)
  저장 후보: 2026-08-13 19:00 [김포] 고촌 8/13 (목) 19:00~ 22:00 볼트팀에서 게스트3인 구합니다.
  저장 후보: 2026-08-13 20:00 [경기] 8월 13일 목요일 게스트 구인합니다. 저녁 8시-10시30분 (풀냉방)
  저장 후보: 2026-08-14 19:00 [서울][마포 은평 고양] 상암체육관 8월 14일 금요일 19:00~21:00 게스트 모집합니다
  저장 후보: 2026-08-13 00:00 [오늘 저녁 노원 마들역부근 게스트 3분 구합니다]
  저장 후보: 2026-08-15 10:00 [경기] [시흥] 08월 15일(토) 오전 오전10~12시 게스트 모집 합니다.
  저장 후보: 2026-08-13 19:00 [8/13 하남 미사 19~21.5시 게스트 모집]
  저장 후보: 2026-08-15 14:20 [서울][이촌] 8월15일(토) 14시20분~17시50분 게스트 초청합니다
  저장 후보: 2026-08-13 22:00 [서울] [강남구] 8. 13.(목) 22시 ~ 24시 어브 온(AUBE ON)에서 게스트 모집합니다.
  저장 후보: 2026-08-16 15:00 [서울] [금천,관악,광명,안양]금천구 8월 16일(일요일) 15시~18시 게스트 모집합니다
  저장 후보: 2026-08-13 19:30 [서울 중랑구] 🏀 08/13일 목요일 오후07:30~09:30 팀 와이드오픈에서 게스트 모집합니다
  저장 후보: 2026-08-13 19:00 [파주,금촌,일산]8월13일 19시~22시 게스트모집합니다
  저장 후보: 2026-08-13 00:00 [경기] [광명/구로/금천]오늘 목요일 오후 6시부터 9시까지 게스트 구해요 (즐농모임)(7시 경기시작)
  저장 후보: 2026-08-13 21:00 [경기] (남양주 스포라운드) 26.08.13 목 오후9시 ~ 11시반 게스트 구합니다~!
  저장 후보: 2026-08-13 17:00 [서울] [서초/강남/과천] [오늘] 8/13 (목) 17시~19시 서초종합체육관 게스트 모집합니다
  저장 후보: 2026-08-15 15:00 [경기,구리] 8월 15일 토요일 15:00-17:00 게스트 구인 합니다.
  저장 후보: 2026-08-16 19:00 [서울] [강남] 8/16(일) 19-21시 게스트 대 모집!!!
  저장 후보: 2026-08-16 15:00 [마포/상암] 8월16일(일) 15:00 ~ 18:00 무료 게스트 모십니다!!
수집 시작: 콘로우
- 목록 열기: https://cafe.naver.com/f-e/cafes/10586238/menus/428
  선택자 "a.article" 링크 0개
  선택자 ".ArticleList a[href*='/ArticleRead.nhn']" 링크 0개
  선택자 "a[href*='articleid=']" 링크 0개
  선택자 "a[href*='/articles/']" 링크 0개
  HTML fallback 링크 30개
- 글 링크 후보 30개
  건너뜀: 🏀 NSB 농심 카페 3X3 37회 챔피언십 농구 대회 in NSB 체육관
  건너뜀: SLAMDUNK EXPEDITION : 농심카페 일본원정 농구캠프 원정대원 모집
  건너뜀: 23스토어 X NSB 농심카페 후기 작성 이벤트
  건너뜀: 리바이티브 EMS 저주파 발 마사지기 S액티브 공동구매 2차
  건너뜀: "100% 바뀐다" NSB X 동농커리 슈팅클래스 6기 선착순 모집! 🏀🔥
  제목 키워드 불일치로 제외: 🏆 1회 NSB 농심 카페 5대5 농구 최강자전 [NO LIMITS]
  제목 키워드 불일치로 제외: NSB 농심 카페 회원 전용 '브랜드 홍보 & 회원 혜택' 게시판 오픈 안내!
  제목 키워드 불일치로 제외: 🏀 NSB 농심카페 전용 체육관, 2026년 새롭게 문을 엽니다!
  건너뜀: NSB 농심 카페에서 동호회 농구팀을 소개하는 유튜브를 시작합니다^^
  건너뜀: NSB 농심 카페 농구 용품 위탁 판매 서비스 시작합니다
  제목 키워드 불일치로 제외: NSB 농심 카페 장터 불량 회원 & 비매너 회원 공유
  제목 키워드 불일치로 제외: NSB 농심 카페 장터에 글을 올리기 전에 꼭 읽어주세요!!
  제목 키워드 불일치로 제외: NSB 농심 카페 활동 시작하면 꼭 읽어주세요!!!
  제목 키워드 불일치로 제외: NSB 농심카페와 함께할 공식 체육관을 찾습니다
  제목 키워드 불일치로 제외: 농심 카페에서 체육관을 직접 짓는다면? 가능은 한 이야기인가?
  본문 열기: [대구경상] [경북구미] 8월 14일 금요일 18:30 ~ 21:30 교류전팀 구합니다.
  본문 열기: [인천경기] [시흥](마감입니다)8월 15일(토) 10시~12시 슈팅비에서 교류전 초청합니다
  본문 열기: [대구경상] [경남진주] 8월 15일 신안동 학생체육관 18:30~21:30 교류전 팀 구합니다.
  본문 열기: [서울] [서대문구남가좌동] 8월16일 일요일 9.30분 ~ 11.30분 교류전 팀 구합니다 (즐농팀)
  본문 열기: [인천경기] 토요일 8/15 오전 8시 ~ 10시30분 체육관 양도
  본문 열기: [서울] [은평/고양] 8월 16일 일요일 오전 9:20~12:00 좀비스 교류전 초청
  본문 열기: [서울] [서울] [노원, 도봉, 강북] 8.13목 19:30~21:30 교류전팀 구합니다.
  본문 열기: [서울] (완료) 8/12(수) 8~10 친선전 초청드립니다
  본문 열기: [인천경기] [부평] 토요일(15일) 오전 8시 ~ 10시 30분 체육관 양도
  본문 열기: [인천경기] 인천 청소년 수련관에서 고등부 교류전
  본문 열기: [서울] [동대문구] 8월 15일 토요일 22:00-01:00 Rebels 에서 교류전 초청합니다.
  본문 열기: [인천경기] [고양시]도내동 8월15일 토요일 오전8시 ~11시 교류전팀 모십니다
  본문 열기: [부산울산] [[부산 강서구]] 8월 16일 일요일 0900 - 1200 부산 강서구 명호고 교류전 하실 팀 구합니다.
  본문 열기: [부산울산] [부산진구 양정동] 8월 16일 일요일 14시~1７시 양정고등학교 교류전 모집합니다 (샤워 가능)
  본문 열기: [부산울산] 8월 16일 일요일 아침 10시~13시 교류전 팀 구합니다
- 키워드 매칭 글 15개
  저장 후보: 2026-08-14 18:30 [대구경상] [경북구미] 8월 14일 금요일 18:30 ~ 21:30 교류전팀 구합니다.
  저장 후보: 2026-08-15 10:00 [인천경기] [시흥](마감입니다)8월 15일(토) 10시~12시 슈팅비에서 교류전 초청합니다
  저장 후보: 2026-08-15 18:30 [대구경상] [경남진주] 8월 15일 신안동 학생체육관 18:30~21:30 교류전 팀 구합니다.
  저장 후보: 2026-08-16 09:30 [서울] [서대문구남가좌동] 8월16일 일요일 9.30분 ~ 11.30분 교류전 팀 구합니다 (즐농팀)
  저장 후보: 2026-08-15 08:00 [인천경기] 토요일 8/15 오전 8시 ~ 10시30분 체육관 양도
  저장 후보: 2026-08-16 09:20 [서울] [은평/고양] 8월 16일 일요일 오전 9:20~12:00 좀비스 교류전 초청
  저장 후보: 2026-08-13 19:30 [서울] [서울] [노원, 도봉, 강북] 8.13목 19:30~21:30 교류전팀 구합니다.
  저장 후보: 2026-08-12 08:00 [서울] (완료) 8/12(수) 8~10 친선전 초청드립니다
  저장 후보: 2026-08-11 08:00 [인천경기] [부평] 토요일(15일) 오전 8시 ~ 10시 30분 체육관 양도
  저장 후보: 2026-08-11 13:00 [인천경기] 인천 청소년 수련관에서 고등부 교류전
  저장 후보: 2026-08-15 22:00 [서울] [동대문구] 8월 15일 토요일 22:00-01:00 Rebels 에서 교류전 초청합니다.
  저장 후보: 2026-08-15 08:00 [인천경기] [고양시]도내동 8월15일 토요일 오전8시 ~11시 교류전팀 모십니다
  저장 후보: 2026-08-16 09:00 [부산울산] [[부산 강서구]] 8월 16일 일요일 0900 - 1200 부산 강서구 명호고 교류전 하실 팀 구합니다.
  저장 후보: 2026-08-16 14:00 [부산울산] [부산진구 양정동] 8월 16일 일요일 14시~1７시 양정고등학교 교류전 모집합니다 (샤워 가능)
  저장 후보: 2026-08-16 10:00 [부산울산] 8월 16일 일요일 아침 10시~13시 교류전 팀 구합니다
수집 시작: 콘로우
- 목록 열기: https://cafe.naver.com/f-e/cafes/10586238/menus/34
  선택자 "a.article" 링크 0개
  선택자 ".ArticleList a[href*='/ArticleRead.nhn']" 링크 0개
  선택자 "a[href*='articleid=']" 링크 0개
  선택자 "a[href*='/articles/']" 링크 0개
  HTML fallback 링크 30개
- 글 링크 후보 30개
  건너뜀: 🏀 NSB 농심 카페 3X3 37회 챔피언십 농구 대회 in NSB 체육관
  건너뜀: SLAMDUNK EXPEDITION : 농심카페 일본원정 농구캠프 원정대원 모집
  건너뜀: 23스토어 X NSB 농심카페 후기 작성 이벤트
  건너뜀: 리바이티브 EMS 저주파 발 마사지기 S액티브 공동구매 2차
  건너뜀: "100% 바뀐다" NSB X 동농커리 슈팅클래스 6기 선착순 모집! 🏀🔥
  제목 키워드 불일치로 제외: 🏆 1회 NSB 농심 카페 5대5 농구 최강자전 [NO LIMITS]
  제목 키워드 불일치로 제외: NSB 농심 카페 회원 전용 '브랜드 홍보 & 회원 혜택' 게시판 오픈 안내!
  제목 키워드 불일치로 제외: 🏀 NSB 농심카페 전용 체육관, 2026년 새롭게 문을 엽니다!
  건너뜀: NSB 농심 카페에서 동호회 농구팀을 소개하는 유튜브를 시작합니다^^
  건너뜀: NSB 농심 카페 농구 용품 위탁 판매 서비스 시작합니다
  제목 키워드 불일치로 제외: NSB 농심 카페 장터 불량 회원 & 비매너 회원 공유
  제목 키워드 불일치로 제외: NSB 농심 카페 장터에 글을 올리기 전에 꼭 읽어주세요!!
  제목 키워드 불일치로 제외: NSB 농심 카페 활동 시작하면 꼭 읽어주세요!!!
  제목 키워드 불일치로 제외: NSB 농심카페와 함께할 공식 체육관을 찾습니다
  제목 키워드 불일치로 제외: 농심 카페에서 체육관을 직접 짓는다면? 가능은 한 이야기인가?
  본문 열기: [서울모임] [서대문구]8월15일(일) 17시~19시 픽업 게임 게스트 모집합니다.
  본문 열기: [서울모임] [금천구] 🏀 8/16 (일) 09:00~12:00 게스트 초청합니다. (금나래체육관)
  본문 열기: [경기모임] [현천동/상암부근] 오늘 스킬존 20-22시 게스트구합니다!
  본문 열기: [경기모임] [일산/고양/파주/김포] 15일 토요일 저녁 7-10시 게스트 모집합니다
  본문 열기: [경기모임] [광명/구로/금천] 오늘 목요일 오후 6시부터 9시까지 게스트 구해요 (즐농모임)(7시 경기시작)
  본문 열기: [서울모임] [성북구] 석계역인근 즐농 팀 턴오버에서 8월16일 일요일 12시~15시 게스트 모집합니다.
  본문 열기: [서울모임] [서초/강남/과천] [오늘]8/13(목) 17시~19시 서초종합체육관 게스트 모집합니다
  본문 열기: [경기모임] [경기,구리] 8월 15일 토요일15;00-17;00 게스트 구인 합니다.
  본문 열기: [서울모임] [서울모임][중랑구] 중랑,망우 8월13일 (목요일) 19:30~21:30 게스트 모집
  본문 열기: [인천모임] [인천 부평구] 8월 14일, 금요일, 21:30 ~ 24:00, 십정동 멤버스키키 즐농 2 or 3파전 게스트 모집
  본문 열기: [수원][모집중] 8월 15일 (토) 즐농 5vs5 밤 20시 ~22시 경기도수원월드컵스포츠센터 게스트 모집합니다.
  본문 열기: [서울모임] [동작구]8/16(일) 영등포고 15:00 ~ 18:00 즐농게스트 모십니다.
  제목 키워드 불일치로 제외: [인천모임] (부평십정)8월13일 목 저녁10:30
  본문 열기: [경기모임] [양주/동두천/의정부] 8월 14일(금). 저녁 8시~10시. 게스트 모집
  본문 열기: [경기모임] [시흥] 08월 15일(토) 오전 오전10~12시 게스트 모집 합니다.
- 키워드 매칭 글 14개
  저장 후보: 2026-08-15 17:00 [서울모임] [서대문구]8월15일(일) 17시~19시 픽업 게임 게스트 모집합니다.
  저장 후보: 2026-08-16 09:00 [서울모임] [금천구] 🏀 8/16 (일) 09:00~12:00 게스트 초청합니다. (금나래체육관)
  저장 후보: 2026-08-13 20:00 [경기모임] [현천동/상암부근] 오늘 스킬존 20-22시 게스트구합니다!
  저장 후보: 2026-07-10 19:00 [경기모임] [일산/고양/파주/김포] 15일 토요일 저녁 7-10시 게스트 모집합니다
  저장 후보: 2026-08-13 20:00 [경기모임] [광명/구로/금천] 오늘 목요일 오후 6시부터 9시까지 게스트 구해요 (즐농모임)(7시 경기시작)
  저장 후보: 2026-08-16 12:00 [서울모임] [성북구] 석계역인근 즐농 팀 턴오버에서 8월16일 일요일 12시~15시 게스트 모집합니다.
  저장 후보: 2026-08-13 17:00 [서울모임] [서초/강남/과천] [오늘]8/13(목) 17시~19시 서초종합체육관 게스트 모집합니다
  저장 후보: 2026-08-15 00:00 [경기모임] [경기,구리] 8월 15일 토요일15;00-17;00 게스트 구인 합니다.
  저장 후보: 2026-08-13 19:30 [서울모임] [서울모임][중랑구] 중랑,망우 8월13일 (목요일) 19:30~21:30 게스트 모집
  저장 후보: 2026-08-14 21:30 [인천모임] [인천 부평구] 8월 14일, 금요일, 21:30 ~ 24:00, 십정동 멤버스키키 즐농 2 or 3파전 게스트 모집
  저장 후보: 2026-08-15 20:00 [수원][모집중] 8월 15일 (토) 즐농 5vs5 밤 20시 ~22시 경기도수원월드컵스포츠센터 게스트 모집합니다.
  저장 후보: 2026-08-16 15:00 [서울모임] [동작구]8/16(일) 영등포고 15:00 ~ 18:00 즐농게스트 모십니다.
  저장 후보: 2026-08-14 20:00 [경기모임] [양주/동두천/의정부] 8월 14일(금). 저녁 8시~10시. 게스트 모집
  저장 후보: 2026-08-15 10:00 [경기모임] [시흥] 08월 15일(토) 오전 오전10~12시 게스트 모집 합니다.
로그인 쿠키 9개를 저장했습니다: /Users/kangsanlee/Documents/농구 서비스/data/auth-default-cookies.json
49개 글을 읽고 49개 일정으로 저장했습니다.
[2026-08-13T02:39:15.850Z] 자동 카페 수집 종료: 성공

[2026-08-13T02:44:15.850Z] 자동 카페 수집 시작: default
저장된 로그인 쿠키 9개를 불러왔습니다.
수집 시작: 동아리 농구 카페
- 목록 열기: https://m.cafe.daum.net/dongarry/Dilr?boardType=
  선택자 "a[href*='/dongarry/']" 링크 0개
  선택자 "a[href*='/_rec/']" 링크 0개
  선택자 "a.link_cafe" 링크 0개
  선택자 "a[href]" 링크 0개
  Daum HTML fallback 링크 20개
- 글 링크 후보 20개
  본문 열기: [인천] (부평십정)8월15일 12:30-15:30
  다음카페 목록 정보만 저장
  본문 열기: [경기] [남양주]8월13일목요일(오늘)22시~00시30분 게스트 모집합니다
  다음카페 목록 정보만 저장
  본문 열기: [서울] [중구] 8/13(목) 20:00~21:30 약수역 중구청소년수련관 게스트 모집합니다~
  다음카페 목록 정보만 저장
  본문 열기: [서울] [서대문구]8월15일(토) 17시~19시 픽업 게임 게스트 모집합니다.
  다음카페 목록 정보만 저장
  본문 열기: [서울] 은평 고양 덕은 화전 상암] 08.13(목) 스킬존 3관 20-22 게스트 모집
  다음카페 목록 정보만 저장
  본문 열기: [서울] 🏀 8/16 (일) 09:00 ~ 12:00 게스트 모집합니다. (금나래 문화체육센터)
  다음카페 목록 정보만 저장
  본문 열기: [김포] 고촌 8/13 (목) 19:00~ 22:00 볼트팀에서 게스트3인 구합니다.
  다음카페 목록 정보만 저장
  본문 열기: [경기] 8월 13일 목요일 게스트 구인합니다. 저녁 8시-10시30분 (풀냉방)
  다음카페 목록 정보만 저장
  본문 열기: [서울][마포 은평 고양] 상암체육관 8월 14일 금요일 19:00~21:00 게스트 모집합니다
  다음카페 목록 정보만 저장
  본문 열기: [오늘 저녁 노원 마들역부근 게스트 3분 구합니다]
  다음카페 목록 정보만 저장
  본문 열기: [경기] [시흥] 08월 15일(토) 오전 오전10~12시 게스트 모집 합니다.
  다음카페 목록 정보만 저장
  본문 열기: [8/13 하남 미사 19~21.5시 게스트 모집]
  다음카페 목록 정보만 저장
  본문 열기: [서울][이촌] 8월15일(토) 14시20분~17시50분 게스트 초청합니다
  다음카페 목록 정보만 저장
  본문 열기: [서울] [강남구] 8. 13.(목) 22시 ~ 24시 어브 온(AUBE ON)에서 게스트 모집합니다.
  다음카페 목록 정보만 저장
  본문 열기: [서울] [금천,관악,광명,안양]금천구 8월 16일(일요일) 15시~18시 게스트 모집합니다
  다음카페 목록 정보만 저장
  본문 열기: [서울 중랑구] 🏀 08/13일 목요일 오후07:30~09:30 팀 와이드오픈에서 게스트 모집합니다
  다음카페 목록 정보만 저장
  본문 열기: [파주,금촌,일산]8월13일 19시~22시 게스트모집합니다
  다음카페 목록 정보만 저장
  본문 열기: [경기] [광명/구로/금천]오늘 목요일 오후 6시부터 9시까지 게스트 구해요 (즐농모임)(7시 경기시작)
  다음카페 목록 정보만 저장
  본문 열기: [경기] (남양주 스포라운드) 26.08.13 목 오후9시 ~ 11시반 게스트 구합니다~!
  다음카페 목록 정보만 저장
  본문 열기: [서울] [서초/강남/과천] [오늘] 8/13 (목) 17시~19시 서초종합체육관 게스트 모집합니다
  다음카페 목록 정보만 저장
- 키워드 매칭 글 20개
  저장 후보: 2026-08-15 12:30 [인천] (부평십정)8월15일 12:30-15:30
  저장 후보: 2026-08-13 22:00 [경기] [남양주]8월13일목요일(오늘)22시~00시30분 게스트 모집합니다
  저장 후보: 2026-08-13 20:00 [서울] [중구] 8/13(목) 20:00~21:30 약수역 중구청소년수련관 게스트 모집합니다~
  저장 후보: 2026-08-15 17:00 [서울] [서대문구]8월15일(토) 17시~19시 픽업 게임 게스트 모집합니다.
  저장 후보: 2026-08-13 20:00 [서울] 은평 고양 덕은 화전 상암] 08.13(목) 스킬존 3관 20-22 게스트 모집
  저장 후보: 2026-08-16 09:00 [서울] 🏀 8/16 (일) 09:00 ~ 12:00 게스트 모집합니다. (금나래 문화체육센터)
  저장 후보: 2026-08-13 19:00 [김포] 고촌 8/13 (목) 19:00~ 22:00 볼트팀에서 게스트3인 구합니다.
  저장 후보: 2026-08-13 20:00 [경기] 8월 13일 목요일 게스트 구인합니다. 저녁 8시-10시30분 (풀냉방)
  저장 후보: 2026-08-14 19:00 [서울][마포 은평 고양] 상암체육관 8월 14일 금요일 19:00~21:00 게스트 모집합니다
  저장 후보: 2026-08-13 00:00 [오늘 저녁 노원 마들역부근 게스트 3분 구합니다]
  저장 후보: 2026-08-15 10:00 [경기] [시흥] 08월 15일(토) 오전 오전10~12시 게스트 모집 합니다.
  저장 후보: 2026-08-13 19:00 [8/13 하남 미사 19~21.5시 게스트 모집]
  저장 후보: 2026-08-15 14:20 [서울][이촌] 8월15일(토) 14시20분~17시50분 게스트 초청합니다
  저장 후보: 2026-08-13 22:00 [서울] [강남구] 8. 13.(목) 22시 ~ 24시 어브 온(AUBE ON)에서 게스트 모집합니다.
  저장 후보: 2026-08-16 15:00 [서울] [금천,관악,광명,안양]금천구 8월 16일(일요일) 15시~18시 게스트 모집합니다
  저장 후보: 2026-08-13 19:30 [서울 중랑구] 🏀 08/13일 목요일 오후07:30~09:30 팀 와이드오픈에서 게스트 모집합니다
  저장 후보: 2026-08-13 19:00 [파주,금촌,일산]8월13일 19시~22시 게스트모집합니다
  저장 후보: 2026-08-13 00:00 [경기] [광명/구로/금천]오늘 목요일 오후 6시부터 9시까지 게스트 구해요 (즐농모임)(7시 경기시작)
  저장 후보: 2026-08-13 21:00 [경기] (남양주 스포라운드) 26.08.13 목 오후9시 ~ 11시반 게스트 구합니다~!
  저장 후보: 2026-08-13 17:00 [서울] [서초/강남/과천] [오늘] 8/13 (목) 17시~19시 서초종합체육관 게스트 모집합니다
수집 시작: 콘로우
- 목록 열기: https://cafe.naver.com/f-e/cafes/10586238/menus/428
  선택자 "a.article" 링크 0개
  선택자 ".ArticleList a[href*='/ArticleRead.nhn']" 링크 0개
  선택자 "a[href*='articleid=']" 링크 0개
  선택자 "a[href*='/articles/']" 링크 0개
  HTML fallback 링크 30개
- 글 링크 후보 30개
  건너뜀: 🏀 NSB 농심 카페 3X3 37회 챔피언십 농구 대회 in NSB 체육관
  건너뜀: SLAMDUNK EXPEDITION : 농심카페 일본원정 농구캠프 원정대원 모집
  건너뜀: 23스토어 X NSB 농심카페 후기 작성 이벤트
  건너뜀: 리바이티브 EMS 저주파 발 마사지기 S액티브 공동구매 2차
  건너뜀: "100% 바뀐다" NSB X 동농커리 슈팅클래스 6기 선착순 모집! 🏀🔥
  제목 키워드 불일치로 제외: 🏆 1회 NSB 농심 카페 5대5 농구 최강자전 [NO LIMITS]
  제목 키워드 불일치로 제외: NSB 농심 카페 회원 전용 '브랜드 홍보 & 회원 혜택' 게시판 오픈 안내!
  제목 키워드 불일치로 제외: 🏀 NSB 농심카페 전용 체육관, 2026년 새롭게 문을 엽니다!
  건너뜀: NSB 농심 카페에서 동호회 농구팀을 소개하는 유튜브를 시작합니다^^
  건너뜀: NSB 농심 카페 농구 용품 위탁 판매 서비스 시작합니다
  제목 키워드 불일치로 제외: NSB 농심 카페 장터 불량 회원 & 비매너 회원 공유
  제목 키워드 불일치로 제외: NSB 농심 카페 장터에 글을 올리기 전에 꼭 읽어주세요!!
  제목 키워드 불일치로 제외: NSB 농심 카페 활동 시작하면 꼭 읽어주세요!!!
  제목 키워드 불일치로 제외: NSB 농심카페와 함께할 공식 체육관을 찾습니다
  제목 키워드 불일치로 제외: 농심 카페에서 체육관을 직접 짓는다면? 가능은 한 이야기인가?
  본문 열기: [대구경상] [경북구미] 8월 14일 금요일 18:30 ~ 21:30 교류전팀 구합니다.
  본문 열기: [인천경기] [시흥](마감입니다)8월 15일(토) 10시~12시 슈팅비에서 교류전 초청합니다
  본문 열기: [대구경상] [경남진주] 8월 15일 신안동 학생체육관 18:30~21:30 교류전 팀 구합니다.
  본문 열기: [서울] [서대문구남가좌동] 8월16일 일요일 9.30분 ~ 11.30분 교류전 팀 구합니다 (즐농팀)
  본문 열기: [인천경기] 토요일 8/15 오전 8시 ~ 10시30분 체육관 양도
  본문 열기: [서울] [은평/고양] 8월 16일 일요일 오전 9:20~12:00 좀비스 교류전 초청
  본문 열기: [서울] [서울] [노원, 도봉, 강북] 8.13목 19:30~21:30 교류전팀 구합니다.
  본문 열기: [서울] (완료) 8/12(수) 8~10 친선전 초청드립니다
  본문 열기: [인천경기] [부평] 토요일(15일) 오전 8시 ~ 10시 30분 체육관 양도
  본문 열기: [인천경기] 인천 청소년 수련관에서 고등부 교류전
  본문 열기: [서울] [동대문구] 8월 15일 토요일 22:00-01:00 Rebels 에서 교류전 초청합니다.
  본문 열기: [인천경기] [고양시]도내동 8월15일 토요일 오전8시 ~11시 교류전팀 모십니다
  본문 열기: [부산울산] [[부산 강서구]] 8월 16일 일요일 0900 - 1200 부산 강서구 명호고 교류전 하실 팀 구합니다.
  본문 열기: [부산울산] [부산진구 양정동] 8월 16일 일요일 14시~1７시 양정고등학교 교류전 모집합니다 (샤워 가능)
  본문 열기: [부산울산] 8월 16일 일요일 아침 10시~13시 교류전 팀 구합니다
- 키워드 매칭 글 15개
  저장 후보: 2026-08-14 18:30 [대구경상] [경북구미] 8월 14일 금요일 18:30 ~ 21:30 교류전팀 구합니다.
  저장 후보: 2026-08-15 10:00 [인천경기] [시흥](마감입니다)8월 15일(토) 10시~12시 슈팅비에서 교류전 초청합니다
  저장 후보: 2026-08-15 18:30 [대구경상] [경남진주] 8월 15일 신안동 학생체육관 18:30~21:30 교류전 팀 구합니다.
  저장 후보: 2026-08-16 09:30 [서울] [서대문구남가좌동] 8월16일 일요일 9.30분 ~ 11.30분 교류전 팀 구합니다 (즐농팀)
  저장 후보: 2026-08-15 08:00 [인천경기] 토요일 8/15 오전 8시 ~ 10시30분 체육관 양도
  저장 후보: 2026-08-16 09:20 [서울] [은평/고양] 8월 16일 일요일 오전 9:20~12:00 좀비스 교류전 초청
  저장 후보: 2026-08-13 19:30 [서울] [서울] [노원, 도봉, 강북] 8.13목 19:30~21:30 교류전팀 구합니다.
  저장 후보: 2026-08-12 08:00 [서울] (완료) 8/12(수) 8~10 친선전 초청드립니다
  저장 후보: 2026-08-11 08:00 [인천경기] [부평] 토요일(15일) 오전 8시 ~ 10시 30분 체육관 양도
  저장 후보: 2026-08-11 13:00 [인천경기] 인천 청소년 수련관에서 고등부 교류전
  저장 후보: 2026-08-15 22:00 [서울] [동대문구] 8월 15일 토요일 22:00-01:00 Rebels 에서 교류전 초청합니다.
  저장 후보: 2026-08-15 08:00 [인천경기] [고양시]도내동 8월15일 토요일 오전8시 ~11시 교류전팀 모십니다
  저장 후보: 2026-08-16 09:00 [부산울산] [[부산 강서구]] 8월 16일 일요일 0900 - 1200 부산 강서구 명호고 교류전 하실 팀 구합니다.
  저장 후보: 2026-08-16 14:00 [부산울산] [부산진구 양정동] 8월 16일 일요일 14시~1７시 양정고등학교 교류전 모집합니다 (샤워 가능)
  저장 후보: 2026-08-16 10:00 [부산울산] 8월 16일 일요일 아침 10시~13시 교류전 팀 구합니다
수집 시작: 콘로우
- 목록 열기: https://cafe.naver.com/f-e/cafes/10586238/menus/34
  선택자 "a.article" 링크 0개
  선택자 ".ArticleList a[href*='/ArticleRead.nhn']" 링크 0개
  선택자 "a[href*='articleid=']" 링크 0개
  선택자 "a[href*='/articles/']" 링크 0개
  HTML fallback 링크 30개
- 글 링크 후보 30개
  건너뜀: 🏀 NSB 농심 카페 3X3 37회 챔피언십 농구 대회 in NSB 체육관
  건너뜀: SLAMDUNK EXPEDITION : 농심카페 일본원정 농구캠프 원정대원 모집
  건너뜀: 23스토어 X NSB 농심카페 후기 작성 이벤트
  건너뜀: 리바이티브 EMS 저주파 발 마사지기 S액티브 공동구매 2차
  건너뜀: "100% 바뀐다" NSB X 동농커리 슈팅클래스 6기 선착순 모집! 🏀🔥
  제목 키워드 불일치로 제외: 🏆 1회 NSB 농심 카페 5대5 농구 최강자전 [NO LIMITS]
  제목 키워드 불일치로 제외: NSB 농심 카페 회원 전용 '브랜드 홍보 & 회원 혜택' 게시판 오픈 안내!
  제목 키워드 불일치로 제외: 🏀 NSB 농심카페 전용 체육관, 2026년 새롭게 문을 엽니다!
  건너뜀: NSB 농심 카페에서 동호회 농구팀을 소개하는 유튜브를 시작합니다^^
  건너뜀: NSB 농심 카페 농구 용품 위탁 판매 서비스 시작합니다
  제목 키워드 불일치로 제외: NSB 농심 카페 장터 불량 회원 & 비매너 회원 공유
  제목 키워드 불일치로 제외: NSB 농심 카페 장터에 글을 올리기 전에 꼭 읽어주세요!!
  제목 키워드 불일치로 제외: NSB 농심 카페 활동 시작하면 꼭 읽어주세요!!!
  제목 키워드 불일치로 제외: NSB 농심카페와 함께할 공식 체육관을 찾습니다
  제목 키워드 불일치로 제외: 농심 카페에서 체육관을 직접 짓는다면? 가능은 한 이야기인가?
  본문 열기: [서울모임] [서대문구]8월15일(일) 17시~19시 픽업 게임 게스트 모집합니다.
  본문 열기: [서울모임] [금천구] 🏀 8/16 (일) 09:00~12:00 게스트 초청합니다. (금나래체육관)
  본문 열기: [경기모임] [현천동/상암부근] 오늘 스킬존 20-22시 게스트구합니다!
  본문 열기: [경기모임] [일산/고양/파주/김포] 15일 토요일 저녁 7-10시 게스트 모집합니다
  본문 열기: [경기모임] [광명/구로/금천] 오늘 목요일 오후 6시부터 9시까지 게스트 구해요 (즐농모임)(7시 경기시작)
  본문 열기: [서울모임] [성북구] 석계역인근 즐농 팀 턴오버에서 8월16일 일요일 12시~15시 게스트 모집합니다.
  본문 열기: [서울모임] [서초/강남/과천] [오늘]8/13(목) 17시~19시 서초종합체육관 게스트 모집합니다
  본문 열기: [경기모임] [경기,구리] 8월 15일 토요일15;00-17;00 게스트 구인 합니다.
  본문 열기: [서울모임] [서울모임][중랑구] 중랑,망우 8월13일 (목요일) 19:30~21:30 게스트 모집
  본문 열기: [인천모임] [인천 부평구] 8월 14일, 금요일, 21:30 ~ 24:00, 십정동 멤버스키키 즐농 2 or 3파전 게스트 모집
  본문 열기: [수원][모집중] 8월 15일 (토) 즐농 5vs5 밤 20시 ~22시 경기도수원월드컵스포츠센터 게스트 모집합니다.
  본문 열기: [서울모임] [동작구]8/16(일) 영등포고 15:00 ~ 18:00 즐농게스트 모십니다.
  제목 키워드 불일치로 제외: [인천모임] (부평십정)8월13일 목 저녁10:30
  본문 열기: [경기모임] [양주/동두천/의정부] 8월 14일(금). 저녁 8시~10시. 게스트 모집
  본문 열기: [경기모임] [시흥] 08월 15일(토) 오전 오전10~12시 게스트 모집 합니다.
- 키워드 매칭 글 14개
  저장 후보: 2026-08-15 17:00 [서울모임] [서대문구]8월15일(일) 17시~19시 픽업 게임 게스트 모집합니다.
  저장 후보: 2026-08-16 09:00 [서울모임] [금천구] 🏀 8/16 (일) 09:00~12:00 게스트 초청합니다. (금나래체육관)
  저장 후보: 2026-08-13 20:00 [경기모임] [현천동/상암부근] 오늘 스킬존 20-22시 게스트구합니다!
  저장 후보: 2026-07-10 19:00 [경기모임] [일산/고양/파주/김포] 15일 토요일 저녁 7-10시 게스트 모집합니다
  저장 후보: 2026-08-13 20:00 [경기모임] [광명/구로/금천] 오늘 목요일 오후 6시부터 9시까지 게스트 구해요 (즐농모임)(7시 경기시작)
  저장 후보: 2026-08-16 12:00 [서울모임] [성북구] 석계역인근 즐농 팀 턴오버에서 8월16일 일요일 12시~15시 게스트 모집합니다.
  저장 후보: 2026-08-13 17:00 [서울모임] [서초/강남/과천] [오늘]8/13(목) 17시~19시 서초종합체육관 게스트 모집합니다
  저장 후보: 2026-08-15 00:00 [경기모임] [경기,구리] 8월 15일 토요일15;00-17;00 게스트 구인 합니다.
  저장 후보: 2026-08-13 19:30 [서울모임] [서울모임][중랑구] 중랑,망우 8월13일 (목요일) 19:30~21:30 게스트 모집
  저장 후보: 2026-08-14 21:30 [인천모임] [인천 부평구] 8월 14일, 금요일, 21:30 ~ 24:00, 십정동 멤버스키키 즐농 2 or 3파전 게스트 모집
  저장 후보: 2026-08-15 20:00 [수원][모집중] 8월 15일 (토) 즐농 5vs5 밤 20시 ~22시 경기도수원월드컵스포츠센터 게스트 모집합니다.
  저장 후보: 2026-08-16 15:00 [서울모임] [동작구]8/16(일) 영등포고 15:00 ~ 18:00 즐농게스트 모십니다.
  저장 후보: 2026-08-14 20:00 [경기모임] [양주/동두천/의정부] 8월 14일(금). 저녁 8시~10시. 게스트 모집
  저장 후보: 2026-08-15 10:00 [경기모임] [시흥] 08월 15일(토) 오전 오전10~12시 게스트 모집 합니다.
로그인 쿠키 9개를 저장했습니다: /Users/kangsanlee/Documents/농구 서비스/data/auth-default-cookies.json
49개 글을 읽고 49개 일정으로 저장했습니다.
[2026-08-13T02:46:26.424Z] 자동 카페 수집 종료: 성공

[2026-08-13T02:51:26.423Z] 자동 카페 수집 시작: default
로그인 세션 브라우저가 이미 열려 있어 자동 수집을 건너뜁니다.
자동 수집은 기존 창을 건드리지 않고 다음 주기에 다시 시도합니다.
잠금 정보: SingletonLock 있음
[2026-08-13T02:51:26.794Z] 자동 카페 수집 종료: 성공

[2026-08-13T02:56:26.793Z] 자동 카페 수집 시작: default
저장된 로그인 쿠키 9개를 불러왔습니다.
수집 시작: 동아리 농구 카페
- 목록 열기: https://m.cafe.daum.net/dongarry/Dilr?boardType=
  선택자 "a[href*='/dongarry/']" 링크 0개
  선택자 "a[href*='/_rec/']" 링크 0개
  선택자 "a.link_cafe" 링크 0개
  선택자 "a[href]" 링크 0개
  Daum HTML fallback 링크 20개
- 글 링크 후보 20개
  본문 열기: [수원]8월 14일 금요일 9시 11시 보훈원 게스트 모십니다.
  다음카페 목록 정보만 저장
  본문 열기: [서울] [강남구] 8월 14일 금요일 20~22시 강남스포츠문화센터 게스트 모십니다.
  다음카페 목록 정보만 저장
  본문 열기: [서울] [강남구] 8/16(일) 15~18시 삼성동 객원 구합니다.
  다음카페 목록 정보만 저장
  본문 열기: [인천] (부평십정)8월15일 12:30-15:30
  다음카페 목록 정보만 저장
  본문 열기: [경기] [남양주]8월13일목요일(오늘)22시~00시30분 게스트 모집합니다
  다음카페 목록 정보만 저장
  본문 열기: [서울] [중구] 8/13(목) 20:00~21:30 약수역 중구청소년수련관 게스트 모집합니다~
  다음카페 목록 정보만 저장
  본문 열기: [서울] [서대문구]8월15일(토) 17시~19시 픽업 게임 게스트 모집합니다.
  다음카페 목록 정보만 저장
  본문 열기: [서울] 은평 고양 덕은 화전 상암] 08.13(목) 스킬존 3관 20-22 게스트 모집
  다음카페 목록 정보만 저장
  본문 열기: [서울] 🏀 8/16 (일) 09:00 ~ 12:00 게스트 모집합니다. (금나래 문화체육센터)
  다음카페 목록 정보만 저장
  본문 열기: [김포] 고촌 8/13 (목) 19:00~ 22:00 볼트팀에서 게스트3인 구합니다.
  다음카페 목록 정보만 저장
  본문 열기: [경기] 8월 13일 목요일 게스트 구인합니다. 저녁 8시-10시30분 (풀냉방)
  다음카페 목록 정보만 저장
  본문 열기: [서울][마포 은평 고양] 상암체육관 8월 14일 금요일 19:00~21:00 게스트 모집합니다
  다음카페 목록 정보만 저장
  본문 열기: [오늘 저녁 노원 마들역부근 게스트 3분 구합니다]
  다음카페 목록 정보만 저장
  본문 열기: [경기] [시흥] 08월 15일(토) 오전 오전10~12시 게스트 모집 합니다.
  다음카페 목록 정보만 저장
  본문 열기: [8/13 하남 미사 19~21.5시 게스트 모집]
  다음카페 목록 정보만 저장
  본문 열기: [서울][이촌] 8월15일(토) 14시20분~17시50분 게스트 초청합니다
  다음카페 목록 정보만 저장
  본문 열기: [서울] [강남구] 8. 13.(목) 22시 ~ 24시 어브 온(AUBE ON)에서 게스트 모집합니다.
  다음카페 목록 정보만 저장
  본문 열기: [서울] [금천,관악,광명,안양]금천구 8월 16일(일요일) 15시~18시 게스트 모집합니다
  다음카페 목록 정보만 저장
  본문 열기: [서울 중랑구] 🏀 08/13일 목요일 오후07:30~09:30 팀 와이드오픈에서 게스트 모집합니다
  다음카페 목록 정보만 저장
  본문 열기: [파주,금촌,일산]8월13일 19시~22시 게스트모집합니다
  다음카페 목록 정보만 저장
- 키워드 매칭 글 20개
  저장 후보: 2026-08-14 09:00 [수원]8월 14일 금요일 9시 11시 보훈원 게스트 모십니다.
  저장 후보: 2026-08-14 20:00 [서울] [강남구] 8월 14일 금요일 20~22시 강남스포츠문화센터 게스트 모십니다.
  저장 후보: 2026-08-16 15:00 [서울] [강남구] 8/16(일) 15~18시 삼성동 객원 구합니다.
  저장 후보: 2026-08-15 12:30 [인천] (부평십정)8월15일 12:30-15:30
  저장 후보: 2026-08-13 22:00 [경기] [남양주]8월13일목요일(오늘)22시~00시30분 게스트 모집합니다
  저장 후보: 2026-08-13 20:00 [서울] [중구] 8/13(목) 20:00~21:30 약수역 중구청소년수련관 게스트 모집합니다~
  저장 후보: 2026-08-15 17:00 [서울] [서대문구]8월15일(토) 17시~19시 픽업 게임 게스트 모집합니다.
  저장 후보: 2026-08-13 20:00 [서울] 은평 고양 덕은 화전 상암] 08.13(목) 스킬존 3관 20-22 게스트 모집
  저장 후보: 2026-08-16 09:00 [서울] 🏀 8/16 (일) 09:00 ~ 12:00 게스트 모집합니다. (금나래 문화체육센터)
  저장 후보: 2026-08-13 19:00 [김포] 고촌 8/13 (목) 19:00~ 22:00 볼트팀에서 게스트3인 구합니다.
  저장 후보: 2026-08-13 20:00 [경기] 8월 13일 목요일 게스트 구인합니다. 저녁 8시-10시30분 (풀냉방)
  저장 후보: 2026-08-14 19:00 [서울][마포 은평 고양] 상암체육관 8월 14일 금요일 19:00~21:00 게스트 모집합니다
  저장 후보: 2026-08-13 00:00 [오늘 저녁 노원 마들역부근 게스트 3분 구합니다]
  저장 후보: 2026-08-15 10:00 [경기] [시흥] 08월 15일(토) 오전 오전10~12시 게스트 모집 합니다.
  저장 후보: 2026-08-13 19:00 [8/13 하남 미사 19~21.5시 게스트 모집]
  저장 후보: 2026-08-15 14:20 [서울][이촌] 8월15일(토) 14시20분~17시50분 게스트 초청합니다
  저장 후보: 2026-08-13 22:00 [서울] [강남구] 8. 13.(목) 22시 ~ 24시 어브 온(AUBE ON)에서 게스트 모집합니다.
  저장 후보: 2026-08-16 15:00 [서울] [금천,관악,광명,안양]금천구 8월 16일(일요일) 15시~18시 게스트 모집합니다
  저장 후보: 2026-08-13 19:30 [서울 중랑구] 🏀 08/13일 목요일 오후07:30~09:30 팀 와이드오픈에서 게스트 모집합니다
  저장 후보: 2026-08-13 19:00 [파주,금촌,일산]8월13일 19시~22시 게스트모집합니다
수집 시작: 콘로우
- 목록 열기: https://cafe.naver.com/f-e/cafes/10586238/menus/428
  선택자 "a.article" 링크 0개
  선택자 ".ArticleList a[href*='/ArticleRead.nhn']" 링크 0개
  선택자 "a[href*='articleid=']" 링크 0개
  선택자 "a[href*='/articles/']" 링크 0개
  HTML fallback 링크 30개
- 글 링크 후보 30개
  건너뜀: 🏀 NSB 농심 카페 3X3 37회 챔피언십 농구 대회 in NSB 체육관
  건너뜀: SLAMDUNK EXPEDITION : 농심카페 일본원정 농구캠프 원정대원 모집
  건너뜀: 23스토어 X NSB 농심카페 후기 작성 이벤트
  건너뜀: 리바이티브 EMS 저주파 발 마사지기 S액티브 공동구매 2차
  건너뜀: "100% 바뀐다" NSB X 동농커리 슈팅클래스 6기 선착순 모집! 🏀🔥
  제목 키워드 불일치로 제외: 🏆 1회 NSB 농심 카페 5대5 농구 최강자전 [NO LIMITS]
  제목 키워드 불일치로 제외: NSB 농심 카페 회원 전용 '브랜드 홍보 & 회원 혜택' 게시판 오픈 안내!
  제목 키워드 불일치로 제외: 🏀 NSB 농심카페 전용 체육관, 2026년 새롭게 문을 엽니다!
  건너뜀: NSB 농심 카페에서 동호회 농구팀을 소개하는 유튜브를 시작합니다^^
  건너뜀: NSB 농심 카페 농구 용품 위탁 판매 서비스 시작합니다
  제목 키워드 불일치로 제외: NSB 농심 카페 장터 불량 회원 & 비매너 회원 공유
  제목 키워드 불일치로 제외: NSB 농심 카페 장터에 글을 올리기 전에 꼭 읽어주세요!!
  제목 키워드 불일치로 제외: NSB 농심 카페 활동 시작하면 꼭 읽어주세요!!!
  제목 키워드 불일치로 제외: NSB 농심카페와 함께할 공식 체육관을 찾습니다
  제목 키워드 불일치로 제외: 농심 카페에서 체육관을 직접 짓는다면? 가능은 한 이야기인가?
  본문 열기: [부산울산] 8월13일 목 신라중 교류전모집
  본문 열기: [대구경상] [경북구미] 8월 14일 금요일 18:30 ~ 21:30 교류전팀 구합니다.
  본문 열기: [인천경기] [시흥](마감입니다)8월 15일(토) 10시~12시 슈팅비에서 교류전 초청합니다
  본문 열기: [대구경상] [경남진주] 8월 15일 신안동 학생체육관 18:30~21:30 교류전 팀 구합니다.
  본문 열기: [서울] [서대문구남가좌동] 8월16일 일요일 9.30분 ~ 11.30분 교류전 팀 구합니다 (즐농팀)
  본문 열기: [인천경기] 토요일 8/15 오전 8시 ~ 10시30분 체육관 양도
  본문 열기: [서울] [은평/고양] 8월 16일 일요일 오전 9:20~12:00 좀비스 교류전 초청
  본문 열기: [서울] [서울] [노원, 도봉, 강북] 8.13목 19:30~21:30 교류전팀 구합니다.
  본문 열기: [서울] (완료) 8/12(수) 8~10 친선전 초청드립니다
  본문 열기: [인천경기] [부평] 토요일(15일) 오전 8시 ~ 10시 30분 체육관 양도
  본문 열기: [인천경기] 인천 청소년 수련관에서 고등부 교류전
  본문 열기: [서울] [동대문구] 8월 15일 토요일 22:00-01:00 Rebels 에서 교류전 초청합니다.
  본문 열기: [인천경기] [고양시]도내동 8월15일 토요일 오전8시 ~11시 교류전팀 모십니다
  본문 열기: [부산울산] [[부산 강서구]] 8월 16일 일요일 0900 - 1200 부산 강서구 명호고 교류전 하실 팀 구합니다.
  본문 열기: [부산울산] [부산진구 양정동] 8월 16일 일요일 14시~1７시 양정고등학교 교류전 모집합니다 (샤워 가능)
- 키워드 매칭 글 15개
  저장 후보: 2026-08-13 18:30 [부산울산] 8월13일 목 신라중 교류전모집
  저장 후보: 2026-08-14 18:30 [대구경상] [경북구미] 8월 14일 금요일 18:30 ~ 21:30 교류전팀 구합니다.
  저장 후보: 2026-08-15 10:00 [인천경기] [시흥](마감입니다)8월 15일(토) 10시~12시 슈팅비에서 교류전 초청합니다
  저장 후보: 2026-08-15 18:30 [대구경상] [경남진주] 8월 15일 신안동 학생체육관 18:30~21:30 교류전 팀 구합니다.
  저장 후보: 2026-08-16 09:30 [서울] [서대문구남가좌동] 8월16일 일요일 9.30분 ~ 11.30분 교류전 팀 구합니다 (즐농팀)
  저장 후보: 2026-08-15 08:00 [인천경기] 토요일 8/15 오전 8시 ~ 10시30분 체육관 양도
  저장 후보: 2026-08-16 09:20 [서울] [은평/고양] 8월 16일 일요일 오전 9:20~12:00 좀비스 교류전 초청
  저장 후보: 2026-08-13 19:30 [서울] [서울] [노원, 도봉, 강북] 8.13목 19:30~21:30 교류전팀 구합니다.
  저장 후보: 2026-08-12 08:00 [서울] (완료) 8/12(수) 8~10 친선전 초청드립니다
  저장 후보: 2026-08-11 08:00 [인천경기] [부평] 토요일(15일) 오전 8시 ~ 10시 30분 체육관 양도
  저장 후보: 2026-08-11 13:00 [인천경기] 인천 청소년 수련관에서 고등부 교류전
  저장 후보: 2026-08-15 22:00 [서울] [동대문구] 8월 15일 토요일 22:00-01:00 Rebels 에서 교류전 초청합니다.
  저장 후보: 2026-08-15 08:00 [인천경기] [고양시]도내동 8월15일 토요일 오전8시 ~11시 교류전팀 모십니다
  저장 후보: 2026-08-16 09:00 [부산울산] [[부산 강서구]] 8월 16일 일요일 0900 - 1200 부산 강서구 명호고 교류전 하실 팀 구합니다.
  저장 후보: 2026-08-16 14:00 [부산울산] [부산진구 양정동] 8월 16일 일요일 14시~1７시 양정고등학교 교류전 모집합니다 (샤워 가능)
수집 시작: 콘로우
- 목록 열기: https://cafe.naver.com/f-e/cafes/10586238/menus/34
  선택자 "a.article" 링크 0개
  선택자 ".ArticleList a[href*='/ArticleRead.nhn']" 링크 0개
  선택자 "a[href*='articleid=']" 링크 0개
  선택자 "a[href*='/articles/']" 링크 0개
  HTML fallback 링크 30개
- 글 링크 후보 30개
  건너뜀: 🏀 NSB 농심 카페 3X3 37회 챔피언십 농구 대회 in NSB 체육관
  건너뜀: SLAMDUNK EXPEDITION : 농심카페 일본원정 농구캠프 원정대원 모집
  건너뜀: 23스토어 X NSB 농심카페 후기 작성 이벤트
  건너뜀: 리바이티브 EMS 저주파 발 마사지기 S액티브 공동구매 2차
  건너뜀: "100% 바뀐다" NSB X 동농커리 슈팅클래스 6기 선착순 모집! 🏀🔥
  제목 키워드 불일치로 제외: 🏆 1회 NSB 농심 카페 5대5 농구 최강자전 [NO LIMITS]
  제목 키워드 불일치로 제외: NSB 농심 카페 회원 전용 '브랜드 홍보 & 회원 혜택' 게시판 오픈 안내!
  제목 키워드 불일치로 제외: 🏀 NSB 농심카페 전용 체육관, 2026년 새롭게 문을 엽니다!
  건너뜀: NSB 농심 카페에서 동호회 농구팀을 소개하는 유튜브를 시작합니다^^
  건너뜀: NSB 농심 카페 농구 용품 위탁 판매 서비스 시작합니다
  제목 키워드 불일치로 제외: NSB 농심 카페 장터 불량 회원 & 비매너 회원 공유
  제목 키워드 불일치로 제외: NSB 농심 카페 장터에 글을 올리기 전에 꼭 읽어주세요!!
  제목 키워드 불일치로 제외: NSB 농심 카페 활동 시작하면 꼭 읽어주세요!!!
  제목 키워드 불일치로 제외: NSB 농심카페와 함께할 공식 체육관을 찾습니다
  제목 키워드 불일치로 제외: 농심 카페에서 체육관을 직접 짓는다면? 가능은 한 이야기인가?
  본문 열기: [경기모임] [용인/기흥/수원] 8월 9일 일요일 오전 7시~9시 팀야미 게스트 초대합니다
  본문 열기: [서울모임] [서대문구]8월15일(일) 17시~19시 픽업 게임 게스트 모집합니다.
  본문 열기: [서울모임] [금천구] 🏀 8/16 (일) 09:00~12:00 게스트 초청합니다. (금나래체육관)
  본문 열기: [경기모임] [현천동/상암부근] 오늘 스킬존 20-22시 게스트구합니다!
  본문 열기: [경기모임] [일산/고양/파주/김포] 15일 토요일 저녁 7-10시 게스트 모집합니다
  본문 열기: [경기모임] [광명/구로/금천] 오늘 목요일 오후 6시부터 9시까지 게스트 구해요 (즐농모임)(7시 경기시작)
  본문 열기: [서울모임] [성북구] 석계역인근 즐농 팀 턴오버에서 8월16일 일요일 12시~15시 게스트 모집합니다.
  본문 열기: [서울모임] [서초/강남/과천] [오늘]8/13(목) 17시~19시 서초종합체육관 게스트 모집합니다
  본문 열기: [경기모임] [경기,구리] 8월 15일 토요일15;00-17;00 게스트 구인 합니다.
  본문 열기: [서울모임] [서울모임][중랑구] 중랑,망우 8월13일 (목요일) 19:30~21:30 게스트 모집
  본문 열기: [인천모임] [인천 부평구] 8월 14일, 금요일, 21:30 ~ 24:00, 십정동 멤버스키키 즐농 2 or 3파전 게스트 모집
  본문 열기: [수원][모집중] 8월 15일 (토) 즐농 5vs5 밤 20시 ~22시 경기도수원월드컵스포츠센터 게스트 모집합니다.
  본문 열기: [서울모임] [동작구]8/16(일) 영등포고 15:00 ~ 18:00 즐농게스트 모십니다.
  제목 키워드 불일치로 제외: [인천모임] (부평십정)8월13일 목 저녁10:30
  본문 열기: [경기모임] [양주/동두천/의정부] 8월 14일(금). 저녁 8시~10시. 게스트 모집
- 키워드 매칭 글 14개
  저장 후보: 2026-08-09 07:00 [경기모임] [용인/기흥/수원] 8월 9일 일요일 오전 7시~9시 팀야미 게스트 초대합니다
  저장 후보: 2026-08-15 17:00 [서울모임] [서대문구]8월15일(일) 17시~19시 픽업 게임 게스트 모집합니다.
  저장 후보: 2026-08-16 09:00 [서울모임] [금천구] 🏀 8/16 (일) 09:00~12:00 게스트 초청합니다. (금나래체육관)
  저장 후보: 2026-08-13 20:00 [경기모임] [현천동/상암부근] 오늘 스킬존 20-22시 게스트구합니다!
  저장 후보: 2026-07-10 19:00 [경기모임] [일산/고양/파주/김포] 15일 토요일 저녁 7-10시 게스트 모집합니다
  저장 후보: 2026-08-13 20:00 [경기모임] [광명/구로/금천] 오늘 목요일 오후 6시부터 9시까지 게스트 구해요 (즐농모임)(7시 경기시작)
  저장 후보: 2026-08-16 12:00 [서울모임] [성북구] 석계역인근 즐농 팀 턴오버에서 8월16일 일요일 12시~15시 게스트 모집합니다.
  저장 후보: 2026-08-13 17:00 [서울모임] [서초/강남/과천] [오늘]8/13(목) 17시~19시 서초종합체육관 게스트 모집합니다
  저장 후보: 2026-08-15 00:00 [경기모임] [경기,구리] 8월 15일 토요일15;00-17;00 게스트 구인 합니다.
  저장 후보: 2026-08-13 19:30 [서울모임] [서울모임][중랑구] 중랑,망우 8월13일 (목요일) 19:30~21:30 게스트 모집
  저장 후보: 2026-08-14 21:30 [인천모임] [인천 부평구] 8월 14일, 금요일, 21:30 ~ 24:00, 십정동 멤버스키키 즐농 2 or 3파전 게스트 모집
  저장 후보: 2026-08-15 20:00 [수원][모집중] 8월 15일 (토) 즐농 5vs5 밤 20시 ~22시 경기도수원월드컵스포츠센터 게스트 모집합니다.
  저장 후보: 2026-08-16 15:00 [서울모임] [동작구]8/16(일) 영등포고 15:00 ~ 18:00 즐농게스트 모십니다.
  저장 후보: 2026-08-14 20:00 [경기모임] [양주/동두천/의정부] 8월 14일(금). 저녁 8시~10시. 게스트 모집
로그인 쿠키 9개를 저장했습니다: /Users/kangsanlee/Documents/농구 서비스/data/auth-default-cookies.json
49개 글을 읽고 49개 일정으로 저장했습니다.
[2026-08-13T02:58:37.776Z] 자동 카페 수집 종료: 성공

[2026-08-13T03:03:37.776Z] 자동 카페 수집 시작: default
저장된 로그인 쿠키 9개를 불러왔습니다.
수집 시작: 동아리 농구 카페
- 목록 열기: https://m.cafe.daum.net/dongarry/Dilr?boardType=
  선택자 "a[href*='/dongarry/']" 링크 0개
  선택자 "a[href*='/_rec/']" 링크 0개
  선택자 "a.link_cafe" 링크 0개
  선택자 "a[href]" 링크 0개
  Daum HTML fallback 링크 20개
- 글 링크 후보 20개
  본문 열기: [경기] [용인/기흥/수원] 8월 16일 일요일 오전 7시~9시 게스트 초대합니다
  다음카페 목록 정보만 저장
  본문 열기: [경기] 양평 가평 원주 홍천 [양평 브리즈 운동 게스트 구인] 8.14.(금) 19:00
  다음카페 목록 정보만 저장
  본문 열기: [수원]8월 14일 금요일 9시 11시 보훈원 게스트 모십니다.
  다음카페 목록 정보만 저장
  본문 열기: [서울] [강남구] 8월 14일 금요일 20~22시 강남스포츠문화센터 게스트 모십니다.
  다음카페 목록 정보만 저장
  본문 열기: [서울] [강남구] 8/16(일) 15~18시 삼성동 객원 구합니다.
  다음카페 목록 정보만 저장
  본문 열기: [인천] (부평십정)8월15일 12:30-15:30
  다음카페 목록 정보만 저장
  본문 열기: [경기] [남양주]8월13일목요일(오늘)22시~00시30분 게스트 모집합니다
  다음카페 목록 정보만 저장
  본문 열기: [서울] [중구] 8/13(목) 20:00~21:30 약수역 중구청소년수련관 게스트 모집합니다~
  다음카페 목록 정보만 저장
  본문 열기: [서울] [서대문구]8월15일(토) 17시~19시 픽업 게임 게스트 모집합니다.
  다음카페 목록 정보만 저장
  본문 열기: [서울] 은평 고양 덕은 화전 상암] 08.13(목) 스킬존 3관 20-22 게스트 모집
  다음카페 목록 정보만 저장
  본문 열기: [서울] 🏀 8/16 (일) 09:00 ~ 12:00 게스트 모집합니다. (금나래 문화체육센터)
  다음카페 목록 정보만 저장
  본문 열기: [김포] 고촌 8/13 (목) 19:00~ 22:00 볼트팀에서 게스트3인 구합니다.
  다음카페 목록 정보만 저장
  본문 열기: [경기] 8월 13일 목요일 게스트 구인합니다. 저녁 8시-10시30분 (풀냉방)
  다음카페 목록 정보만 저장
  본문 열기: [서울][마포 은평 고양] 상암체육관 8월 14일 금요일 19:00~21:00 게스트 모집합니다
  다음카페 목록 정보만 저장
  본문 열기: [오늘 저녁 노원 마들역부근 게스트 3분 구합니다]
  다음카페 목록 정보만 저장
  본문 열기: [경기] [시흥] 08월 15일(토) 오전 오전10~12시 게스트 모집 합니다.
  다음카페 목록 정보만 저장
  본문 열기: [8/13 하남 미사 19~21.5시 게스트 모집]
  다음카페 목록 정보만 저장
  본문 열기: [서울][이촌] 8월15일(토) 14시20분~17시50분 게스트 초청합니다
  다음카페 목록 정보만 저장
  본문 열기: [서울] [강남구] 8. 13.(목) 22시 ~ 24시 어브 온(AUBE ON)에서 게스트 모집합니다.
  다음카페 목록 정보만 저장
  본문 열기: [서울] [금천,관악,광명,안양]금천구 8월 16일(일요일) 15시~18시 게스트 모집합니다
  다음카페 목록 정보만 저장
- 키워드 매칭 글 20개
  저장 후보: 2026-08-16 07:00 [경기] [용인/기흥/수원] 8월 16일 일요일 오전 7시~9시 게스트 초대합니다
  저장 후보: 2026-08-14 00:00 [경기] 양평 가평 원주 홍천 [양평 브리즈 운동 게스트 구인] 8.14.(금) 19:00
  저장 후보: 2026-08-14 09:00 [수원]8월 14일 금요일 9시 11시 보훈원 게스트 모십니다.
  저장 후보: 2026-08-14 20:00 [서울] [강남구] 8월 14일 금요일 20~22시 강남스포츠문화센터 게스트 모십니다.
  저장 후보: 2026-08-16 15:00 [서울] [강남구] 8/16(일) 15~18시 삼성동 객원 구합니다.
  저장 후보: 2026-08-15 12:30 [인천] (부평십정)8월15일 12:30-15:30
  저장 후보: 2026-08-13 22:00 [경기] [남양주]8월13일목요일(오늘)22시~00시30분 게스트 모집합니다
  저장 후보: 2026-08-13 20:00 [서울] [중구] 8/13(목) 20:00~21:30 약수역 중구청소년수련관 게스트 모집합니다~
  저장 후보: 2026-08-15 17:00 [서울] [서대문구]8월15일(토) 17시~19시 픽업 게임 게스트 모집합니다.
  저장 후보: 2026-08-13 20:00 [서울] 은평 고양 덕은 화전 상암] 08.13(목) 스킬존 3관 20-22 게스트 모집
  저장 후보: 2026-08-16 09:00 [서울] 🏀 8/16 (일) 09:00 ~ 12:00 게스트 모집합니다. (금나래 문화체육센터)
  저장 후보: 2026-08-13 19:00 [김포] 고촌 8/13 (목) 19:00~ 22:00 볼트팀에서 게스트3인 구합니다.
  저장 후보: 2026-08-13 20:00 [경기] 8월 13일 목요일 게스트 구인합니다. 저녁 8시-10시30분 (풀냉방)
  저장 후보: 2026-08-14 19:00 [서울][마포 은평 고양] 상암체육관 8월 14일 금요일 19:00~21:00 게스트 모집합니다
  저장 후보: 2026-08-13 00:00 [오늘 저녁 노원 마들역부근 게스트 3분 구합니다]
  저장 후보: 2026-08-15 10:00 [경기] [시흥] 08월 15일(토) 오전 오전10~12시 게스트 모집 합니다.
  저장 후보: 2026-08-13 19:00 [8/13 하남 미사 19~21.5시 게스트 모집]
  저장 후보: 2026-08-15 14:20 [서울][이촌] 8월15일(토) 14시20분~17시50분 게스트 초청합니다
  저장 후보: 2026-08-13 22:00 [서울] [강남구] 8. 13.(목) 22시 ~ 24시 어브 온(AUBE ON)에서 게스트 모집합니다.
  저장 후보: 2026-08-16 15:00 [서울] [금천,관악,광명,안양]금천구 8월 16일(일요일) 15시~18시 게스트 모집합니다
수집 시작: 콘로우
- 목록 열기: https://cafe.naver.com/f-e/cafes/10586238/menus/428
  선택자 "a.article" 링크 0개
  선택자 ".ArticleList a[href*='/ArticleRead.nhn']" 링크 0개
  선택자 "a[href*='articleid=']" 링크 0개
  선택자 "a[href*='/articles/']" 링크 0개
  HTML fallback 링크 30개
- 글 링크 후보 30개
  건너뜀: 🏀 NSB 농심 카페 3X3 37회 챔피언십 농구 대회 in NSB 체육관
  건너뜀: SLAMDUNK EXPEDITION : 농심카페 일본원정 농구캠프 원정대원 모집
  건너뜀: 23스토어 X NSB 농심카페 후기 작성 이벤트
  건너뜀: 리바이티브 EMS 저주파 발 마사지기 S액티브 공동구매 2차
  건너뜀: "100% 바뀐다" NSB X 동농커리 슈팅클래스 6기 선착순 모집! 🏀🔥
  제목 키워드 불일치로 제외: 🏆 1회 NSB 농심 카페 5대5 농구 최강자전 [NO LIMITS]
  제목 키워드 불일치로 제외: NSB 농심 카페 회원 전용 '브랜드 홍보 & 회원 혜택' 게시판 오픈 안내!
  제목 키워드 불일치로 제외: 🏀 NSB 농심카페 전용 체육관, 2026년 새롭게 문을 엽니다!
  건너뜀: NSB 농심 카페에서 동호회 농구팀을 소개하는 유튜브를 시작합니다^^
  건너뜀: NSB 농심 카페 농구 용품 위탁 판매 서비스 시작합니다
  제목 키워드 불일치로 제외: NSB 농심 카페 장터 불량 회원 & 비매너 회원 공유
  제목 키워드 불일치로 제외: NSB 농심 카페 장터에 글을 올리기 전에 꼭 읽어주세요!!
  제목 키워드 불일치로 제외: NSB 농심 카페 활동 시작하면 꼭 읽어주세요!!!
  제목 키워드 불일치로 제외: NSB 농심카페와 함께할 공식 체육관을 찾습니다
  제목 키워드 불일치로 제외: 농심 카페에서 체육관을 직접 짓는다면? 가능은 한 이야기인가?
  본문 열기: [부산울산] 8월13일 목 신라중 교류전모집
  본문 열기: [대구경상] [경북구미] 8월 14일 금요일 18:30 ~ 21:30 교류전팀 구합니다.
  본문 열기: [인천경기] [시흥](마감입니다)8월 15일(토) 10시~12시 슈팅비에서 교류전 초청합니다
  본문 열기: [대구경상] [경남진주] 8월 15일 신안동 학생체육관 18:30~21:30 교류전 팀 구합니다.
  본문 열기: [서울] [서대문구남가좌동] 8월16일 일요일 9.30분 ~ 11.30분 교류전 팀 구합니다 (즐농팀)
  본문 열기: [인천경기] 토요일 8/15 오전 8시 ~ 10시30분 체육관 양도
  본문 열기: [서울] [은평/고양] 8월 16일 일요일 오전 9:20~12:00 좀비스 교류전 초청
  본문 열기: [서울] [서울] [노원, 도봉, 강북] 8.13목 19:30~21:30 교류전팀 구합니다.
  본문 열기: [서울] (완료) 8/12(수) 8~10 친선전 초청드립니다
  본문 열기: [인천경기] [부평] 토요일(15일) 오전 8시 ~ 10시 30분 체육관 양도
  본문 열기: [인천경기] 인천 청소년 수련관에서 고등부 교류전
  본문 열기: [서울] [동대문구] 8월 15일 토요일 22:00-01:00 Rebels 에서 교류전 초청합니다.
  본문 열기: [인천경기] [고양시]도내동 8월15일 토요일 오전8시 ~11시 교류전팀 모십니다
  본문 열기: [부산울산] [[부산 강서구]] 8월 16일 일요일 0900 - 1200 부산 강서구 명호고 교류전 하실 팀 구합니다.
  본문 열기: [부산울산] [부산진구 양정동] 8월 16일 일요일 14시~1７시 양정고등학교 교류전 모집합니다 (샤워 가능)
- 키워드 매칭 글 15개
  저장 후보: 2026-08-13 18:30 [부산울산] 8월13일 목 신라중 교류전모집
  저장 후보: 2026-08-14 18:30 [대구경상] [경북구미] 8월 14일 금요일 18:30 ~ 21:30 교류전팀 구합니다.
  저장 후보: 2026-08-15 10:00 [인천경기] [시흥](마감입니다)8월 15일(토) 10시~12시 슈팅비에서 교류전 초청합니다
  저장 후보: 2026-08-15 18:30 [대구경상] [경남진주] 8월 15일 신안동 학생체육관 18:30~21:30 교류전 팀 구합니다.
  저장 후보: 2026-08-16 09:30 [서울] [서대문구남가좌동] 8월16일 일요일 9.30분 ~ 11.30분 교류전 팀 구합니다 (즐농팀)
  저장 후보: 2026-08-15 08:00 [인천경기] 토요일 8/15 오전 8시 ~ 10시30분 체육관 양도
  저장 후보: 2026-08-16 09:20 [서울] [은평/고양] 8월 16일 일요일 오전 9:20~12:00 좀비스 교류전 초청
  저장 후보: 2026-08-13 19:30 [서울] [서울] [노원, 도봉, 강북] 8.13목 19:30~21:30 교류전팀 구합니다.
  저장 후보: 2026-08-12 08:00 [서울] (완료) 8/12(수) 8~10 친선전 초청드립니다
  저장 후보: 2026-08-11 08:00 [인천경기] [부평] 토요일(15일) 오전 8시 ~ 10시 30분 체육관 양도
  저장 후보: 2026-08-11 13:00 [인천경기] 인천 청소년 수련관에서 고등부 교류전
  저장 후보: 2026-08-15 22:00 [서울] [동대문구] 8월 15일 토요일 22:00-01:00 Rebels 에서 교류전 초청합니다.
  저장 후보: 2026-08-15 08:00 [인천경기] [고양시]도내동 8월15일 토요일 오전8시 ~11시 교류전팀 모십니다
  저장 후보: 2026-08-16 09:00 [부산울산] [[부산 강서구]] 8월 16일 일요일 0900 - 1200 부산 강서구 명호고 교류전 하실 팀 구합니다.
  저장 후보: 2026-08-16 14:00 [부산울산] [부산진구 양정동] 8월 16일 일요일 14시~1７시 양정고등학교 교류전 모집합니다 (샤워 가능)
수집 시작: 콘로우
- 목록 열기: https://cafe.naver.com/f-e/cafes/10586238/menus/34
  선택자 "a.article" 링크 0개
  선택자 ".ArticleList a[href*='/ArticleRead.nhn']" 링크 0개
  선택자 "a[href*='articleid=']" 링크 0개
  선택자 "a[href*='/articles/']" 링크 0개
  HTML fallback 링크 30개
- 글 링크 후보 30개
  건너뜀: 🏀 NSB 농심 카페 3X3 37회 챔피언십 농구 대회 in NSB 체육관
  건너뜀: SLAMDUNK EXPEDITION : 농심카페 일본원정 농구캠프 원정대원 모집
  건너뜀: 23스토어 X NSB 농심카페 후기 작성 이벤트
  건너뜀: 리바이티브 EMS 저주파 발 마사지기 S액티브 공동구매 2차
  건너뜀: "100% 바뀐다" NSB X 동농커리 슈팅클래스 6기 선착순 모집! 🏀🔥
  제목 키워드 불일치로 제외: 🏆 1회 NSB 농심 카페 5대5 농구 최강자전 [NO LIMITS]
  제목 키워드 불일치로 제외: NSB 농심 카페 회원 전용 '브랜드 홍보 & 회원 혜택' 게시판 오픈 안내!
  제목 키워드 불일치로 제외: 🏀 NSB 농심카페 전용 체육관, 2026년 새롭게 문을 엽니다!
  건너뜀: NSB 농심 카페에서 동호회 농구팀을 소개하는 유튜브를 시작합니다^^
  건너뜀: NSB 농심 카페 농구 용품 위탁 판매 서비스 시작합니다
  제목 키워드 불일치로 제외: NSB 농심 카페 장터 불량 회원 & 비매너 회원 공유
  제목 키워드 불일치로 제외: NSB 농심 카페 장터에 글을 올리기 전에 꼭 읽어주세요!!
  제목 키워드 불일치로 제외: NSB 농심 카페 활동 시작하면 꼭 읽어주세요!!!
  제목 키워드 불일치로 제외: NSB 농심카페와 함께할 공식 체육관을 찾습니다
  제목 키워드 불일치로 제외: 농심 카페에서 체육관을 직접 짓는다면? 가능은 한 이야기인가?
  본문 열기: [경기모임] [용인/기흥/수원] 8월 9일 일요일 오전 7시~9시 팀야미 게스트 초대합니다
  본문 열기: [서울모임] [서대문구]8월15일(일) 17시~19시 픽업 게임 게스트 모집합니다.
  본문 열기: [서울모임] [금천구] 🏀 8/16 (일) 09:00~12:00 게스트 초청합니다. (금나래체육관)
  본문 열기: [경기모임] [현천동/상암부근] 오늘 스킬존 20-22시 게스트구합니다!
  본문 열기: [경기모임] [일산/고양/파주/김포] 15일 토요일 저녁 7-10시 게스트 모집합니다
  본문 열기: [경기모임] [광명/구로/금천] 오늘 목요일 오후 6시부터 9시까지 게스트 구해요 (즐농모임)(7시 경기시작)
  본문 열기: [서울모임] [성북구] 석계역인근 즐농 팀 턴오버에서 8월16일 일요일 12시~15시 게스트 모집합니다.
  본문 열기: [서울모임] [서초/강남/과천] [오늘]8/13(목) 17시~19시 서초종합체육관 게스트 모집합니다
  본문 열기: [경기모임] [경기,구리] 8월 15일 토요일15;00-17;00 게스트 구인 합니다.
  본문 열기: [서울모임] [서울모임][중랑구] 중랑,망우 8월13일 (목요일) 19:30~21:30 게스트 모집
  본문 열기: [인천모임] [인천 부평구] 8월 14일, 금요일, 21:30 ~ 24:00, 십정동 멤버스키키 즐농 2 or 3파전 게스트 모집
  본문 열기: [수원][모집중] 8월 15일 (토) 즐농 5vs5 밤 20시 ~22시 경기도수원월드컵스포츠센터 게스트 모집합니다.
  본문 열기: [서울모임] [동작구]8/16(일) 영등포고 15:00 ~ 18:00 즐농게스트 모십니다.
  제목 키워드 불일치로 제외: [인천모임] (부평십정)8월13일 목 저녁10:30
  본문 열기: [경기모임] [양주/동두천/의정부] 8월 14일(금). 저녁 8시~10시. 게스트 모집
- 키워드 매칭 글 14개
  저장 후보: 2026-08-09 07:00 [경기모임] [용인/기흥/수원] 8월 9일 일요일 오전 7시~9시 팀야미 게스트 초대합니다
  저장 후보: 2026-08-15 17:00 [서울모임] [서대문구]8월15일(일) 17시~19시 픽업 게임 게스트 모집합니다.
  저장 후보: 2026-08-16 09:00 [서울모임] [금천구] 🏀 8/16 (일) 09:00~12:00 게스트 초청합니다. (금나래체육관)
  저장 후보: 2026-08-13 20:00 [경기모임] [현천동/상암부근] 오늘 스킬존 20-22시 게스트구합니다!
  저장 후보: 2026-07-10 19:00 [경기모임] [일산/고양/파주/김포] 15일 토요일 저녁 7-10시 게스트 모집합니다
  저장 후보: 2026-08-13 20:00 [경기모임] [광명/구로/금천] 오늘 목요일 오후 6시부터 9시까지 게스트 구해요 (즐농모임)(7시 경기시작)
  저장 후보: 2026-08-16 12:00 [서울모임] [성북구] 석계역인근 즐농 팀 턴오버에서 8월16일 일요일 12시~15시 게스트 모집합니다.
  저장 후보: 2026-08-13 17:00 [서울모임] [서초/강남/과천] [오늘]8/13(목) 17시~19시 서초종합체육관 게스트 모집합니다
  저장 후보: 2026-08-15 00:00 [경기모임] [경기,구리] 8월 15일 토요일15;00-17;00 게스트 구인 합니다.
  저장 후보: 2026-08-13 19:30 [서울모임] [서울모임][중랑구] 중랑,망우 8월13일 (목요일) 19:30~21:30 게스트 모집
  저장 후보: 2026-08-14 21:30 [인천모임] [인천 부평구] 8월 14일, 금요일, 21:30 ~ 24:00, 십정동 멤버스키키 즐농 2 or 3파전 게스트 모집
  저장 후보: 2026-08-15 20:00 [수원][모집중] 8월 15일 (토) 즐농 5vs5 밤 20시 ~22시 경기도수원월드컵스포츠센터 게스트 모집합니다.
  저장 후보: 2026-08-16 15:00 [서울모임] [동작구]8/16(일) 영등포고 15:00 ~ 18:00 즐농게스트 모십니다.
  저장 후보: 2026-08-14 20:00 [경기모임] [양주/동두천/의정부] 8월 14일(금). 저녁 8시~10시. 게스트 모집
로그인 쿠키 9개를 저장했습니다: /Users/kangsanlee/Documents/농구 서비스/data/auth-default-cookies.json
49개 글을 읽고 49개 일정으로 저장했습니다.
[2026-08-13T03:05:48.999Z] 자동 카페 수집 종료: 성공

[2026-08-13T03:10:48.999Z] 자동 카페 수집 시작: default
저장된 로그인 쿠키 9개를 불러왔습니다.
수집 시작: 동아리 농구 카페
- 목록 열기: https://m.cafe.daum.net/dongarry/Dilr?boardType=
  선택자 "a[href*='/dongarry/']" 링크 0개
  선택자 "a[href*='/_rec/']" 링크 0개
  선택자 "a.link_cafe" 링크 0개
  선택자 "a[href]" 링크 0개
  Daum HTML fallback 링크 20개
- 글 링크 후보 20개
  본문 열기: [서울] 성북구] 8월 13일 목요일 오후7시~9시30분 리버스에서 게스트 모집합니다
  다음카페 목록 정보만 저장
  본문 열기: [경기] [용인/기흥/수원] 8월 16일 일요일 오전 7시~9시 게스트 초대합니다
  다음카페 목록 정보만 저장
  본문 열기: [경기] 양평 가평 원주 홍천 [양평 브리즈 운동 게스트 구인] 8.14.(금) 19:00
  다음카페 목록 정보만 저장
  본문 열기: [수원]8월 14일 금요일 9시 11시 보훈원 게스트 모십니다.
  다음카페 목록 정보만 저장
  본문 열기: [서울] [강남구] 8월 14일 금요일 20~22시 강남스포츠문화센터 게스트 모십니다.
  다음카페 목록 정보만 저장
  본문 열기: [서울] [강남구] 8/16(일) 15~18시 삼성동 객원 구합니다.
  다음카페 목록 정보만 저장
  본문 열기: [인천] (부평십정)8월15일 12:30-15:30
  다음카페 목록 정보만 저장
  본문 열기: [경기] [남양주]8월13일목요일(오늘)22시~00시30분 게스트 모집합니다
  다음카페 목록 정보만 저장
  본문 열기: [서울] [중구] 8/13(목) 20:00~21:30 약수역 중구청소년수련관 게스트 모집합니다~
  다음카페 목록 정보만 저장
  본문 열기: [서울] [서대문구]8월15일(토) 17시~19시 픽업 게임 게스트 모집합니다.
  다음카페 목록 정보만 저장
  본문 열기: [서울] 은평 고양 덕은 화전 상암] 08.13(목) 스킬존 3관 20-22 게스트 모집
  다음카페 목록 정보만 저장
  본문 열기: [서울] 🏀 8/16 (일) 09:00 ~ 12:00 게스트 모집합니다. (금나래 문화체육센터)
  다음카페 목록 정보만 저장
  본문 열기: [마감 [김포] 고촌 8/13 (목) 19:00~ 22:00 볼트팀에서 게스트3인 구합니다.]
  다음카페 목록 정보만 저장
  본문 열기: [경기] 8월 13일 목요일 게스트 구인합니다. 저녁 8시-10시30분 (풀냉방)
  다음카페 목록 정보만 저장
  본문 열기: [서울][마포 은평 고양] 상암체육관 8월 14일 금요일 19:00~21:00 게스트 모집합니다
  다음카페 목록 정보만 저장
  본문 열기: [오늘 저녁 노원 마들역부근 게스트 3분 구합니다]
  다음카페 목록 정보만 저장
  본문 열기: [경기] [시흥] 08월 15일(토) 오전 오전10~12시 게스트 모집 합니다.
  다음카페 목록 정보만 저장
  본문 열기: [8/13 하남 미사 19~21.5시 게스트 모집]
  다음카페 목록 정보만 저장
  본문 열기: [서울][이촌] 8월15일(토) 14시20분~17시50분 게스트 초청합니다
  다음카페 목록 정보만 저장
  본문 열기: [서울] [강남구] 8. 13.(목) 22시 ~ 24시 어브 온(AUBE ON)에서 게스트 모집합니다.
  다음카페 목록 정보만 저장
- 키워드 매칭 글 20개
  저장 후보: 2026-08-13 19:00 [서울] 성북구] 8월 13일 목요일 오후7시~9시30분 리버스에서 게스트 모집합니다
  저장 후보: 2026-08-16 07:00 [경기] [용인/기흥/수원] 8월 16일 일요일 오전 7시~9시 게스트 초대합니다
  저장 후보: 2026-08-14 00:00 [경기] 양평 가평 원주 홍천 [양평 브리즈 운동 게스트 구인] 8.14.(금) 19:00
  저장 후보: 2026-08-14 09:00 [수원]8월 14일 금요일 9시 11시 보훈원 게스트 모십니다.
  저장 후보: 2026-08-14 20:00 [서울] [강남구] 8월 14일 금요일 20~22시 강남스포츠문화센터 게스트 모십니다.
  저장 후보: 2026-08-16 15:00 [서울] [강남구] 8/16(일) 15~18시 삼성동 객원 구합니다.
  저장 후보: 2026-08-15 12:30 [인천] (부평십정)8월15일 12:30-15:30
  저장 후보: 2026-08-13 22:00 [경기] [남양주]8월13일목요일(오늘)22시~00시30분 게스트 모집합니다
  저장 후보: 2026-08-13 20:00 [서울] [중구] 8/13(목) 20:00~21:30 약수역 중구청소년수련관 게스트 모집합니다~
  저장 후보: 2026-08-15 17:00 [서울] [서대문구]8월15일(토) 17시~19시 픽업 게임 게스트 모집합니다.
  저장 후보: 2026-08-13 20:00 [서울] 은평 고양 덕은 화전 상암] 08.13(목) 스킬존 3관 20-22 게스트 모집
  저장 후보: 2026-08-16 09:00 [서울] 🏀 8/16 (일) 09:00 ~ 12:00 게스트 모집합니다. (금나래 문화체육센터)
  저장 후보: 2026-08-13 19:00 [마감 [김포] 고촌 8/13 (목) 19:00~ 22:00 볼트팀에서 게스트3인 구합니다.]
  저장 후보: 2026-08-13 20:00 [경기] 8월 13일 목요일 게스트 구인합니다. 저녁 8시-10시30분 (풀냉방)
  저장 후보: 2026-08-14 19:00 [서울][마포 은평 고양] 상암체육관 8월 14일 금요일 19:00~21:00 게스트 모집합니다
  저장 후보: 2026-08-13 00:00 [오늘 저녁 노원 마들역부근 게스트 3분 구합니다]
  저장 후보: 2026-08-15 10:00 [경기] [시흥] 08월 15일(토) 오전 오전10~12시 게스트 모집 합니다.
  저장 후보: 2026-08-13 19:00 [8/13 하남 미사 19~21.5시 게스트 모집]
  저장 후보: 2026-08-15 14:20 [서울][이촌] 8월15일(토) 14시20분~17시50분 게스트 초청합니다
  저장 후보: 2026-08-13 22:00 [서울] [강남구] 8. 13.(목) 22시 ~ 24시 어브 온(AUBE ON)에서 게스트 모집합니다.
수집 시작: 콘로우
- 목록 열기: https://cafe.naver.com/f-e/cafes/10586238/menus/428
  선택자 "a.article" 링크 0개
  선택자 ".ArticleList a[href*='/ArticleRead.nhn']" 링크 0개
  선택자 "a[href*='articleid=']" 링크 0개
  선택자 "a[href*='/articles/']" 링크 0개
  HTML fallback 링크 30개
- 글 링크 후보 30개
  건너뜀: 🏀 NSB 농심 카페 3X3 37회 챔피언십 농구 대회 in NSB 체육관
  건너뜀: SLAMDUNK EXPEDITION : 농심카페 일본원정 농구캠프 원정대원 모집
  건너뜀: 23스토어 X NSB 농심카페 후기 작성 이벤트
  건너뜀: 리바이티브 EMS 저주파 발 마사지기 S액티브 공동구매 2차
  건너뜀: "100% 바뀐다" NSB X 동농커리 슈팅클래스 6기 선착순 모집! 🏀🔥
  제목 키워드 불일치로 제외: 🏆 1회 NSB 농심 카페 5대5 농구 최강자전 [NO LIMITS]
  제목 키워드 불일치로 제외: NSB 농심 카페 회원 전용 '브랜드 홍보 & 회원 혜택' 게시판 오픈 안내!
  제목 키워드 불일치로 제외: 🏀 NSB 농심카페 전용 체육관, 2026년 새롭게 문을 엽니다!
  건너뜀: NSB 농심 카페에서 동호회 농구팀을 소개하는 유튜브를 시작합니다^^
  건너뜀: NSB 농심 카페 농구 용품 위탁 판매 서비스 시작합니다
  제목 키워드 불일치로 제외: NSB 농심 카페 장터 불량 회원 & 비매너 회원 공유
  제목 키워드 불일치로 제외: NSB 농심 카페 장터에 글을 올리기 전에 꼭 읽어주세요!!
  제목 키워드 불일치로 제외: NSB 농심 카페 활동 시작하면 꼭 읽어주세요!!!
  제목 키워드 불일치로 제외: NSB 농심카페와 함께할 공식 체육관을 찾습니다
  제목 키워드 불일치로 제외: 농심 카페에서 체육관을 직접 짓는다면? 가능은 한 이야기인가?
  본문 열기: [부산울산] 8월13일 목 신라중 교류전모집
  본문 열기: [대구경상] [경북구미] 8월 14일 금요일 18:30 ~ 21:30 교류전팀 구합니다.
  본문 열기: [인천경기] [시흥](마감입니다)8월 15일(토) 10시~12시 슈팅비에서 교류전 초청합니다
  본문 열기: [대구경상] [경남진주] 8월 15일 신안동 학생체육관 18:30~21:30 교류전 팀 구합니다.
  본문 열기: [서울] [서대문구남가좌동] 8월16일 일요일 9.30분 ~ 11.30분 교류전 팀 구합니다 (즐농팀)
  본문 열기: [인천경기] 토요일 8/15 오전 8시 ~ 10시30분 체육관 양도
  본문 열기: [서울] [은평/고양] 8월 16일 일요일 오전 9:20~12:00 좀비스 교류전 초청
  본문 열기: [서울] [서울] [노원, 도봉, 강북] 8.13목 19:30~21:30 교류전팀 구합니다.
  본문 열기: [서울] (완료) 8/12(수) 8~10 친선전 초청드립니다
  본문 열기: [인천경기] [부평] 토요일(15일) 오전 8시 ~ 10시 30분 체육관 양도
  본문 열기: [인천경기] 인천 청소년 수련관에서 고등부 교류전
  본문 열기: [서울] [동대문구] 8월 15일 토요일 22:00-01:00 Rebels 에서 교류전 초청합니다.
  본문 열기: [인천경기] [고양시]도내동 8월15일 토요일 오전8시 ~11시 교류전팀 모십니다
  본문 열기: [부산울산] [[부산 강서구]] 8월 16일 일요일 0900 - 1200 부산 강서구 명호고 교류전 하실 팀 구합니다.
  본문 열기: [부산울산] [부산진구 양정동] 8월 16일 일요일 14시~1７시 양정고등학교 교류전 모집합니다 (샤워 가능)
- 키워드 매칭 글 15개
  저장 후보: 2026-08-13 18:30 [부산울산] 8월13일 목 신라중 교류전모집
  저장 후보: 2026-08-14 18:30 [대구경상] [경북구미] 8월 14일 금요일 18:30 ~ 21:30 교류전팀 구합니다.
  저장 후보: 2026-08-15 10:00 [인천경기] [시흥](마감입니다)8월 15일(토) 10시~12시 슈팅비에서 교류전 초청합니다
  저장 후보: 2026-08-15 18:30 [대구경상] [경남진주] 8월 15일 신안동 학생체육관 18:30~21:30 교류전 팀 구합니다.
  저장 후보: 2026-08-16 09:30 [서울] [서대문구남가좌동] 8월16일 일요일 9.30분 ~ 11.30분 교류전 팀 구합니다 (즐농팀)
  저장 후보: 2026-08-15 08:00 [인천경기] 토요일 8/15 오전 8시 ~ 10시30분 체육관 양도
  저장 후보: 2026-08-16 09:20 [서울] [은평/고양] 8월 16일 일요일 오전 9:20~12:00 좀비스 교류전 초청
  저장 후보: 2026-08-13 19:30 [서울] [서울] [노원, 도봉, 강북] 8.13목 19:30~21:30 교류전팀 구합니다.
  저장 후보: 2026-08-12 08:00 [서울] (완료) 8/12(수) 8~10 친선전 초청드립니다
  저장 후보: 2026-08-11 08:00 [인천경기] [부평] 토요일(15일) 오전 8시 ~ 10시 30분 체육관 양도
  저장 후보: 2026-08-11 13:00 [인천경기] 인천 청소년 수련관에서 고등부 교류전
  저장 후보: 2026-08-15 22:00 [서울] [동대문구] 8월 15일 토요일 22:00-01:00 Rebels 에서 교류전 초청합니다.
  저장 후보: 2026-08-15 08:00 [인천경기] [고양시]도내동 8월15일 토요일 오전8시 ~11시 교류전팀 모십니다
  저장 후보: 2026-08-16 09:00 [부산울산] [[부산 강서구]] 8월 16일 일요일 0900 - 1200 부산 강서구 명호고 교류전 하실 팀 구합니다.
  저장 후보: 2026-08-16 14:00 [부산울산] [부산진구 양정동] 8월 16일 일요일 14시~1７시 양정고등학교 교류전 모집합니다 (샤워 가능)
수집 시작: 콘로우
- 목록 열기: https://cafe.naver.com/f-e/cafes/10586238/menus/34
  선택자 "a.article" 링크 0개
  선택자 ".ArticleList a[href*='/ArticleRead.nhn']" 링크 0개
  선택자 "a[href*='articleid=']" 링크 0개
  선택자 "a[href*='/articles/']" 링크 0개
  HTML fallback 링크 30개
- 글 링크 후보 30개
  건너뜀: 🏀 NSB 농심 카페 3X3 37회 챔피언십 농구 대회 in NSB 체육관
  건너뜀: SLAMDUNK EXPEDITION : 농심카페 일본원정 농구캠프 원정대원 모집
  건너뜀: 23스토어 X NSB 농심카페 후기 작성 이벤트
  건너뜀: 리바이티브 EMS 저주파 발 마사지기 S액티브 공동구매 2차
  건너뜀: "100% 바뀐다" NSB X 동농커리 슈팅클래스 6기 선착순 모집! 🏀🔥
  제목 키워드 불일치로 제외: 🏆 1회 NSB 농심 카페 5대5 농구 최강자전 [NO LIMITS]
  제목 키워드 불일치로 제외: NSB 농심 카페 회원 전용 '브랜드 홍보 & 회원 혜택' 게시판 오픈 안내!
  제목 키워드 불일치로 제외: 🏀 NSB 농심카페 전용 체육관, 2026년 새롭게 문을 엽니다!
  건너뜀: NSB 농심 카페에서 동호회 농구팀을 소개하는 유튜브를 시작합니다^^
  건너뜀: NSB 농심 카페 농구 용품 위탁 판매 서비스 시작합니다
  제목 키워드 불일치로 제외: NSB 농심 카페 장터 불량 회원 & 비매너 회원 공유
  제목 키워드 불일치로 제외: NSB 농심 카페 장터에 글을 올리기 전에 꼭 읽어주세요!!
  제목 키워드 불일치로 제외: NSB 농심 카페 활동 시작하면 꼭 읽어주세요!!!
  제목 키워드 불일치로 제외: NSB 농심카페와 함께할 공식 체육관을 찾습니다
  제목 키워드 불일치로 제외: 농심 카페에서 체육관을 직접 짓는다면? 가능은 한 이야기인가?
  본문 열기: [경기모임] [용인/기흥/수원] 8월 9일 일요일 오전 7시~9시 팀야미 게스트 초대합니다
  본문 열기: [서울모임] [서대문구]8월15일(일) 17시~19시 픽업 게임 게스트 모집합니다.
  본문 열기: [서울모임] [금천구] 🏀 8/16 (일) 09:00~12:00 게스트 초청합니다. (금나래체육관)
  본문 열기: [경기모임] [현천동/상암부근] 오늘 스킬존 20-22시 게스트구합니다!
  본문 열기: [경기모임] [일산/고양/파주/김포] 15일 토요일 저녁 7-10시 게스트 모집합니다
  본문 열기: [경기모임] [광명/구로/금천] 오늘 목요일 오후 6시부터 9시까지 게스트 구해요 (즐농모임)(7시 경기시작)
  본문 열기: [서울모임] [성북구] 석계역인근 즐농 팀 턴오버에서 8월16일 일요일 12시~15시 게스트 모집합니다.
  본문 열기: [서울모임] [서초/강남/과천] [오늘]8/13(목) 17시~19시 서초종합체육관 게스트 모집합니다
  본문 열기: [경기모임] [경기,구리] 8월 15일 토요일15;00-17;00 게스트 구인 합니다.
  본문 열기: [서울모임] [서울모임][중랑구] 중랑,망우 8월13일 (목요일) 19:30~21:30 게스트 모집
  본문 열기: [인천모임] [인천 부평구] 8월 14일, 금요일, 21:30 ~ 24:00, 십정동 멤버스키키 즐농 2 or 3파전 게스트 모집
  본문 열기: [수원][모집중] 8월 15일 (토) 즐농 5vs5 밤 20시 ~22시 경기도수원월드컵스포츠센터 게스트 모집합니다.
  본문 열기: [서울모임] [동작구]8/16(일) 영등포고 15:00 ~ 18:00 즐농게스트 모십니다.
  제목 키워드 불일치로 제외: [인천모임] (부평십정)8월13일 목 저녁10:30
  본문 열기: [경기모임] [양주/동두천/의정부] 8월 14일(금). 저녁 8시~10시. 게스트 모집
- 키워드 매칭 글 14개
  저장 후보: 2026-08-09 07:00 [경기모임] [용인/기흥/수원] 8월 9일 일요일 오전 7시~9시 팀야미 게스트 초대합니다
  저장 후보: 2026-08-15 17:00 [서울모임] [서대문구]8월15일(일) 17시~19시 픽업 게임 게스트 모집합니다.
  저장 후보: 2026-08-16 09:00 [서울모임] [금천구] 🏀 8/16 (일) 09:00~12:00 게스트 초청합니다. (금나래체육관)
  저장 후보: 2026-08-13 20:00 [경기모임] [현천동/상암부근] 오늘 스킬존 20-22시 게스트구합니다!
  저장 후보: 2026-07-10 19:00 [경기모임] [일산/고양/파주/김포] 15일 토요일 저녁 7-10시 게스트 모집합니다
  저장 후보: 2026-08-13 20:00 [경기모임] [광명/구로/금천] 오늘 목요일 오후 6시부터 9시까지 게스트 구해요 (즐농모임)(7시 경기시작)
  저장 후보: 2026-08-16 12:00 [서울모임] [성북구] 석계역인근 즐농 팀 턴오버에서 8월16일 일요일 12시~15시 게스트 모집합니다.
  저장 후보: 2026-08-13 17:00 [서울모임] [서초/강남/과천] [오늘]8/13(목) 17시~19시 서초종합체육관 게스트 모집합니다
  저장 후보: 2026-08-15 00:00 [경기모임] [경기,구리] 8월 15일 토요일15;00-17;00 게스트 구인 합니다.
  저장 후보: 2026-08-13 19:30 [서울모임] [서울모임][중랑구] 중랑,망우 8월13일 (목요일) 19:30~21:30 게스트 모집
  저장 후보: 2026-08-14 21:30 [인천모임] [인천 부평구] 8월 14일, 금요일, 21:30 ~ 24:00, 십정동 멤버스키키 즐농 2 or 3파전 게스트 모집
  저장 후보: 2026-08-15 20:00 [수원][모집중] 8월 15일 (토) 즐농 5vs5 밤 20시 ~22시 경기도수원월드컵스포츠센터 게스트 모집합니다.
  저장 후보: 2026-08-16 15:00 [서울모임] [동작구]8/16(일) 영등포고 15:00 ~ 18:00 즐농게스트 모십니다.
  저장 후보: 2026-08-14 20:00 [경기모임] [양주/동두천/의정부] 8월 14일(금). 저녁 8시~10시. 게스트 모집
로그인 쿠키 9개를 저장했습니다: /Users/kangsanlee/Documents/농구 서비스/data/auth-default-cookies.json
49개 글을 읽고 49개 일정으로 저장했습니다.
[2026-08-13T03:13:00.311Z] 자동 카페 수집 종료: 성공

[2026-08-13T03:18:00.310Z] 자동 카페 수집 시작: default
저장된 로그인 쿠키 9개를 불러왔습니다.
수집 시작: 동아리 농구 카페
- 목록 열기: https://m.cafe.daum.net/dongarry/Dilr?boardType=
  선택자 "a[href*='/dongarry/']" 링크 0개
  선택자 "a[href*='/_rec/']" 링크 0개
  선택자 "a.link_cafe" 링크 0개
  선택자 "a[href]" 링크 0개
  Daum HTML fallback 링크 20개
- 글 링크 후보 20개
  본문 열기: [서울] 성북구] 8월 13일 목요일 오후7시~9시30분 리버스에서 게스트 모집합니다
  다음카페 목록 정보만 저장
  본문 열기: [경기] [용인/기흥/수원] 8월 16일 일요일 오전 7시~9시 게스트 초대합니다
  다음카페 목록 정보만 저장
  본문 열기: [경기] 양평 가평 원주 홍천 [양평 브리즈 운동 게스트 구인] 8.14.(금) 19:00
  다음카페 목록 정보만 저장
  본문 열기: [수원]8월 14일 금요일 9시 11시 보훈원 게스트 모십니다.
  다음카페 목록 정보만 저장
  본문 열기: [서울] [강남구] 8월 14일 금요일 20~22시 강남스포츠문화센터 게스트 모십니다.
  다음카페 목록 정보만 저장
  본문 열기: [서울] [강남구] 8/16(일) 15~18시 삼성동 객원 구합니다.
  다음카페 목록 정보만 저장
  본문 열기: [인천] (부평십정)8월15일 12:30-15:30
  다음카페 목록 정보만 저장
  본문 열기: [경기] [남양주]8월13일목요일(오늘)22시~00시30분 게스트 모집합니다
  다음카페 목록 정보만 저장
  본문 열기: [서울] [중구] 8/13(목) 20:00~21:30 약수역 중구청소년수련관 게스트 모집합니다~
  다음카페 목록 정보만 저장
  본문 열기: [서울] [서대문구]8월15일(토) 17시~19시 픽업 게임 게스트 모집합니다.
  다음카페 목록 정보만 저장
  본문 열기: [서울] 은평 고양 덕은 화전 상암] 08.13(목) 스킬존 3관 20-22 게스트 모집
  다음카페 목록 정보만 저장
  본문 열기: [서울] 🏀 8/16 (일) 09:00 ~ 12:00 게스트 모집합니다. (금나래 문화체육센터)
  다음카페 목록 정보만 저장
  본문 열기: [마감 [김포] 고촌 8/13 (목) 19:00~ 22:00 볼트팀에서 게스트3인 구합니다.]
  다음카페 목록 정보만 저장
  본문 열기: [경기] 8월 13일 목요일 게스트 구인합니다. 저녁 8시-10시30분 (풀냉방)
  다음카페 목록 정보만 저장
  본문 열기: [서울][마포 은평 고양] 상암체육관 8월 14일 금요일 19:00~21:00 게스트 모집합니다
  다음카페 목록 정보만 저장
  본문 열기: [오늘 저녁 노원 마들역부근 게스트 3분 구합니다]
  다음카페 목록 정보만 저장
  본문 열기: [경기] [시흥] 08월 15일(토) 오전 오전10~12시 게스트 모집 합니다.
  다음카페 목록 정보만 저장
  본문 열기: [8/13 하남 미사 19~21.5시 게스트 모집]
  다음카페 목록 정보만 저장
  본문 열기: [서울][이촌] 8월15일(토) 14시20분~17시50분 게스트 초청합니다
  다음카페 목록 정보만 저장
  본문 열기: [서울] [강남구] 8. 13.(목) 22시 ~ 24시 어브 온(AUBE ON)에서 게스트 모집합니다.
  다음카페 목록 정보만 저장
- 키워드 매칭 글 20개
  저장 후보: 2026-08-13 19:00 [서울] 성북구] 8월 13일 목요일 오후7시~9시30분 리버스에서 게스트 모집합니다
  저장 후보: 2026-08-16 07:00 [경기] [용인/기흥/수원] 8월 16일 일요일 오전 7시~9시 게스트 초대합니다
  저장 후보: 2026-08-14 00:00 [경기] 양평 가평 원주 홍천 [양평 브리즈 운동 게스트 구인] 8.14.(금) 19:00
  저장 후보: 2026-08-14 09:00 [수원]8월 14일 금요일 9시 11시 보훈원 게스트 모십니다.
  저장 후보: 2026-08-14 20:00 [서울] [강남구] 8월 14일 금요일 20~22시 강남스포츠문화센터 게스트 모십니다.
  저장 후보: 2026-08-16 15:00 [서울] [강남구] 8/16(일) 15~18시 삼성동 객원 구합니다.
  저장 후보: 2026-08-15 12:30 [인천] (부평십정)8월15일 12:30-15:30
  저장 후보: 2026-08-13 22:00 [경기] [남양주]8월13일목요일(오늘)22시~00시30분 게스트 모집합니다
  저장 후보: 2026-08-13 20:00 [서울] [중구] 8/13(목) 20:00~21:30 약수역 중구청소년수련관 게스트 모집합니다~
  저장 후보: 2026-08-15 17:00 [서울] [서대문구]8월15일(토) 17시~19시 픽업 게임 게스트 모집합니다.
  저장 후보: 2026-08-13 20:00 [서울] 은평 고양 덕은 화전 상암] 08.13(목) 스킬존 3관 20-22 게스트 모집
  저장 후보: 2026-08-16 09:00 [서울] 🏀 8/16 (일) 09:00 ~ 12:00 게스트 모집합니다. (금나래 문화체육센터)
  저장 후보: 2026-08-13 19:00 [마감 [김포] 고촌 8/13 (목) 19:00~ 22:00 볼트팀에서 게스트3인 구합니다.]
  저장 후보: 2026-08-13 20:00 [경기] 8월 13일 목요일 게스트 구인합니다. 저녁 8시-10시30분 (풀냉방)
  저장 후보: 2026-08-14 19:00 [서울][마포 은평 고양] 상암체육관 8월 14일 금요일 19:00~21:00 게스트 모집합니다
  저장 후보: 2026-08-13 00:00 [오늘 저녁 노원 마들역부근 게스트 3분 구합니다]
  저장 후보: 2026-08-15 10:00 [경기] [시흥] 08월 15일(토) 오전 오전10~12시 게스트 모집 합니다.
  저장 후보: 2026-08-13 19:00 [8/13 하남 미사 19~21.5시 게스트 모집]
  저장 후보: 2026-08-15 14:20 [서울][이촌] 8월15일(토) 14시20분~17시50분 게스트 초청합니다
  저장 후보: 2026-08-13 22:00 [서울] [강남구] 8. 13.(목) 22시 ~ 24시 어브 온(AUBE ON)에서 게스트 모집합니다.
수집 시작: 콘로우
- 목록 열기: https://cafe.naver.com/f-e/cafes/10586238/menus/428
  선택자 "a.article" 링크 0개
  선택자 ".ArticleList a[href*='/ArticleRead.nhn']" 링크 0개
  선택자 "a[href*='articleid=']" 링크 0개
  선택자 "a[href*='/articles/']" 링크 0개
  HTML fallback 링크 30개
- 글 링크 후보 30개
  건너뜀: 🏀 NSB 농심 카페 3X3 37회 챔피언십 농구 대회 in NSB 체육관
  건너뜀: SLAMDUNK EXPEDITION : 농심카페 일본원정 농구캠프 원정대원 모집
  건너뜀: 23스토어 X NSB 농심카페 후기 작성 이벤트
  건너뜀: 리바이티브 EMS 저주파 발 마사지기 S액티브 공동구매 2차
  건너뜀: "100% 바뀐다" NSB X 동농커리 슈팅클래스 6기 선착순 모집! 🏀🔥
  제목 키워드 불일치로 제외: 🏆 1회 NSB 농심 카페 5대5 농구 최강자전 [NO LIMITS]
  제목 키워드 불일치로 제외: NSB 농심 카페 회원 전용 '브랜드 홍보 & 회원 혜택' 게시판 오픈 안내!
  제목 키워드 불일치로 제외: 🏀 NSB 농심카페 전용 체육관, 2026년 새롭게 문을 엽니다!
  건너뜀: NSB 농심 카페에서 동호회 농구팀을 소개하는 유튜브를 시작합니다^^
  건너뜀: NSB 농심 카페 농구 용품 위탁 판매 서비스 시작합니다
  제목 키워드 불일치로 제외: NSB 농심 카페 장터 불량 회원 & 비매너 회원 공유
  제목 키워드 불일치로 제외: NSB 농심 카페 장터에 글을 올리기 전에 꼭 읽어주세요!!
  제목 키워드 불일치로 제외: NSB 농심 카페 활동 시작하면 꼭 읽어주세요!!!
  제목 키워드 불일치로 제외: NSB 농심카페와 함께할 공식 체육관을 찾습니다
  제목 키워드 불일치로 제외: 농심 카페에서 체육관을 직접 짓는다면? 가능은 한 이야기인가?
  본문 열기: [부산울산] 8월13일 목 신라중 교류전모집
  본문 열기: [대구경상] [경북구미] 8월 14일 금요일 18:30 ~ 21:30 교류전팀 구합니다.
  본문 열기: [인천경기] [시흥](마감입니다)8월 15일(토) 10시~12시 슈팅비에서 교류전 초청합니다
  본문 열기: [대구경상] [경남진주] 8월 15일 신안동 학생체육관 18:30~21:30 교류전 팀 구합니다.
  본문 열기: [서울] [서대문구남가좌동] 8월16일 일요일 9.30분 ~ 11.30분 교류전 팀 구합니다 (즐농팀)
  본문 열기: [인천경기] 토요일 8/15 오전 8시 ~ 10시30분 체육관 양도
  본문 열기: [서울] [은평/고양] 8월 16일 일요일 오전 9:20~12:00 좀비스 교류전 초청
  본문 열기: [서울] [서울] [노원, 도봉, 강북] 8.13목 19:30~21:30 교류전팀 구합니다.
  본문 열기: [서울] (완료) 8/12(수) 8~10 친선전 초청드립니다
  본문 열기: [인천경기] [부평] 토요일(15일) 오전 8시 ~ 10시 30분 체육관 양도
  본문 열기: [인천경기] 인천 청소년 수련관에서 고등부 교류전
  본문 열기: [서울] [동대문구] 8월 15일 토요일 22:00-01:00 Rebels 에서 교류전 초청합니다.
  본문 열기: [인천경기] [고양시]도내동 8월15일 토요일 오전8시 ~11시 교류전팀 모십니다
  본문 열기: [부산울산] [[부산 강서구]] 8월 16일 일요일 0900 - 1200 부산 강서구 명호고 교류전 하실 팀 구합니다.
  본문 열기: [부산울산] [부산진구 양정동] 8월 16일 일요일 14시~1７시 양정고등학교 교류전 모집합니다 (샤워 가능)
- 키워드 매칭 글 15개
  저장 후보: 2026-08-13 18:30 [부산울산] 8월13일 목 신라중 교류전모집
  저장 후보: 2026-08-14 18:30 [대구경상] [경북구미] 8월 14일 금요일 18:30 ~ 21:30 교류전팀 구합니다.
  저장 후보: 2026-08-15 10:00 [인천경기] [시흥](마감입니다)8월 15일(토) 10시~12시 슈팅비에서 교류전 초청합니다
  저장 후보: 2026-08-15 18:30 [대구경상] [경남진주] 8월 15일 신안동 학생체육관 18:30~21:30 교류전 팀 구합니다.
  저장 후보: 2026-08-16 09:30 [서울] [서대문구남가좌동] 8월16일 일요일 9.30분 ~ 11.30분 교류전 팀 구합니다 (즐농팀)
  저장 후보: 2026-08-15 08:00 [인천경기] 토요일 8/15 오전 8시 ~ 10시30분 체육관 양도
  저장 후보: 2026-08-16 09:20 [서울] [은평/고양] 8월 16일 일요일 오전 9:20~12:00 좀비스 교류전 초청
  저장 후보: 2026-08-13 19:30 [서울] [서울] [노원, 도봉, 강북] 8.13목 19:30~21:30 교류전팀 구합니다.
  저장 후보: 2026-08-12 08:00 [서울] (완료) 8/12(수) 8~10 친선전 초청드립니다
  저장 후보: 2026-08-11 08:00 [인천경기] [부평] 토요일(15일) 오전 8시 ~ 10시 30분 체육관 양도
  저장 후보: 2026-08-11 13:00 [인천경기] 인천 청소년 수련관에서 고등부 교류전
  저장 후보: 2026-08-15 22:00 [서울] [동대문구] 8월 15일 토요일 22:00-01:00 Rebels 에서 교류전 초청합니다.
  저장 후보: 2026-08-15 08:00 [인천경기] [고양시]도내동 8월15일 토요일 오전8시 ~11시 교류전팀 모십니다
  저장 후보: 2026-08-16 09:00 [부산울산] [[부산 강서구]] 8월 16일 일요일 0900 - 1200 부산 강서구 명호고 교류전 하실 팀 구합니다.
  저장 후보: 2026-08-16 14:00 [부산울산] [부산진구 양정동] 8월 16일 일요일 14시~1７시 양정고등학교 교류전 모집합니다 (샤워 가능)
수집 시작: 콘로우
- 목록 열기: https://cafe.naver.com/f-e/cafes/10586238/menus/34
  선택자 "a.article" 링크 0개
  선택자 ".ArticleList a[href*='/ArticleRead.nhn']" 링크 0개
  선택자 "a[href*='articleid=']" 링크 0개
  선택자 "a[href*='/articles/']" 링크 0개
  HTML fallback 링크 30개
- 글 링크 후보 30개
  건너뜀: 🏀 NSB 농심 카페 3X3 37회 챔피언십 농구 대회 in NSB 체육관
  건너뜀: SLAMDUNK EXPEDITION : 농심카페 일본원정 농구캠프 원정대원 모집
  건너뜀: 23스토어 X NSB 농심카페 후기 작성 이벤트
  건너뜀: 리바이티브 EMS 저주파 발 마사지기 S액티브 공동구매 2차
  건너뜀: "100% 바뀐다" NSB X 동농커리 슈팅클래스 6기 선착순 모집! 🏀🔥
  제목 키워드 불일치로 제외: 🏆 1회 NSB 농심 카페 5대5 농구 최강자전 [NO LIMITS]
  제목 키워드 불일치로 제외: NSB 농심 카페 회원 전용 '브랜드 홍보 & 회원 혜택' 게시판 오픈 안내!
  제목 키워드 불일치로 제외: 🏀 NSB 농심카페 전용 체육관, 2026년 새롭게 문을 엽니다!
  건너뜀: NSB 농심 카페에서 동호회 농구팀을 소개하는 유튜브를 시작합니다^^
  건너뜀: NSB 농심 카페 농구 용품 위탁 판매 서비스 시작합니다
  제목 키워드 불일치로 제외: NSB 농심 카페 장터 불량 회원 & 비매너 회원 공유
  제목 키워드 불일치로 제외: NSB 농심 카페 장터에 글을 올리기 전에 꼭 읽어주세요!!
  제목 키워드 불일치로 제외: NSB 농심 카페 활동 시작하면 꼭 읽어주세요!!!
  제목 키워드 불일치로 제외: NSB 농심카페와 함께할 공식 체육관을 찾습니다
  제목 키워드 불일치로 제외: 농심 카페에서 체육관을 직접 짓는다면? 가능은 한 이야기인가?
  본문 열기: [경기모임] [용인/기흥/수원] 8월 9일 일요일 오전 7시~9시 팀야미 게스트 초대합니다
  본문 열기: [서울모임] [서대문구]8월15일(일) 17시~19시 픽업 게임 게스트 모집합니다.
  본문 열기: [서울모임] [금천구] 🏀 8/16 (일) 09:00~12:00 게스트 초청합니다. (금나래체육관)
  본문 열기: [경기모임] [현천동/상암부근] 오늘 스킬존 20-22시 게스트구합니다!
  본문 열기: [경기모임] [일산/고양/파주/김포] 15일 토요일 저녁 7-10시 게스트 모집합니다
  본문 열기: [경기모임] [광명/구로/금천] 오늘 목요일 오후 6시부터 9시까지 게스트 구해요 (즐농모임)(7시 경기시작)
  본문 열기: [서울모임] [성북구] 석계역인근 즐농 팀 턴오버에서 8월16일 일요일 12시~15시 게스트 모집합니다.
  네이버 본문 API 응답 실패: 404
  네이버 본문 프레임 열기: https://cafe.naver.com/ca-fe/cafes/10586238/articles/1783402?menuid=34&referrerAllArticles=false&fromNext=true
  본문을 찾지 못했습니다.
  디버그 저장: /Users/kangsanlee/Documents/농구 서비스/data/debug/콘로우-no-body.html
  본문 열기: [서울모임] [서초/강남/과천] [오늘]8/13(목) 17시~19시 서초종합체육관 게스트 모집합니다
  본문 열기: [경기모임] [경기,구리] 8월 15일 토요일15;00-17;00 게스트 구인 합니다.
  본문 열기: [서울모임] [서울모임][중랑구] 중랑,망우 8월13일 (목요일) 19:30~21:30 게스트 모집
  본문 열기: [인천모임] [인천 부평구] 8월 14일, 금요일, 21:30 ~ 24:00, 십정동 멤버스키키 즐농 2 or 3파전 게스트 모집
  본문 열기: [수원][모집중] 8월 15일 (토) 즐농 5vs5 밤 20시 ~22시 경기도수원월드컵스포츠센터 게스트 모집합니다.
  본문 열기: [서울모임] [동작구]8/16(일) 영등포고 15:00 ~ 18:00 즐농게스트 모십니다.
  제목 키워드 불일치로 제외: [인천모임] (부평십정)8월13일 목 저녁10:30
  본문 열기: [경기모임] [양주/동두천/의정부] 8월 14일(금). 저녁 8시~10시. 게스트 모집
- 키워드 매칭 글 14개
  저장 후보: 2026-08-09 07:00 [경기모임] [용인/기흥/수원] 8월 9일 일요일 오전 7시~9시 팀야미 게스트 초대합니다
  저장 후보: 2026-08-15 17:00 [서울모임] [서대문구]8월15일(일) 17시~19시 픽업 게임 게스트 모집합니다.
  저장 후보: 2026-08-16 09:00 [서울모임] [금천구] 🏀 8/16 (일) 09:00~12:00 게스트 초청합니다. (금나래체육관)
  저장 후보: 2026-08-13 20:00 [경기모임] [현천동/상암부근] 오늘 스킬존 20-22시 게스트구합니다!
  저장 후보: 2026-07-10 19:00 [경기모임] [일산/고양/파주/김포] 15일 토요일 저녁 7-10시 게스트 모집합니다
  저장 후보: 2026-08-13 20:00 [경기모임] [광명/구로/금천] 오늘 목요일 오후 6시부터 9시까지 게스트 구해요 (즐농모임)(7시 경기시작)
  저장 후보: 2026-08-16 12:00 [서울모임] [성북구] 석계역인근 즐농 팀 턴오버에서 8월16일 일요일 12시~15시 게스트 모집합니다.
  저장 후보: 2026-08-13 17:00 [서울모임] [서초/강남/과천] [오늘]8/13(목) 17시~19시 서초종합체육관 게스트 모집합니다
  저장 후보: 2026-08-15 00:00 [경기모임] [경기,구리] 8월 15일 토요일15;00-17;00 게스트 구인 합니다.
  저장 후보: 2026-08-13 19:30 [서울모임] [서울모임][중랑구] 중랑,망우 8월13일 (목요일) 19:30~21:30 게스트 모집
  저장 후보: 2026-08-14 21:30 [인천모임] [인천 부평구] 8월 14일, 금요일, 21:30 ~ 24:00, 십정동 멤버스키키 즐농 2 or 3파전 게스트 모집
  저장 후보: 2026-08-15 20:00 [수원][모집중] 8월 15일 (토) 즐농 5vs5 밤 20시 ~22시 경기도수원월드컵스포츠센터 게스트 모집합니다.
  저장 후보: 2026-08-16 15:00 [서울모임] [동작구]8/16(일) 영등포고 15:00 ~ 18:00 즐농게스트 모십니다.
  저장 후보: 2026-08-14 20:00 [경기모임] [양주/동두천/의정부] 8월 14일(금). 저녁 8시~10시. 게스트 모집
로그인 쿠키 9개를 저장했습니다: /Users/kangsanlee/Documents/농구 서비스/data/auth-default-cookies.json
49개 글을 읽고 49개 일정으로 저장했습니다.
[2026-08-13T03:20:13.367Z] 자동 카페 수집 종료: 성공

[2026-08-13T03:25:13.367Z] 자동 카페 수집 시작: default
저장된 로그인 쿠키 9개를 불러왔습니다.
수집 시작: 동아리 농구 카페
- 목록 열기: https://m.cafe.daum.net/dongarry/Dilr?boardType=
  선택자 "a[href*='/dongarry/']" 링크 0개
  선택자 "a[href*='/_rec/']" 링크 0개
  선택자 "a.link_cafe" 링크 0개
  선택자 "a[href]" 링크 0개
  Daum HTML fallback 링크 20개
- 글 링크 후보 20개
  본문 열기: [서울] [성북구] 석계역인근 8월16일 일요일 12시~15시 뒷선게스트 구인합니다.
  다음카페 목록 정보만 저장
  본문 열기: [서울] 성북구] 8월 13일 목요일 오후7시~9시30분 리버스에서 게스트 모집합니다
  다음카페 목록 정보만 저장
  본문 열기: [경기] [용인/기흥/수원] 8월 16일 일요일 오전 7시~9시 게스트 초대합니다
  다음카페 목록 정보만 저장
  본문 열기: [경기] 양평 가평 원주 홍천 [양평 브리즈 운동 게스트 구인] 8.14.(금) 19:00
  다음카페 목록 정보만 저장
  본문 열기: [수원]8월 14일 금요일 9시 11시 보훈원 게스트 모십니다.
  다음카페 목록 정보만 저장
  본문 열기: [서울] [강남구] 8월 14일 금요일 20~22시 강남스포츠문화센터 게스트 모십니다.
  다음카페 목록 정보만 저장
  본문 열기: [서울] [강남구] 8/16(일) 15~18시 삼성동 객원 구합니다.
  다음카페 목록 정보만 저장
  본문 열기: [인천] (부평십정)8월15일 12:30-15:30
  다음카페 목록 정보만 저장
  본문 열기: [경기] [남양주]8월13일목요일(오늘)22시~00시30분 게스트 모집합니다
  다음카페 목록 정보만 저장
  본문 열기: [서울] [중구] 8/13(목) 20:00~21:30 약수역 중구청소년수련관 게스트 모집합니다~
  다음카페 목록 정보만 저장
  본문 열기: [서울] [서대문구]8월15일(토) 17시~19시 픽업 게임 게스트 모집합니다.
  다음카페 목록 정보만 저장
  본문 열기: [서울] 은평 고양 덕은 화전 상암] 08.13(목) 스킬존 3관 20-22 게스트 모집
  다음카페 목록 정보만 저장
  본문 열기: [서울] 🏀 8/16 (일) 09:00 ~ 12:00 게스트 모집합니다. (금나래 문화체육센터)
  다음카페 목록 정보만 저장
  본문 열기: [마감 [김포] 고촌 8/13 (목) 19:00~ 22:00 볼트팀에서 게스트3인 구합니다.]
  다음카페 목록 정보만 저장
  본문 열기: [경기] 8월 13일 목요일 게스트 구인합니다. 저녁 8시-10시30분 (풀냉방)
  다음카페 목록 정보만 저장
  본문 열기: [서울][마포 은평 고양] 상암체육관 8월 14일 금요일 19:00~21:00 게스트 모집합니다
  다음카페 목록 정보만 저장
  본문 열기: [오늘 저녁 노원 마들역부근 게스트 3분 구합니다]
  다음카페 목록 정보만 저장
  본문 열기: [경기] [시흥] 08월 15일(토) 오전 오전10~12시 게스트 모집 합니다.
  다음카페 목록 정보만 저장
  본문 열기: [8/13 하남 미사 19~21.5시 게스트 모집]
  다음카페 목록 정보만 저장
  본문 열기: [서울][이촌] 8월15일(토) 14시20분~17시50분 게스트 초청합니다
  다음카페 목록 정보만 저장
- 키워드 매칭 글 20개
  저장 후보: 2026-08-16 12:00 [서울] [성북구] 석계역인근 8월16일 일요일 12시~15시 뒷선게스트 구인합니다.
  저장 후보: 2026-08-13 19:00 [서울] 성북구] 8월 13일 목요일 오후7시~9시30분 리버스에서 게스트 모집합니다
  저장 후보: 2026-08-16 07:00 [경기] [용인/기흥/수원] 8월 16일 일요일 오전 7시~9시 게스트 초대합니다
  저장 후보: 2026-08-14 00:00 [경기] 양평 가평 원주 홍천 [양평 브리즈 운동 게스트 구인] 8.14.(금) 19:00
  저장 후보: 2026-08-14 09:00 [수원]8월 14일 금요일 9시 11시 보훈원 게스트 모십니다.
  저장 후보: 2026-08-14 20:00 [서울] [강남구] 8월 14일 금요일 20~22시 강남스포츠문화센터 게스트 모십니다.
  저장 후보: 2026-08-16 15:00 [서울] [강남구] 8/16(일) 15~18시 삼성동 객원 구합니다.
  저장 후보: 2026-08-15 12:30 [인천] (부평십정)8월15일 12:30-15:30
  저장 후보: 2026-08-13 22:00 [경기] [남양주]8월13일목요일(오늘)22시~00시30분 게스트 모집합니다
  저장 후보: 2026-08-13 20:00 [서울] [중구] 8/13(목) 20:00~21:30 약수역 중구청소년수련관 게스트 모집합니다~
  저장 후보: 2026-08-15 17:00 [서울] [서대문구]8월15일(토) 17시~19시 픽업 게임 게스트 모집합니다.
  저장 후보: 2026-08-13 20:00 [서울] 은평 고양 덕은 화전 상암] 08.13(목) 스킬존 3관 20-22 게스트 모집
  저장 후보: 2026-08-16 09:00 [서울] 🏀 8/16 (일) 09:00 ~ 12:00 게스트 모집합니다. (금나래 문화체육센터)
  저장 후보: 2026-08-13 19:00 [마감 [김포] 고촌 8/13 (목) 19:00~ 22:00 볼트팀에서 게스트3인 구합니다.]
  저장 후보: 2026-08-13 20:00 [경기] 8월 13일 목요일 게스트 구인합니다. 저녁 8시-10시30분 (풀냉방)
  저장 후보: 2026-08-14 19:00 [서울][마포 은평 고양] 상암체육관 8월 14일 금요일 19:00~21:00 게스트 모집합니다
  저장 후보: 2026-08-13 00:00 [오늘 저녁 노원 마들역부근 게스트 3분 구합니다]
  저장 후보: 2026-08-15 10:00 [경기] [시흥] 08월 15일(토) 오전 오전10~12시 게스트 모집 합니다.
  저장 후보: 2026-08-13 19:00 [8/13 하남 미사 19~21.5시 게스트 모집]
  저장 후보: 2026-08-15 14:20 [서울][이촌] 8월15일(토) 14시20분~17시50분 게스트 초청합니다
수집 시작: 콘로우
- 목록 열기: https://cafe.naver.com/f-e/cafes/10586238/menus/428
  선택자 "a.article" 링크 0개
  선택자 ".ArticleList a[href*='/ArticleRead.nhn']" 링크 0개
  선택자 "a[href*='articleid=']" 링크 0개
  선택자 "a[href*='/articles/']" 링크 0개
  HTML fallback 링크 30개
- 글 링크 후보 30개
  건너뜀: 🏀 NSB 농심 카페 3X3 37회 챔피언십 농구 대회 in NSB 체육관
  건너뜀: SLAMDUNK EXPEDITION : 농심카페 일본원정 농구캠프 원정대원 모집
  건너뜀: 23스토어 X NSB 농심카페 후기 작성 이벤트
  건너뜀: 리바이티브 EMS 저주파 발 마사지기 S액티브 공동구매 2차
  건너뜀: "100% 바뀐다" NSB X 동농커리 슈팅클래스 6기 선착순 모집! 🏀🔥
  제목 키워드 불일치로 제외: 🏆 1회 NSB 농심 카페 5대5 농구 최강자전 [NO LIMITS]
  제목 키워드 불일치로 제외: NSB 농심 카페 회원 전용 '브랜드 홍보 & 회원 혜택' 게시판 오픈 안내!
  제목 키워드 불일치로 제외: 🏀 NSB 농심카페 전용 체육관, 2026년 새롭게 문을 엽니다!
  건너뜀: NSB 농심 카페에서 동호회 농구팀을 소개하는 유튜브를 시작합니다^^
  건너뜀: NSB 농심 카페 농구 용품 위탁 판매 서비스 시작합니다
  제목 키워드 불일치로 제외: NSB 농심 카페 장터 불량 회원 & 비매너 회원 공유
  제목 키워드 불일치로 제외: NSB 농심 카페 장터에 글을 올리기 전에 꼭 읽어주세요!!
  제목 키워드 불일치로 제외: NSB 농심 카페 활동 시작하면 꼭 읽어주세요!!!
  제목 키워드 불일치로 제외: NSB 농심카페와 함께할 공식 체육관을 찾습니다
  제목 키워드 불일치로 제외: 농심 카페에서 체육관을 직접 짓는다면? 가능은 한 이야기인가?
  본문 열기: [부산울산] 8월13일 목 신라중 교류전모집
  본문 열기: [대구경상] [경북구미] 8월 14일 금요일 18:30 ~ 21:30 교류전팀 구합니다.
  본문 열기: [인천경기] [시흥](마감입니다)8월 15일(토) 10시~12시 슈팅비에서 교류전 초청합니다
  본문 열기: [대구경상] [경남진주] 8월 15일 신안동 학생체육관 18:30~21:30 교류전 팀 구합니다.
  본문 열기: [서울] [서대문구남가좌동] 8월16일 일요일 9.30분 ~ 11.30분 교류전 팀 구합니다 (즐농팀)
  본문 열기: [인천경기] 토요일 8/15 오전 8시 ~ 10시30분 체육관 양도
  본문 열기: [서울] [은평/고양] 8월 16일 일요일 오전 9:20~12:00 좀비스 교류전 초청
  본문 열기: [서울] [서울] [노원, 도봉, 강북] 8.13목 19:30~21:30 교류전팀 구합니다.
  본문 열기: [서울] (완료) 8/12(수) 8~10 친선전 초청드립니다
  본문 열기: [인천경기] [부평] 토요일(15일) 오전 8시 ~ 10시 30분 체육관 양도
  본문 열기: [인천경기] 인천 청소년 수련관에서 고등부 교류전
  본문 열기: [서울] [동대문구] 8월 15일 토요일 22:00-01:00 Rebels 에서 교류전 초청합니다.
  본문 열기: [인천경기] [고양시]도내동 8월15일 토요일 오전8시 ~11시 교류전팀 모십니다
  본문 열기: [부산울산] [[부산 강서구]] 8월 16일 일요일 0900 - 1200 부산 강서구 명호고 교류전 하실 팀 구합니다.
  본문 열기: [부산울산] [부산진구 양정동] 8월 16일 일요일 14시~1７시 양정고등학교 교류전 모집합니다 (샤워 가능)
- 키워드 매칭 글 15개
  저장 후보: 2026-08-13 18:30 [부산울산] 8월13일 목 신라중 교류전모집
  저장 후보: 2026-08-14 18:30 [대구경상] [경북구미] 8월 14일 금요일 18:30 ~ 21:30 교류전팀 구합니다.
  저장 후보: 2026-08-15 10:00 [인천경기] [시흥](마감입니다)8월 15일(토) 10시~12시 슈팅비에서 교류전 초청합니다
  저장 후보: 2026-08-15 18:30 [대구경상] [경남진주] 8월 15일 신안동 학생체육관 18:30~21:30 교류전 팀 구합니다.
  저장 후보: 2026-08-16 09:30 [서울] [서대문구남가좌동] 8월16일 일요일 9.30분 ~ 11.30분 교류전 팀 구합니다 (즐농팀)
  저장 후보: 2026-08-15 08:00 [인천경기] 토요일 8/15 오전 8시 ~ 10시30분 체육관 양도
  저장 후보: 2026-08-16 09:20 [서울] [은평/고양] 8월 16일 일요일 오전 9:20~12:00 좀비스 교류전 초청
  저장 후보: 2026-08-13 19:30 [서울] [서울] [노원, 도봉, 강북] 8.13목 19:30~21:30 교류전팀 구합니다.
  저장 후보: 2026-08-12 08:00 [서울] (완료) 8/12(수) 8~10 친선전 초청드립니다
  저장 후보: 2026-08-11 08:00 [인천경기] [부평] 토요일(15일) 오전 8시 ~ 10시 30분 체육관 양도
  저장 후보: 2026-08-11 13:00 [인천경기] 인천 청소년 수련관에서 고등부 교류전
  저장 후보: 2026-08-15 22:00 [서울] [동대문구] 8월 15일 토요일 22:00-01:00 Rebels 에서 교류전 초청합니다.
  저장 후보: 2026-08-15 08:00 [인천경기] [고양시]도내동 8월15일 토요일 오전8시 ~11시 교류전팀 모십니다
  저장 후보: 2026-08-16 09:00 [부산울산] [[부산 강서구]] 8월 16일 일요일 0900 - 1200 부산 강서구 명호고 교류전 하실 팀 구합니다.
  저장 후보: 2026-08-16 14:00 [부산울산] [부산진구 양정동] 8월 16일 일요일 14시~1７시 양정고등학교 교류전 모집합니다 (샤워 가능)
수집 시작: 콘로우
- 목록 열기: https://cafe.naver.com/f-e/cafes/10586238/menus/34
  선택자 "a.article" 링크 0개
  선택자 ".ArticleList a[href*='/ArticleRead.nhn']" 링크 0개
  선택자 "a[href*='articleid=']" 링크 0개
  선택자 "a[href*='/articles/']" 링크 0개
  HTML fallback 링크 30개
- 글 링크 후보 30개
  건너뜀: 🏀 NSB 농심 카페 3X3 37회 챔피언십 농구 대회 in NSB 체육관
  건너뜀: SLAMDUNK EXPEDITION : 농심카페 일본원정 농구캠프 원정대원 모집
  건너뜀: 23스토어 X NSB 농심카페 후기 작성 이벤트
  건너뜀: 리바이티브 EMS 저주파 발 마사지기 S액티브 공동구매 2차
  건너뜀: "100% 바뀐다" NSB X 동농커리 슈팅클래스 6기 선착순 모집! 🏀🔥
  제목 키워드 불일치로 제외: 🏆 1회 NSB 농심 카페 5대5 농구 최강자전 [NO LIMITS]
  제목 키워드 불일치로 제외: NSB 농심 카페 회원 전용 '브랜드 홍보 & 회원 혜택' 게시판 오픈 안내!
  제목 키워드 불일치로 제외: 🏀 NSB 농심카페 전용 체육관, 2026년 새롭게 문을 엽니다!
  건너뜀: NSB 농심 카페에서 동호회 농구팀을 소개하는 유튜브를 시작합니다^^
  건너뜀: NSB 농심 카페 농구 용품 위탁 판매 서비스 시작합니다
  제목 키워드 불일치로 제외: NSB 농심 카페 장터 불량 회원 & 비매너 회원 공유
  제목 키워드 불일치로 제외: NSB 농심 카페 장터에 글을 올리기 전에 꼭 읽어주세요!!
  제목 키워드 불일치로 제외: NSB 농심 카페 활동 시작하면 꼭 읽어주세요!!!
  제목 키워드 불일치로 제외: NSB 농심카페와 함께할 공식 체육관을 찾습니다
  제목 키워드 불일치로 제외: 농심 카페에서 체육관을 직접 짓는다면? 가능은 한 이야기인가?
  본문 열기: [서울모임] [성북구] 석계역인근 즐농 팀 턴오버에서 8월16일 일요일 12시~15시 뒷선 게스트 모집합니다.
  본문 열기: [경기모임] [용인/기흥/수원] 8월 9일 일요일 오전 7시~9시 팀야미 게스트 초대합니다
  본문 열기: [서울모임] [서대문구]8월15일(일) 17시~19시 픽업 게임 게스트 모집합니다.
  본문 열기: [서울모임] [금천구] 🏀 8/16 (일) 09:00~12:00 게스트 초청합니다. (금나래체육관)
  본문 열기: [경기모임] [현천동/상암부근] 오늘 스킬존 20-22시 게스트구합니다!
  본문 열기: [경기모임] [일산/고양/파주/김포] 15일 토요일 저녁 7-10시 게스트 모집합니다
  본문 열기: [경기모임] [광명/구로/금천] 오늘 목요일 오후 6시부터 9시까지 게스트 구해요 (즐농모임)(7시 경기시작)
  본문 열기: [서울모임] [서초/강남/과천] [오늘]8/13(목) 17시~19시 서초종합체육관 게스트 모집합니다
  본문 열기: [경기모임] [경기,구리] 8월 15일 토요일15;00-17;00 게스트 구인 합니다.
  본문 열기: [서울모임] [서울모임][중랑구] 중랑,망우 8월13일 (목요일) 19:30~21:30 게스트 모집
  본문 열기: [인천모임] [인천 부평구] 8월 14일, 금요일, 21:30 ~ 24:00, 십정동 멤버스키키 즐농 2 or 3파전 게스트 모집
  본문 열기: [수원][모집중] 8월 15일 (토) 즐농 5vs5 밤 20시 ~22시 경기도수원월드컵스포츠센터 게스트 모집합니다.
  본문 열기: [서울모임] [동작구]8/16(일) 영등포고 15:00 ~ 18:00 즐농게스트 모십니다.
  제목 키워드 불일치로 제외: [인천모임] (부평십정)8월13일 목 저녁10:30
  본문 열기: [경기모임] [양주/동두천/의정부] 8월 14일(금). 저녁 8시~10시. 게스트 모집
- 키워드 매칭 글 14개
  저장 후보: 2026-08-16 12:00 [서울모임] [성북구] 석계역인근 즐농 팀 턴오버에서 8월16일 일요일 12시~15시 뒷선 게스트 모집합니다.
  저장 후보: 2026-08-09 07:00 [경기모임] [용인/기흥/수원] 8월 9일 일요일 오전 7시~9시 팀야미 게스트 초대합니다
  저장 후보: 2026-08-15 17:00 [서울모임] [서대문구]8월15일(일) 17시~19시 픽업 게임 게스트 모집합니다.
  저장 후보: 2026-08-16 09:00 [서울모임] [금천구] 🏀 8/16 (일) 09:00~12:00 게스트 초청합니다. (금나래체육관)
  저장 후보: 2026-08-13 20:00 [경기모임] [현천동/상암부근] 오늘 스킬존 20-22시 게스트구합니다!
  저장 후보: 2026-07-10 19:00 [경기모임] [일산/고양/파주/김포] 15일 토요일 저녁 7-10시 게스트 모집합니다
  저장 후보: 2026-08-13 20:00 [경기모임] [광명/구로/금천] 오늘 목요일 오후 6시부터 9시까지 게스트 구해요 (즐농모임)(7시 경기시작)
  저장 후보: 2026-08-13 17:00 [서울모임] [서초/강남/과천] [오늘]8/13(목) 17시~19시 서초종합체육관 게스트 모집합니다
  저장 후보: 2026-08-15 00:00 [경기모임] [경기,구리] 8월 15일 토요일15;00-17;00 게스트 구인 합니다.
  저장 후보: 2026-08-13 19:30 [서울모임] [서울모임][중랑구] 중랑,망우 8월13일 (목요일) 19:30~21:30 게스트 모집
  저장 후보: 2026-08-14 21:30 [인천모임] [인천 부평구] 8월 14일, 금요일, 21:30 ~ 24:00, 십정동 멤버스키키 즐농 2 or 3파전 게스트 모집
  저장 후보: 2026-08-15 20:00 [수원][모집중] 8월 15일 (토) 즐농 5vs5 밤 20시 ~22시 경기도수원월드컵스포츠센터 게스트 모집합니다.
  저장 후보: 2026-08-16 15:00 [서울모임] [동작구]8/16(일) 영등포고 15:00 ~ 18:00 즐농게스트 모십니다.
  저장 후보: 2026-08-14 20:00 [경기모임] [양주/동두천/의정부] 8월 14일(금). 저녁 8시~10시. 게스트 모집
로그인 쿠키 9개를 저장했습니다: /Users/kangsanlee/Documents/농구 서비스/data/auth-default-cookies.json
49개 글을 읽고 49개 일정으로 저장했습니다.
[2026-08-13T03:27:24.689Z] 자동 카페 수집 종료: 성공

[2026-08-13T03:32:24.688Z] 자동 카페 수집 시작: default
로그인 세션 브라우저가 이미 열려 있어 자동 수집을 건너뜁니다.
자동 수집은 기존 창을 건드리지 않고 다음 주기에 다시 시도합니다.
잠금 정보: SingletonLock 있음
[2026-08-13T03:32:25.010Z] 자동 카페 수집 종료: 성공

[2026-08-13T03:37:24.932Z] 자동 카페 수집 시작: default
저장된 로그인 쿠키 9개를 불러왔습니다.
수집 시작: 동아리 농구 카페
- 목록 열기: https://m.cafe.daum.net/dongarry/Dilr?boardType=
  선택자 "a[href*='/dongarry/']" 링크 0개
  선택자 "a[href*='/_rec/']" 링크 0개
  선택자 "a.link_cafe" 링크 0개
  선택자 "a[href]" 링크 0개
  Daum HTML fallback 링크 20개
- 글 링크 후보 20개
  본문 열기: [서울] [성북구] 석계역인근 8월16일 일요일 12시~15시 뒷선게스트 구인합니다.
  다음카페 목록 정보만 저장
  본문 열기: [서울] 성북구] 8월 13일 목요일 오후7시~9시30분 리버스에서 게스트 모집합니다
  다음카페 목록 정보만 저장
  본문 열기: [경기] [용인/기흥/수원] 8월 16일 일요일 오전 7시~9시 게스트 초대합니다
  다음카페 목록 정보만 저장
  본문 열기: [경기] 양평 가평 원주 홍천 [양평 브리즈 운동 게스트 구인] 8.14.(금) 19:00
  다음카페 목록 정보만 저장
  본문 열기: [수원]8월 14일 금요일 9시 11시 보훈원 게스트 모십니다.
  다음카페 목록 정보만 저장
  본문 열기: [서울] [강남구] 8월 14일 금요일 20~22시 강남스포츠문화센터 게스트 모십니다.
  다음카페 목록 정보만 저장
  본문 열기: [서울] [강남구] 8/16(일) 15~18시 삼성동 객원 구합니다.
  다음카페 목록 정보만 저장
  본문 열기: [인천] (부평십정)8월15일 12:30-15:30
  다음카페 목록 정보만 저장
  본문 열기: [경기] [남양주]8월13일목요일(오늘)22시~00시30분 게스트 모집합니다
  다음카페 목록 정보만 저장
  본문 열기: [서울] [중구] 8/13(목) 20:00~21:30 약수역 중구청소년수련관 게스트 모집합니다~
  다음카페 목록 정보만 저장
  본문 열기: [서울] [서대문구]8월15일(토) 17시~19시 픽업 게임 게스트 모집합니다.
  다음카페 목록 정보만 저장
  본문 열기: [서울] 은평 고양 덕은 화전 상암] 08.13(목) 스킬존 3관 20-22 게스트 모집
  다음카페 목록 정보만 저장
  본문 열기: [서울] 🏀 8/16 (일) 09:00 ~ 12:00 게스트 모집합니다. (금나래 문화체육센터)
  다음카페 목록 정보만 저장
  본문 열기: [마감 [김포] 고촌 8/13 (목) 19:00~ 22:00 볼트팀에서 게스트3인 구합니다.]
  다음카페 목록 정보만 저장
  본문 열기: [경기] 8월 13일 목요일 게스트 구인합니다. 저녁 8시-10시30분 (풀냉방)
  다음카페 목록 정보만 저장
  본문 열기: [서울][마포 은평 고양] 상암체육관 8월 14일 금요일 19:00~21:00 게스트 모집합니다
  다음카페 목록 정보만 저장
  본문 열기: [오늘 저녁 노원 마들역부근 게스트 3분 구합니다]
  다음카페 목록 정보만 저장
  본문 열기: [경기] [시흥] 08월 15일(토) 오전 오전10~12시 게스트 모집 합니다.
  다음카페 목록 정보만 저장
  본문 열기: [8/13 하남 미사 19~21.5시 게스트 모집]
  다음카페 목록 정보만 저장
  본문 열기: [서울][이촌] 8월15일(토) 14시20분~17시50분 게스트 초청합니다
  다음카페 목록 정보만 저장
- 키워드 매칭 글 20개
  저장 후보: 2026-08-16 12:00 [서울] [성북구] 석계역인근 8월16일 일요일 12시~15시 뒷선게스트 구인합니다.
  저장 후보: 2026-08-13 19:00 [서울] 성북구] 8월 13일 목요일 오후7시~9시30분 리버스에서 게스트 모집합니다
  저장 후보: 2026-08-16 07:00 [경기] [용인/기흥/수원] 8월 16일 일요일 오전 7시~9시 게스트 초대합니다
  저장 후보: 2026-08-14 00:00 [경기] 양평 가평 원주 홍천 [양평 브리즈 운동 게스트 구인] 8.14.(금) 19:00
  저장 후보: 2026-08-14 09:00 [수원]8월 14일 금요일 9시 11시 보훈원 게스트 모십니다.
  저장 후보: 2026-08-14 20:00 [서울] [강남구] 8월 14일 금요일 20~22시 강남스포츠문화센터 게스트 모십니다.
  저장 후보: 2026-08-16 15:00 [서울] [강남구] 8/16(일) 15~18시 삼성동 객원 구합니다.
  저장 후보: 2026-08-15 12:30 [인천] (부평십정)8월15일 12:30-15:30
  저장 후보: 2026-08-13 22:00 [경기] [남양주]8월13일목요일(오늘)22시~00시30분 게스트 모집합니다
  저장 후보: 2026-08-13 20:00 [서울] [중구] 8/13(목) 20:00~21:30 약수역 중구청소년수련관 게스트 모집합니다~
  저장 후보: 2026-08-15 17:00 [서울] [서대문구]8월15일(토) 17시~19시 픽업 게임 게스트 모집합니다.
  저장 후보: 2026-08-13 20:00 [서울] 은평 고양 덕은 화전 상암] 08.13(목) 스킬존 3관 20-22 게스트 모집
  저장 후보: 2026-08-16 09:00 [서울] 🏀 8/16 (일) 09:00 ~ 12:00 게스트 모집합니다. (금나래 문화체육센터)
  저장 후보: 2026-08-13 19:00 [마감 [김포] 고촌 8/13 (목) 19:00~ 22:00 볼트팀에서 게스트3인 구합니다.]
  저장 후보: 2026-08-13 20:00 [경기] 8월 13일 목요일 게스트 구인합니다. 저녁 8시-10시30분 (풀냉방)
  저장 후보: 2026-08-14 19:00 [서울][마포 은평 고양] 상암체육관 8월 14일 금요일 19:00~21:00 게스트 모집합니다
  저장 후보: 2026-08-13 00:00 [오늘 저녁 노원 마들역부근 게스트 3분 구합니다]
  저장 후보: 2026-08-15 10:00 [경기] [시흥] 08월 15일(토) 오전 오전10~12시 게스트 모집 합니다.
  저장 후보: 2026-08-13 19:00 [8/13 하남 미사 19~21.5시 게스트 모집]
  저장 후보: 2026-08-15 14:20 [서울][이촌] 8월15일(토) 14시20분~17시50분 게스트 초청합니다
수집 시작: 콘로우
- 목록 열기: https://cafe.naver.com/f-e/cafes/10586238/menus/428
  선택자 "a.article" 링크 0개
  선택자 ".ArticleList a[href*='/ArticleRead.nhn']" 링크 0개
  선택자 "a[href*='articleid=']" 링크 0개
  선택자 "a[href*='/articles/']" 링크 0개
  HTML fallback 링크 30개
- 글 링크 후보 30개
  건너뜀: 🏀 NSB 농심 카페 3X3 37회 챔피언십 농구 대회 in NSB 체육관
  건너뜀: SLAMDUNK EXPEDITION : 농심카페 일본원정 농구캠프 원정대원 모집
  건너뜀: 23스토어 X NSB 농심카페 후기 작성 이벤트
  건너뜀: 리바이티브 EMS 저주파 발 마사지기 S액티브 공동구매 2차
  건너뜀: "100% 바뀐다" NSB X 동농커리 슈팅클래스 6기 선착순 모집! 🏀🔥
  제목 키워드 불일치로 제외: 🏆 1회 NSB 농심 카페 5대5 농구 최강자전 [NO LIMITS]
  제목 키워드 불일치로 제외: NSB 농심 카페 회원 전용 '브랜드 홍보 & 회원 혜택' 게시판 오픈 안내!
  제목 키워드 불일치로 제외: 🏀 NSB 농심카페 전용 체육관, 2026년 새롭게 문을 엽니다!
  건너뜀: NSB 농심 카페에서 동호회 농구팀을 소개하는 유튜브를 시작합니다^^
  건너뜀: NSB 농심 카페 농구 용품 위탁 판매 서비스 시작합니다
  제목 키워드 불일치로 제외: NSB 농심 카페 장터 불량 회원 & 비매너 회원 공유
  제목 키워드 불일치로 제외: NSB 농심 카페 장터에 글을 올리기 전에 꼭 읽어주세요!!
  제목 키워드 불일치로 제외: NSB 농심 카페 활동 시작하면 꼭 읽어주세요!!!
  제목 키워드 불일치로 제외: NSB 농심카페와 함께할 공식 체육관을 찾습니다
  제목 키워드 불일치로 제외: 농심 카페에서 체육관을 직접 짓는다면? 가능은 한 이야기인가?
  본문 열기: [부산울산] 8월13일 목 신라중 교류전모집
  본문 열기: [대구경상] [경북구미] 8월 14일 금요일 18:30 ~ 21:30 교류전팀 구합니다.
  본문 열기: [인천경기] [시흥](마감입니다)8월 15일(토) 10시~12시 슈팅비에서 교류전 초청합니다
  본문 열기: [대구경상] [경남진주] 8월 15일 신안동 학생체육관 18:30~21:30 교류전 팀 구합니다.
  본문 열기: [서울] [서대문구남가좌동] 8월16일 일요일 9.30분 ~ 11.30분 교류전 팀 구합니다 (즐농팀)
  본문 열기: [인천경기] 토요일 8/15 오전 8시 ~ 10시30분 체육관 양도
  본문 열기: [서울] [은평/고양] 8월 16일 일요일 오전 9:20~12:00 좀비스 교류전 초청
  본문 열기: [서울] [서울] [노원, 도봉, 강북] 8.13목 19:30~21:30 교류전팀 구합니다.
  본문 열기: [서울] (완료) 8/12(수) 8~10 친선전 초청드립니다
  본문 열기: [인천경기] [부평] 토요일(15일) 오전 8시 ~ 10시 30분 체육관 양도
  본문 열기: [인천경기] 인천 청소년 수련관에서 고등부 교류전
  본문 열기: [서울] [동대문구] 8월 15일 토요일 22:00-01:00 Rebels 에서 교류전 초청합니다.
  본문 열기: [인천경기] [고양시]도내동 8월15일 토요일 오전8시 ~11시 교류전팀 모십니다
  본문 열기: [부산울산] [[부산 강서구]] 8월 16일 일요일 0900 - 1200 부산 강서구 명호고 교류전 하실 팀 구합니다.
  본문 열기: [부산울산] [부산진구 양정동] 8월 16일 일요일 14시~1７시 양정고등학교 교류전 모집합니다 (샤워 가능)
- 키워드 매칭 글 15개
  저장 후보: 2026-08-13 18:30 [부산울산] 8월13일 목 신라중 교류전모집
  저장 후보: 2026-08-14 18:30 [대구경상] [경북구미] 8월 14일 금요일 18:30 ~ 21:30 교류전팀 구합니다.
  저장 후보: 2026-08-15 10:00 [인천경기] [시흥](마감입니다)8월 15일(토) 10시~12시 슈팅비에서 교류전 초청합니다
  저장 후보: 2026-08-15 18:30 [대구경상] [경남진주] 8월 15일 신안동 학생체육관 18:30~21:30 교류전 팀 구합니다.
  저장 후보: 2026-08-16 09:30 [서울] [서대문구남가좌동] 8월16일 일요일 9.30분 ~ 11.30분 교류전 팀 구합니다 (즐농팀)
  저장 후보: 2026-08-15 08:00 [인천경기] 토요일 8/15 오전 8시 ~ 10시30분 체육관 양도
  저장 후보: 2026-08-16 09:20 [서울] [은평/고양] 8월 16일 일요일 오전 9:20~12:00 좀비스 교류전 초청
  저장 후보: 2026-08-13 19:30 [서울] [서울] [노원, 도봉, 강북] 8.13목 19:30~21:30 교류전팀 구합니다.
  저장 후보: 2026-08-12 08:00 [서울] (완료) 8/12(수) 8~10 친선전 초청드립니다
  저장 후보: 2026-08-11 08:00 [인천경기] [부평] 토요일(15일) 오전 8시 ~ 10시 30분 체육관 양도
  저장 후보: 2026-08-11 13:00 [인천경기] 인천 청소년 수련관에서 고등부 교류전
  저장 후보: 2026-08-15 22:00 [서울] [동대문구] 8월 15일 토요일 22:00-01:00 Rebels 에서 교류전 초청합니다.
  저장 후보: 2026-08-15 08:00 [인천경기] [고양시]도내동 8월15일 토요일 오전8시 ~11시 교류전팀 모십니다
  저장 후보: 2026-08-16 09:00 [부산울산] [[부산 강서구]] 8월 16일 일요일 0900 - 1200 부산 강서구 명호고 교류전 하실 팀 구합니다.
  저장 후보: 2026-08-16 14:00 [부산울산] [부산진구 양정동] 8월 16일 일요일 14시~1７시 양정고등학교 교류전 모집합니다 (샤워 가능)
수집 시작: 콘로우
- 목록 열기: https://cafe.naver.com/f-e/cafes/10586238/menus/34
  선택자 "a.article" 링크 0개
  선택자 ".ArticleList a[href*='/ArticleRead.nhn']" 링크 0개
  선택자 "a[href*='articleid=']" 링크 0개
  선택자 "a[href*='/articles/']" 링크 0개
  HTML fallback 링크 30개
- 글 링크 후보 30개
  건너뜀: 🏀 NSB 농심 카페 3X3 37회 챔피언십 농구 대회 in NSB 체육관
  건너뜀: SLAMDUNK EXPEDITION : 농심카페 일본원정 농구캠프 원정대원 모집
  건너뜀: 23스토어 X NSB 농심카페 후기 작성 이벤트
  건너뜀: 리바이티브 EMS 저주파 발 마사지기 S액티브 공동구매 2차
  건너뜀: "100% 바뀐다" NSB X 동농커리 슈팅클래스 6기 선착순 모집! 🏀🔥
  제목 키워드 불일치로 제외: 🏆 1회 NSB 농심 카페 5대5 농구 최강자전 [NO LIMITS]
  제목 키워드 불일치로 제외: NSB 농심 카페 회원 전용 '브랜드 홍보 & 회원 혜택' 게시판 오픈 안내!
  제목 키워드 불일치로 제외: 🏀 NSB 농심카페 전용 체육관, 2026년 새롭게 문을 엽니다!
  건너뜀: NSB 농심 카페에서 동호회 농구팀을 소개하는 유튜브를 시작합니다^^
  건너뜀: NSB 농심 카페 농구 용품 위탁 판매 서비스 시작합니다
  제목 키워드 불일치로 제외: NSB 농심 카페 장터 불량 회원 & 비매너 회원 공유
  제목 키워드 불일치로 제외: NSB 농심 카페 장터에 글을 올리기 전에 꼭 읽어주세요!!
  제목 키워드 불일치로 제외: NSB 농심 카페 활동 시작하면 꼭 읽어주세요!!!
  제목 키워드 불일치로 제외: NSB 농심카페와 함께할 공식 체육관을 찾습니다
  제목 키워드 불일치로 제외: 농심 카페에서 체육관을 직접 짓는다면? 가능은 한 이야기인가?
  본문 열기: [경기모임] [광명] 08.16(일요일) 09:00~12:00 게스트 모십니다
  본문 열기: [인천모임] 8/13 목요일 남동구 논현고잔동 어시스트체육관 21:30~24:00 게스트 모집
  본문 열기: [서울모임] [성북구] 석계역인근 즐농 팀 턴오버에서 8월16일 일요일 12시~15시 뒷선 게스트 모집합니다.
  본문 열기: [경기모임] [용인/기흥/수원] 8월 9일 일요일 오전 7시~9시 팀야미 게스트 초대합니다
  본문 열기: [서울모임] [서대문구]8월15일(일) 17시~19시 픽업 게임 게스트 모집합니다.
  본문 열기: [서울모임] [금천구] 🏀 8/16 (일) 09:00~12:00 게스트 초청합니다. (금나래체육관)
  본문 열기: [경기모임] [현천동/상암부근] 오늘 스킬존 20-22시 게스트구합니다!
  본문 열기: [경기모임] [일산/고양/파주/김포] 15일 토요일 저녁 7-10시 게스트 모집합니다
  본문 열기: [경기모임] [광명/구로/금천] 오늘 목요일 오후 6시부터 9시까지 게스트 구해요 (즐농모임)(7시 경기시작)
  본문 열기: [서울모임] [서초/강남/과천] [오늘]8/13(목) 17시~19시 서초종합체육관 게스트 모집합니다
  본문 열기: [경기모임] [경기,구리] 8월 15일 토요일15;00-17;00 게스트 구인 합니다.
  본문 열기: [서울모임] [서울모임][중랑구] 중랑,망우 8월13일 (목요일) 19:30~21:30 게스트 모집
  본문 열기: [인천모임] [인천 부평구] 8월 14일, 금요일, 21:30 ~ 24:00, 십정동 멤버스키키 즐농 2 or 3파전 게스트 모집
  본문 열기: [수원][모집중] 8월 15일 (토) 즐농 5vs5 밤 20시 ~22시 경기도수원월드컵스포츠센터 게스트 모집합니다.
  본문 열기: [서울모임] [동작구]8/16(일) 영등포고 15:00 ~ 18:00 즐농게스트 모십니다.
- 키워드 매칭 글 15개
  저장 후보: 2026-08-16 09:00 [경기모임] [광명] 08.16(일요일) 09:00~12:00 게스트 모십니다
  저장 후보: 2026-08-13 21:30 [인천모임] 8/13 목요일 남동구 논현고잔동 어시스트체육관 21:30~24:00 게스트 모집
  저장 후보: 2026-08-16 12:00 [서울모임] [성북구] 석계역인근 즐농 팀 턴오버에서 8월16일 일요일 12시~15시 뒷선 게스트 모집합니다.
  저장 후보: 2026-08-09 07:00 [경기모임] [용인/기흥/수원] 8월 9일 일요일 오전 7시~9시 팀야미 게스트 초대합니다
  저장 후보: 2026-08-15 17:00 [서울모임] [서대문구]8월15일(일) 17시~19시 픽업 게임 게스트 모집합니다.
  저장 후보: 2026-08-16 09:00 [서울모임] [금천구] 🏀 8/16 (일) 09:00~12:00 게스트 초청합니다. (금나래체육관)
  저장 후보: 2026-08-13 20:00 [경기모임] [현천동/상암부근] 오늘 스킬존 20-22시 게스트구합니다!
  저장 후보: 2026-07-10 19:00 [경기모임] [일산/고양/파주/김포] 15일 토요일 저녁 7-10시 게스트 모집합니다
  저장 후보: 2026-08-13 20:00 [경기모임] [광명/구로/금천] 오늘 목요일 오후 6시부터 9시까지 게스트 구해요 (즐농모임)(7시 경기시작)
  저장 후보: 2026-08-13 17:00 [서울모임] [서초/강남/과천] [오늘]8/13(목) 17시~19시 서초종합체육관 게스트 모집합니다
  저장 후보: 2026-08-15 00:00 [경기모임] [경기,구리] 8월 15일 토요일15;00-17;00 게스트 구인 합니다.
  저장 후보: 2026-08-13 19:30 [서울모임] [서울모임][중랑구] 중랑,망우 8월13일 (목요일) 19:30~21:30 게스트 모집
  저장 후보: 2026-08-14 21:30 [인천모임] [인천 부평구] 8월 14일, 금요일, 21:30 ~ 24:00, 십정동 멤버스키키 즐농 2 or 3파전 게스트 모집
  저장 후보: 2026-08-15 20:00 [수원][모집중] 8월 15일 (토) 즐농 5vs5 밤 20시 ~22시 경기도수원월드컵스포츠센터 게스트 모집합니다.
  저장 후보: 2026-08-16 15:00 [서울모임] [동작구]8/16(일) 영등포고 15:00 ~ 18:00 즐농게스트 모십니다.
로그인 쿠키 9개를 저장했습니다: /Users/kangsanlee/Documents/농구 서비스/data/auth-default-cookies.json
50개 글을 읽고 50개 일정으로 저장했습니다.
[2026-08-13T03:39:38.341Z] 자동 카페 수집 종료: 성공

[2026-08-13T03:44:38.335Z] 자동 카페 수집 시작: default
저장된 로그인 쿠키 9개를 불러왔습니다.
수집 시작: 동아리 농구 카페
- 목록 열기: https://m.cafe.daum.net/dongarry/Dilr?boardType=
  선택자 "a[href*='/dongarry/']" 링크 0개
  선택자 "a[href*='/_rec/']" 링크 0개
  선택자 "a.link_cafe" 링크 0개
  선택자 "a[href]" 링크 0개
  Daum HTML fallback 링크 20개
- 글 링크 후보 20개
  본문 열기: [서울] [강남구] 8. 13.(목) 22시 ~ 24시 어브 온(AUBE ON)에서 게스트 모집합니다.
  다음카페 목록 정보만 저장
  본문 열기: [경기] ＜남양주 별내＞버블짐 8/16(일) 10:30~13:00 팀리얼에서 게스트 초청합니다.
  다음카페 목록 정보만 저장
  본문 열기: [서울] [성북구] 석계역인근 8월16일 일요일 12시~15시 뒷선게스트 구인합니다.
  다음카페 목록 정보만 저장
  본문 열기: [서울] 성북구] 8월 13일 목요일 오후7시~9시30분 리버스에서 게스트 모집합니다
  다음카페 목록 정보만 저장
  본문 열기: [경기] [용인/기흥/수원] 8월 16일 일요일 오전 7시~9시 게스트 초대합니다
  다음카페 목록 정보만 저장
  본문 열기: [경기] 양평 가평 원주 홍천 [양평 브리즈 운동 게스트 구인] 8.14.(금) 19:00
  다음카페 목록 정보만 저장
  본문 열기: [수원]8월 14일 금요일 9시 11시 보훈원 게스트 모십니다.
  다음카페 목록 정보만 저장
  본문 열기: [서울] [강남구] 8월 14일 금요일 20~22시 강남스포츠문화센터 게스트 모십니다.
  다음카페 목록 정보만 저장
  본문 열기: [서울] [강남구] 8/16(일) 15~18시 삼성동 객원 구합니다.
  다음카페 목록 정보만 저장
  본문 열기: [인천] (부평십정)8월15일 12:30-15:30
  다음카페 목록 정보만 저장
  본문 열기: [경기] [남양주]8월13일목요일(오늘)22시~00시30분 게스트 모집합니다
  다음카페 목록 정보만 저장
  본문 열기: [서울] [중구] 8/13(목) 20:00~21:30 약수역 중구청소년수련관 게스트 모집합니다~
  다음카페 목록 정보만 저장
  본문 열기: [서울] [서대문구]8월15일(토) 17시~19시 픽업 게임 게스트 모집합니다.
  다음카페 목록 정보만 저장
  본문 열기: [서울] 은평 고양 덕은 화전 상암] 08.13(목) 스킬존 3관 20-22 게스트 모집
  다음카페 목록 정보만 저장
  본문 열기: [서울] 🏀 8/16 (일) 09:00 ~ 12:00 게스트 모집합니다. (금나래 문화체육센터)
  다음카페 목록 정보만 저장
  본문 열기: [마감 [김포] 고촌 8/13 (목) 19:00~ 22:00 볼트팀에서 게스트3인 구합니다.]
  다음카페 목록 정보만 저장
  본문 열기: [경기] 8월 13일 목요일 게스트 구인합니다. 저녁 8시-10시30분 (풀냉방)
  다음카페 목록 정보만 저장
  본문 열기: [서울][마포 은평 고양] 상암체육관 8월 14일 금요일 19:00~21:00 게스트 모집합니다
  다음카페 목록 정보만 저장
  본문 열기: [오늘 저녁 노원 마들역부근 게스트 3분 구합니다]
  다음카페 목록 정보만 저장
  본문 열기: [경기] [시흥] 08월 15일(토) 오전 오전10~12시 게스트 모집 합니다.
  다음카페 목록 정보만 저장
- 키워드 매칭 글 20개
  저장 후보: 2026-08-13 22:00 [서울] [강남구] 8. 13.(목) 22시 ~ 24시 어브 온(AUBE ON)에서 게스트 모집합니다.
  저장 후보: 2026-08-16 10:30 [경기] ＜남양주 별내＞버블짐 8/16(일) 10:30~13:00 팀리얼에서 게스트 초청합니다.
  저장 후보: 2026-08-16 12:00 [서울] [성북구] 석계역인근 8월16일 일요일 12시~15시 뒷선게스트 구인합니다.
  저장 후보: 2026-08-13 19:00 [서울] 성북구] 8월 13일 목요일 오후7시~9시30분 리버스에서 게스트 모집합니다
  저장 후보: 2026-08-16 07:00 [경기] [용인/기흥/수원] 8월 16일 일요일 오전 7시~9시 게스트 초대합니다
  저장 후보: 2026-08-14 00:00 [경기] 양평 가평 원주 홍천 [양평 브리즈 운동 게스트 구인] 8.14.(금) 19:00
  저장 후보: 2026-08-14 09:00 [수원]8월 14일 금요일 9시 11시 보훈원 게스트 모십니다.
  저장 후보: 2026-08-14 20:00 [서울] [강남구] 8월 14일 금요일 20~22시 강남스포츠문화센터 게스트 모십니다.
  저장 후보: 2026-08-16 15:00 [서울] [강남구] 8/16(일) 15~18시 삼성동 객원 구합니다.
  저장 후보: 2026-08-15 12:30 [인천] (부평십정)8월15일 12:30-15:30
  저장 후보: 2026-08-13 22:00 [경기] [남양주]8월13일목요일(오늘)22시~00시30분 게스트 모집합니다
  저장 후보: 2026-08-13 20:00 [서울] [중구] 8/13(목) 20:00~21:30 약수역 중구청소년수련관 게스트 모집합니다~
  저장 후보: 2026-08-15 17:00 [서울] [서대문구]8월15일(토) 17시~19시 픽업 게임 게스트 모집합니다.
  저장 후보: 2026-08-13 20:00 [서울] 은평 고양 덕은 화전 상암] 08.13(목) 스킬존 3관 20-22 게스트 모집
  저장 후보: 2026-08-16 09:00 [서울] 🏀 8/16 (일) 09:00 ~ 12:00 게스트 모집합니다. (금나래 문화체육센터)
  저장 후보: 2026-08-13 19:00 [마감 [김포] 고촌 8/13 (목) 19:00~ 22:00 볼트팀에서 게스트3인 구합니다.]
  저장 후보: 2026-08-13 20:00 [경기] 8월 13일 목요일 게스트 구인합니다. 저녁 8시-10시30분 (풀냉방)
  저장 후보: 2026-08-14 19:00 [서울][마포 은평 고양] 상암체육관 8월 14일 금요일 19:00~21:00 게스트 모집합니다
  저장 후보: 2026-08-13 00:00 [오늘 저녁 노원 마들역부근 게스트 3분 구합니다]
  저장 후보: 2026-08-15 10:00 [경기] [시흥] 08월 15일(토) 오전 오전10~12시 게스트 모집 합니다.
수집 시작: 콘로우
- 목록 열기: https://cafe.naver.com/f-e/cafes/10586238/menus/428
  선택자 "a.article" 링크 0개
  선택자 ".ArticleList a[href*='/ArticleRead.nhn']" 링크 0개
  선택자 "a[href*='articleid=']" 링크 0개
  선택자 "a[href*='/articles/']" 링크 0개
  HTML fallback 링크 30개
- 글 링크 후보 30개
  건너뜀: 🏀 NSB 농심 카페 3X3 37회 챔피언십 농구 대회 in NSB 체육관
  건너뜀: SLAMDUNK EXPEDITION : 농심카페 일본원정 농구캠프 원정대원 모집
  건너뜀: 23스토어 X NSB 농심카페 후기 작성 이벤트
  건너뜀: 리바이티브 EMS 저주파 발 마사지기 S액티브 공동구매 2차
  건너뜀: "100% 바뀐다" NSB X 동농커리 슈팅클래스 6기 선착순 모집! 🏀🔥
  제목 키워드 불일치로 제외: 🏆 1회 NSB 농심 카페 5대5 농구 최강자전 [NO LIMITS]
  제목 키워드 불일치로 제외: NSB 농심 카페 회원 전용 '브랜드 홍보 & 회원 혜택' 게시판 오픈 안내!
  제목 키워드 불일치로 제외: 🏀 NSB 농심카페 전용 체육관, 2026년 새롭게 문을 엽니다!
  건너뜀: NSB 농심 카페에서 동호회 농구팀을 소개하는 유튜브를 시작합니다^^
  건너뜀: NSB 농심 카페 농구 용품 위탁 판매 서비스 시작합니다
  제목 키워드 불일치로 제외: NSB 농심 카페 장터 불량 회원 & 비매너 회원 공유
  제목 키워드 불일치로 제외: NSB 농심 카페 장터에 글을 올리기 전에 꼭 읽어주세요!!
  제목 키워드 불일치로 제외: NSB 농심 카페 활동 시작하면 꼭 읽어주세요!!!
  제목 키워드 불일치로 제외: NSB 농심카페와 함께할 공식 체육관을 찾습니다
  제목 키워드 불일치로 제외: 농심 카페에서 체육관을 직접 짓는다면? 가능은 한 이야기인가?
  본문 열기: [부산울산] 8월13일 목 신라중 교류전모집
  본문 열기: [대구경상] [경북구미] 8월 14일 금요일 18:30 ~ 21:30 교류전팀 구합니다.
  본문 열기: [인천경기] [시흥](마감입니다)8월 15일(토) 10시~12시 슈팅비에서 교류전 초청합니다
  본문 열기: [대구경상] [경남진주] 8월 15일 신안동 학생체육관 18:30~21:30 교류전 팀 구합니다.
  본문 열기: [서울] [서대문구남가좌동] 8월16일 일요일 9.30분 ~ 11.30분 교류전 팀 구합니다 (즐농팀)
  본문 열기: [인천경기] 토요일 8/15 오전 8시 ~ 10시30분 체육관 양도
  본문 열기: [서울] [은평/고양] 8월 16일 일요일 오전 9:20~12:00 좀비스 교류전 초청
  본문 열기: [서울] [서울] [노원, 도봉, 강북] 8.13목 19:30~21:30 교류전팀 구합니다.
  본문 열기: [서울] (완료) 8/12(수) 8~10 친선전 초청드립니다
  본문 열기: [인천경기] [부평] 토요일(15일) 오전 8시 ~ 10시 30분 체육관 양도
  본문 열기: [인천경기] 인천 청소년 수련관에서 고등부 교류전
  본문 열기: [서울] [동대문구] 8월 15일 토요일 22:00-01:00 Rebels 에서 교류전 초청합니다.
  본문 열기: [인천경기] [고양시]도내동 8월15일 토요일 오전8시 ~11시 교류전팀 모십니다
  본문 열기: [부산울산] [[부산 강서구]] 8월 16일 일요일 0900 - 1200 부산 강서구 명호고 교류전 하실 팀 구합니다.
  본문 열기: [부산울산] [부산진구 양정동] 8월 16일 일요일 14시~1７시 양정고등학교 교류전 모집합니다 (샤워 가능)
- 키워드 매칭 글 15개
  저장 후보: 2026-08-13 18:30 [부산울산] 8월13일 목 신라중 교류전모집
  저장 후보: 2026-08-14 18:30 [대구경상] [경북구미] 8월 14일 금요일 18:30 ~ 21:30 교류전팀 구합니다.
  저장 후보: 2026-08-15 10:00 [인천경기] [시흥](마감입니다)8월 15일(토) 10시~12시 슈팅비에서 교류전 초청합니다
  저장 후보: 2026-08-15 18:30 [대구경상] [경남진주] 8월 15일 신안동 학생체육관 18:30~21:30 교류전 팀 구합니다.
  저장 후보: 2026-08-16 09:30 [서울] [서대문구남가좌동] 8월16일 일요일 9.30분 ~ 11.30분 교류전 팀 구합니다 (즐농팀)
  저장 후보: 2026-08-15 08:00 [인천경기] 토요일 8/15 오전 8시 ~ 10시30분 체육관 양도
  저장 후보: 2026-08-16 09:20 [서울] [은평/고양] 8월 16일 일요일 오전 9:20~12:00 좀비스 교류전 초청
  저장 후보: 2026-08-13 19:30 [서울] [서울] [노원, 도봉, 강북] 8.13목 19:30~21:30 교류전팀 구합니다.
  저장 후보: 2026-08-12 08:00 [서울] (완료) 8/12(수) 8~10 친선전 초청드립니다
  저장 후보: 2026-08-11 08:00 [인천경기] [부평] 토요일(15일) 오전 8시 ~ 10시 30분 체육관 양도
  저장 후보: 2026-08-11 13:00 [인천경기] 인천 청소년 수련관에서 고등부 교류전
  저장 후보: 2026-08-15 22:00 [서울] [동대문구] 8월 15일 토요일 22:00-01:00 Rebels 에서 교류전 초청합니다.
  저장 후보: 2026-08-15 08:00 [인천경기] [고양시]도내동 8월15일 토요일 오전8시 ~11시 교류전팀 모십니다
  저장 후보: 2026-08-16 09:00 [부산울산] [[부산 강서구]] 8월 16일 일요일 0900 - 1200 부산 강서구 명호고 교류전 하실 팀 구합니다.
  저장 후보: 2026-08-16 14:00 [부산울산] [부산진구 양정동] 8월 16일 일요일 14시~1７시 양정고등학교 교류전 모집합니다 (샤워 가능)
수집 시작: 콘로우
- 목록 열기: https://cafe.naver.com/f-e/cafes/10586238/menus/34
  선택자 "a.article" 링크 0개
  선택자 ".ArticleList a[href*='/ArticleRead.nhn']" 링크 0개
  선택자 "a[href*='articleid=']" 링크 0개
  선택자 "a[href*='/articles/']" 링크 0개
  HTML fallback 링크 30개
- 글 링크 후보 30개
  건너뜀: 🏀 NSB 농심 카페 3X3 37회 챔피언십 농구 대회 in NSB 체육관
  건너뜀: SLAMDUNK EXPEDITION : 농심카페 일본원정 농구캠프 원정대원 모집
  건너뜀: 23스토어 X NSB 농심카페 후기 작성 이벤트
  건너뜀: 리바이티브 EMS 저주파 발 마사지기 S액티브 공동구매 2차
  건너뜀: "100% 바뀐다" NSB X 동농커리 슈팅클래스 6기 선착순 모집! 🏀🔥
  제목 키워드 불일치로 제외: 🏆 1회 NSB 농심 카페 5대5 농구 최강자전 [NO LIMITS]
  제목 키워드 불일치로 제외: NSB 농심 카페 회원 전용 '브랜드 홍보 & 회원 혜택' 게시판 오픈 안내!
  제목 키워드 불일치로 제외: 🏀 NSB 농심카페 전용 체육관, 2026년 새롭게 문을 엽니다!
  건너뜀: NSB 농심 카페에서 동호회 농구팀을 소개하는 유튜브를 시작합니다^^
  건너뜀: NSB 농심 카페 농구 용품 위탁 판매 서비스 시작합니다
  제목 키워드 불일치로 제외: NSB 농심 카페 장터 불량 회원 & 비매너 회원 공유
  제목 키워드 불일치로 제외: NSB 농심 카페 장터에 글을 올리기 전에 꼭 읽어주세요!!
  제목 키워드 불일치로 제외: NSB 농심 카페 활동 시작하면 꼭 읽어주세요!!!
  제목 키워드 불일치로 제외: NSB 농심카페와 함께할 공식 체육관을 찾습니다
  제목 키워드 불일치로 제외: 농심 카페에서 체육관을 직접 짓는다면? 가능은 한 이야기인가?
  본문 열기: [경기모임] [용인, 수지, 동백] 8월 13일 목요일 21:40-24:00 게스트 모집
  본문 열기: [경기모임] [광명] 08.16(일요일) 09:00~12:00 게스트 모십니다
  본문 열기: [인천모임] 8/13 목요일 남동구 논현고잔동 어시스트체육관 21:30~24:00 게스트 모집
  본문 열기: [서울모임] [성북구] 석계역인근 즐농 팀 턴오버에서 8월16일 일요일 12시~15시 뒷선 게스트 모집합니다.
  본문 열기: [경기모임] [용인/기흥/수원] 8월 9일 일요일 오전 7시~9시 팀야미 게스트 초대합니다
  본문 열기: [서울모임] [서대문구]8월15일(일) 17시~19시 픽업 게임 게스트 모집합니다.
  본문 열기: [서울모임] [금천구] 🏀 8/16 (일) 09:00~12:00 게스트 초청합니다. (금나래체육관)
  본문 열기: [경기모임] [현천동/상암부근] 오늘 스킬존 20-22시 게스트구합니다!
  본문 열기: [경기모임] [일산/고양/파주/김포] 15일 토요일 저녁 7-10시 게스트 모집합니다
  본문 열기: [경기모임] [광명/구로/금천] 오늘 목요일 오후 6시부터 9시까지 게스트 구해요 (즐농모임)(7시 경기시작)
  본문 열기: [서울모임] [서초/강남/과천] [오늘]8/13(목) 17시~19시 서초종합체육관 게스트 모집합니다
  본문 열기: [경기모임] [경기,구리] 8월 15일 토요일15;00-17;00 게스트 구인 합니다.
  본문 열기: [서울모임] [서울모임][중랑구] 중랑,망우 8월13일 (목요일) 19:30~21:30 게스트 모집
  본문 열기: [인천모임] [인천 부평구] 8월 14일, 금요일, 21:30 ~ 24:00, 십정동 멤버스키키 즐농 2 or 3파전 게스트 모집
  본문 열기: [수원][모집중] 8월 15일 (토) 즐농 5vs5 밤 20시 ~22시 경기도수원월드컵스포츠센터 게스트 모집합니다.
- 키워드 매칭 글 15개
  저장 후보: 2026-08-13 21:40 [경기모임] [용인, 수지, 동백] 8월 13일 목요일 21:40-24:00 게스트 모집
  저장 후보: 2026-08-16 09:00 [경기모임] [광명] 08.16(일요일) 09:00~12:00 게스트 모십니다
  저장 후보: 2026-08-13 21:30 [인천모임] 8/13 목요일 남동구 논현고잔동 어시스트체육관 21:30~24:00 게스트 모집
  저장 후보: 2026-08-16 12:00 [서울모임] [성북구] 석계역인근 즐농 팀 턴오버에서 8월16일 일요일 12시~15시 뒷선 게스트 모집합니다.
  저장 후보: 2026-08-09 07:00 [경기모임] [용인/기흥/수원] 8월 9일 일요일 오전 7시~9시 팀야미 게스트 초대합니다
  저장 후보: 2026-08-15 17:00 [서울모임] [서대문구]8월15일(일) 17시~19시 픽업 게임 게스트 모집합니다.
  저장 후보: 2026-08-16 09:00 [서울모임] [금천구] 🏀 8/16 (일) 09:00~12:00 게스트 초청합니다. (금나래체육관)
  저장 후보: 2026-08-13 20:00 [경기모임] [현천동/상암부근] 오늘 스킬존 20-22시 게스트구합니다!
  저장 후보: 2026-07-10 19:00 [경기모임] [일산/고양/파주/김포] 15일 토요일 저녁 7-10시 게스트 모집합니다
  저장 후보: 2026-08-13 20:00 [경기모임] [광명/구로/금천] 오늘 목요일 오후 6시부터 9시까지 게스트 구해요 (즐농모임)(7시 경기시작)
  저장 후보: 2026-08-13 17:00 [서울모임] [서초/강남/과천] [오늘]8/13(목) 17시~19시 서초종합체육관 게스트 모집합니다
  저장 후보: 2026-08-15 00:00 [경기모임] [경기,구리] 8월 15일 토요일15;00-17;00 게스트 구인 합니다.
  저장 후보: 2026-08-13 19:30 [서울모임] [서울모임][중랑구] 중랑,망우 8월13일 (목요일) 19:30~21:30 게스트 모집
  저장 후보: 2026-08-14 21:30 [인천모임] [인천 부평구] 8월 14일, 금요일, 21:30 ~ 24:00, 십정동 멤버스키키 즐농 2 or 3파전 게스트 모집
  저장 후보: 2026-08-15 20:00 [수원][모집중] 8월 15일 (토) 즐농 5vs5 밤 20시 ~22시 경기도수원월드컵스포츠센터 게스트 모집합니다.
로그인 쿠키 9개를 저장했습니다: /Users/kangsanlee/Documents/농구 서비스/data/auth-default-cookies.json
50개 글을 읽고 50개 일정으로 저장했습니다.
[2026-08-13T03:46:52.040Z] 자동 카페 수집 종료: 성공

[2026-08-13T03:51:52.035Z] 자동 카페 수집 시작: default
로그인 세션 브라우저가 이미 열려 있어 자동 수집을 건너뜁니다.
자동 수집은 기존 창을 건드리지 않고 다음 주기에 다시 시도합니다.
잠금 정보: SingletonLock 있음
[2026-08-13T03:51:52.365Z] 자동 카페 수집 종료: 성공

[2026-08-13T03:56:52.358Z] 자동 카페 수집 시작: default
저장된 로그인 쿠키 9개를 불러왔습니다.
수집 시작: 동아리 농구 카페
- 목록 열기: https://m.cafe.daum.net/dongarry/Dilr?boardType=
  선택자 "a[href*='/dongarry/']" 링크 0개
  선택자 "a[href*='/_rec/']" 링크 0개
  선택자 "a.link_cafe" 링크 0개
  선택자 "a[href]" 링크 0개
  Daum HTML fallback 링크 20개
- 글 링크 후보 20개
  본문 열기: [경기] [안양 만안구] 8/15(토) 아침 7~9시, 3명 모집
  다음카페 목록 정보만 저장
  본문 열기: [서울] [강남구] 8. 13.(목) 22시 ~ 24시 어브 온(AUBE ON)에서 게스트 모집합니다.
  다음카페 목록 정보만 저장
  본문 열기: [경기] ＜남양주 별내＞버블짐 8/16(일) 10:30~13:00 팀리얼에서 게스트 초청합니다.
  다음카페 목록 정보만 저장
  본문 열기: [서울] [성북구] 석계역인근 8월16일 일요일 12시~15시 뒷선게스트 구인합니다.
  다음카페 목록 정보만 저장
  본문 열기: [서울] 성북구] 8월 13일 목요일 오후7시~9시30분 리버스에서 게스트 모집합니다
  다음카페 목록 정보만 저장
  본문 열기: [경기] [용인/기흥/수원] 8월 16일 일요일 오전 7시~9시 게스트 초대합니다
  다음카페 목록 정보만 저장
  본문 열기: [경기] 양평 가평 원주 홍천 [양평 브리즈 운동 게스트 구인] 8.14.(금) 19:00
  다음카페 목록 정보만 저장
  본문 열기: [수원]8월 14일 금요일 9시 11시 보훈원 게스트 모십니다.
  다음카페 목록 정보만 저장
  본문 열기: [서울] [강남구] 8월 14일 금요일 20~22시 강남스포츠문화센터 게스트 모십니다.
  다음카페 목록 정보만 저장
  본문 열기: [서울] [강남구] 8/16(일) 15~18시 삼성동 객원 구합니다.
  다음카페 목록 정보만 저장
  본문 열기: [인천] (부평십정)8월15일 12:30-15:30
  다음카페 목록 정보만 저장
  본문 열기: [경기] [남양주]8월13일목요일(오늘)22시~00시30분 게스트 모집합니다
  다음카페 목록 정보만 저장
  본문 열기: [서울] [중구] 8/13(목) 20:00~21:30 약수역 중구청소년수련관 게스트 모집합니다~
  다음카페 목록 정보만 저장
  본문 열기: [서울] [서대문구]8월15일(토) 17시~19시 픽업 게임 게스트 모집합니다.
  다음카페 목록 정보만 저장
  본문 열기: [서울] 은평 고양 덕은 화전 상암] 08.13(목) 스킬존 3관 20-22 게스트 모집
  다음카페 목록 정보만 저장
  본문 열기: [서울] 🏀 8/16 (일) 09:00 ~ 12:00 게스트 모집합니다. (금나래 문화체육센터)
  다음카페 목록 정보만 저장
  본문 열기: [마감 [김포] 고촌 8/13 (목) 19:00~ 22:00 볼트팀에서 게스트3인 구합니다.]
  다음카페 목록 정보만 저장
  본문 열기: [경기] 8월 13일 목요일 게스트 구인합니다. 저녁 8시-10시30분 (풀냉방)
  다음카페 목록 정보만 저장
  본문 열기: [서울][마포 은평 고양] 상암체육관 8월 14일 금요일 19:00~21:00 게스트 모집합니다
  다음카페 목록 정보만 저장
  본문 열기: [오늘 저녁 노원 마들역부근 게스트 3분 구합니다]
  다음카페 목록 정보만 저장
- 키워드 매칭 글 20개
  저장 후보: 2026-08-15 07:00 [경기] [안양 만안구] 8/15(토) 아침 7~9시, 3명 모집
  저장 후보: 2026-08-13 22:00 [서울] [강남구] 8. 13.(목) 22시 ~ 24시 어브 온(AUBE ON)에서 게스트 모집합니다.
  저장 후보: 2026-08-16 10:30 [경기] ＜남양주 별내＞버블짐 8/16(일) 10:30~13:00 팀리얼에서 게스트 초청합니다.
  저장 후보: 2026-08-16 12:00 [서울] [성북구] 석계역인근 8월16일 일요일 12시~15시 뒷선게스트 구인합니다.
  저장 후보: 2026-08-13 19:00 [서울] 성북구] 8월 13일 목요일 오후7시~9시30분 리버스에서 게스트 모집합니다
  저장 후보: 2026-08-16 07:00 [경기] [용인/기흥/수원] 8월 16일 일요일 오전 7시~9시 게스트 초대합니다
  저장 후보: 2026-08-14 00:00 [경기] 양평 가평 원주 홍천 [양평 브리즈 운동 게스트 구인] 8.14.(금) 19:00
  저장 후보: 2026-08-14 09:00 [수원]8월 14일 금요일 9시 11시 보훈원 게스트 모십니다.
  저장 후보: 2026-08-14 20:00 [서울] [강남구] 8월 14일 금요일 20~22시 강남스포츠문화센터 게스트 모십니다.
  저장 후보: 2026-08-16 15:00 [서울] [강남구] 8/16(일) 15~18시 삼성동 객원 구합니다.
  저장 후보: 2026-08-15 12:30 [인천] (부평십정)8월15일 12:30-15:30
  저장 후보: 2026-08-13 22:00 [경기] [남양주]8월13일목요일(오늘)22시~00시30분 게스트 모집합니다
  저장 후보: 2026-08-13 20:00 [서울] [중구] 8/13(목) 20:00~21:30 약수역 중구청소년수련관 게스트 모집합니다~
  저장 후보: 2026-08-15 17:00 [서울] [서대문구]8월15일(토) 17시~19시 픽업 게임 게스트 모집합니다.
  저장 후보: 2026-08-13 20:00 [서울] 은평 고양 덕은 화전 상암] 08.13(목) 스킬존 3관 20-22 게스트 모집
  저장 후보: 2026-08-16 09:00 [서울] 🏀 8/16 (일) 09:00 ~ 12:00 게스트 모집합니다. (금나래 문화체육센터)
  저장 후보: 2026-08-13 19:00 [마감 [김포] 고촌 8/13 (목) 19:00~ 22:00 볼트팀에서 게스트3인 구합니다.]
  저장 후보: 2026-08-13 20:00 [경기] 8월 13일 목요일 게스트 구인합니다. 저녁 8시-10시30분 (풀냉방)
  저장 후보: 2026-08-14 19:00 [서울][마포 은평 고양] 상암체육관 8월 14일 금요일 19:00~21:00 게스트 모집합니다
  저장 후보: 2026-08-13 00:00 [오늘 저녁 노원 마들역부근 게스트 3분 구합니다]
수집 시작: 콘로우
- 목록 열기: https://cafe.naver.com/f-e/cafes/10586238/menus/428
  선택자 "a.article" 링크 0개
  선택자 ".ArticleList a[href*='/ArticleRead.nhn']" 링크 0개
  선택자 "a[href*='articleid=']" 링크 0개
  선택자 "a[href*='/articles/']" 링크 0개
  HTML fallback 링크 30개
- 글 링크 후보 30개
  건너뜀: 🏀 NSB 농심 카페 3X3 37회 챔피언십 농구 대회 in NSB 체육관
  건너뜀: SLAMDUNK EXPEDITION : 농심카페 일본원정 농구캠프 원정대원 모집
  건너뜀: 23스토어 X NSB 농심카페 후기 작성 이벤트
  건너뜀: 리바이티브 EMS 저주파 발 마사지기 S액티브 공동구매 2차
  건너뜀: "100% 바뀐다" NSB X 동농커리 슈팅클래스 6기 선착순 모집! 🏀🔥
  제목 키워드 불일치로 제외: 🏆 1회 NSB 농심 카페 5대5 농구 최강자전 [NO LIMITS]
  제목 키워드 불일치로 제외: NSB 농심 카페 회원 전용 '브랜드 홍보 & 회원 혜택' 게시판 오픈 안내!
  제목 키워드 불일치로 제외: 🏀 NSB 농심카페 전용 체육관, 2026년 새롭게 문을 엽니다!
  건너뜀: NSB 농심 카페에서 동호회 농구팀을 소개하는 유튜브를 시작합니다^^
  건너뜀: NSB 농심 카페 농구 용품 위탁 판매 서비스 시작합니다
  제목 키워드 불일치로 제외: NSB 농심 카페 장터 불량 회원 & 비매너 회원 공유
  제목 키워드 불일치로 제외: NSB 농심 카페 장터에 글을 올리기 전에 꼭 읽어주세요!!
  제목 키워드 불일치로 제외: NSB 농심 카페 활동 시작하면 꼭 읽어주세요!!!
  제목 키워드 불일치로 제외: NSB 농심카페와 함께할 공식 체육관을 찾습니다
  제목 키워드 불일치로 제외: 농심 카페에서 체육관을 직접 짓는다면? 가능은 한 이야기인가?
  본문 열기: [부산울산] 8월13일 목 신라중 교류전모집
  본문 열기: [대구경상] [경북구미] 8월 14일 금요일 18:30 ~ 21:30 교류전팀 구합니다.
  본문 열기: [인천경기] [시흥](마감입니다)8월 15일(토) 10시~12시 슈팅비에서 교류전 초청합니다
  본문 열기: [대구경상] [경남진주] 8월 15일 신안동 학생체육관 18:30~21:30 교류전 팀 구합니다.
  본문 열기: [서울] [서대문구남가좌동] 8월16일 일요일 9.30분 ~ 11.30분 교류전 팀 구합니다 (즐농팀)
  본문 열기: [인천경기] 토요일 8/15 오전 8시 ~ 10시30분 체육관 양도
  본문 열기: [서울] [은평/고양] 8월 16일 일요일 오전 9:20~12:00 좀비스 교류전 초청
  본문 열기: [서울] [서울] [노원, 도봉, 강북] 8.13목 19:30~21:30 교류전팀 구합니다.
  본문 열기: [서울] (완료) 8/12(수) 8~10 친선전 초청드립니다
  본문 열기: [인천경기] [부평] 토요일(15일) 오전 8시 ~ 10시 30분 체육관 양도
  본문 열기: [인천경기] 인천 청소년 수련관에서 고등부 교류전
  본문 열기: [서울] [동대문구] 8월 15일 토요일 22:00-01:00 Rebels 에서 교류전 초청합니다.
  본문 열기: [인천경기] [고양시]도내동 8월15일 토요일 오전8시 ~11시 교류전팀 모십니다
  본문 열기: [부산울산] [[부산 강서구]] 8월 16일 일요일 0900 - 1200 부산 강서구 명호고 교류전 하실 팀 구합니다.
  본문 열기: [부산울산] [부산진구 양정동] 8월 16일 일요일 14시~1７시 양정고등학교 교류전 모집합니다 (샤워 가능)
- 키워드 매칭 글 15개
  저장 후보: 2026-08-13 18:30 [부산울산] 8월13일 목 신라중 교류전모집
  저장 후보: 2026-08-14 18:30 [대구경상] [경북구미] 8월 14일 금요일 18:30 ~ 21:30 교류전팀 구합니다.
  저장 후보: 2026-08-15 10:00 [인천경기] [시흥](마감입니다)8월 15일(토) 10시~12시 슈팅비에서 교류전 초청합니다
  저장 후보: 2026-08-15 18:30 [대구경상] [경남진주] 8월 15일 신안동 학생체육관 18:30~21:30 교류전 팀 구합니다.
  저장 후보: 2026-08-16 09:30 [서울] [서대문구남가좌동] 8월16일 일요일 9.30분 ~ 11.30분 교류전 팀 구합니다 (즐농팀)
  저장 후보: 2026-08-15 08:00 [인천경기] 토요일 8/15 오전 8시 ~ 10시30분 체육관 양도
  저장 후보: 2026-08-16 09:20 [서울] [은평/고양] 8월 16일 일요일 오전 9:20~12:00 좀비스 교류전 초청
  저장 후보: 2026-08-13 19:30 [서울] [서울] [노원, 도봉, 강북] 8.13목 19:30~21:30 교류전팀 구합니다.
  저장 후보: 2026-08-12 08:00 [서울] (완료) 8/12(수) 8~10 친선전 초청드립니다
  저장 후보: 2026-08-11 08:00 [인천경기] [부평] 토요일(15일) 오전 8시 ~ 10시 30분 체육관 양도
  저장 후보: 2026-08-13 13:00 [인천경기] 인천 청소년 수련관에서 고등부 교류전
  저장 후보: 2026-08-15 22:00 [서울] [동대문구] 8월 15일 토요일 22:00-01:00 Rebels 에서 교류전 초청합니다.
  저장 후보: 2026-08-15 08:00 [인천경기] [고양시]도내동 8월15일 토요일 오전8시 ~11시 교류전팀 모십니다
  저장 후보: 2026-08-16 09:00 [부산울산] [[부산 강서구]] 8월 16일 일요일 0900 - 1200 부산 강서구 명호고 교류전 하실 팀 구합니다.
  저장 후보: 2026-08-16 14:00 [부산울산] [부산진구 양정동] 8월 16일 일요일 14시~1７시 양정고등학교 교류전 모집합니다 (샤워 가능)
수집 시작: 콘로우
- 목록 열기: https://cafe.naver.com/f-e/cafes/10586238/menus/34
  선택자 "a.article" 링크 0개
  선택자 ".ArticleList a[href*='/ArticleRead.nhn']" 링크 0개
  선택자 "a[href*='articleid=']" 링크 0개
  선택자 "a[href*='/articles/']" 링크 0개
  HTML fallback 링크 30개
- 글 링크 후보 30개
  건너뜀: 🏀 NSB 농심 카페 3X3 37회 챔피언십 농구 대회 in NSB 체육관
  건너뜀: SLAMDUNK EXPEDITION : 농심카페 일본원정 농구캠프 원정대원 모집
  건너뜀: 23스토어 X NSB 농심카페 후기 작성 이벤트
  건너뜀: 리바이티브 EMS 저주파 발 마사지기 S액티브 공동구매 2차
  건너뜀: "100% 바뀐다" NSB X 동농커리 슈팅클래스 6기 선착순 모집! 🏀🔥
  제목 키워드 불일치로 제외: 🏆 1회 NSB 농심 카페 5대5 농구 최강자전 [NO LIMITS]
  제목 키워드 불일치로 제외: NSB 농심 카페 회원 전용 '브랜드 홍보 & 회원 혜택' 게시판 오픈 안내!
  제목 키워드 불일치로 제외: 🏀 NSB 농심카페 전용 체육관, 2026년 새롭게 문을 엽니다!
  건너뜀: NSB 농심 카페에서 동호회 농구팀을 소개하는 유튜브를 시작합니다^^
  건너뜀: NSB 농심 카페 농구 용품 위탁 판매 서비스 시작합니다
  제목 키워드 불일치로 제외: NSB 농심 카페 장터 불량 회원 & 비매너 회원 공유
  제목 키워드 불일치로 제외: NSB 농심 카페 장터에 글을 올리기 전에 꼭 읽어주세요!!
  제목 키워드 불일치로 제외: NSB 농심 카페 활동 시작하면 꼭 읽어주세요!!!
  제목 키워드 불일치로 제외: NSB 농심카페와 함께할 공식 체육관을 찾습니다
  제목 키워드 불일치로 제외: 농심 카페에서 체육관을 직접 짓는다면? 가능은 한 이야기인가?
  본문 열기: 평택 안성 용인 게스트모집
  본문 열기: [경기모임] [안양 만안구] 8/15(토) 아침 7~9시, 3명 모집
  본문 열기: [경기모임] [용인, 수지, 동백] 8월 13일 목요일 21:40-24:00 게스트 모집
  본문 열기: [경기모임] [광명] 08.16(일요일) 09:00~12:00 게스트 모십니다
  본문 열기: [인천모임] 8/13 목요일 남동구 논현고잔동 어시스트체육관 21:30~24:00 게스트 모집
  본문 열기: [서울모임] [성북구] 석계역인근 즐농 팀 턴오버에서 8월16일 일요일 12시~15시 뒷선 게스트 모집합니다.
  본문 열기: [경기모임] [용인/기흥/수원] 8월 9일 일요일 오전 7시~9시 팀야미 게스트 초대합니다
  본문 열기: [서울모임] [서대문구]8월15일(일) 17시~19시 픽업 게임 게스트 모집합니다.
  본문 열기: [서울모임] [금천구] 🏀 8/16 (일) 09:00~12:00 게스트 초청합니다. (금나래체육관)
  본문 열기: [경기모임] [현천동/상암부근] 오늘 스킬존 20-22시 게스트구합니다!
  본문 열기: [경기모임] [일산/고양/파주/김포] 15일 토요일 저녁 7-10시 게스트 모집합니다
  본문 열기: [경기모임] [광명/구로/금천] 오늘 목요일 오후 6시부터 9시까지 게스트 구해요 (즐농모임)(7시 경기시작)
  본문 열기: [서울모임] [서초/강남/과천] [오늘]8/13(목) 17시~19시 서초종합체육관 게스트 모집합니다
  본문 열기: [경기모임] [경기,구리] 8월 15일 토요일15;00-17;00 게스트 구인 합니다.
  본문 열기: [서울모임] [서울모임][중랑구] 중랑,망우 8월13일 (목요일) 19:30~21:30 게스트 모집
- 키워드 매칭 글 15개
  저장 후보: 2026-08-13 07:00 평택 안성 용인 게스트모집
  저장 후보: 2026-08-15 07:00 [경기모임] [안양 만안구] 8/15(토) 아침 7~9시, 3명 모집
  저장 후보: 2026-08-13 21:40 [경기모임] [용인, 수지, 동백] 8월 13일 목요일 21:40-24:00 게스트 모집
  저장 후보: 2026-08-16 09:00 [경기모임] [광명] 08.16(일요일) 09:00~12:00 게스트 모십니다
  저장 후보: 2026-08-13 21:30 [인천모임] 8/13 목요일 남동구 논현고잔동 어시스트체육관 21:30~24:00 게스트 모집
  저장 후보: 2026-08-16 12:00 [서울모임] [성북구] 석계역인근 즐농 팀 턴오버에서 8월16일 일요일 12시~15시 뒷선 게스트 모집합니다.
  저장 후보: 2026-08-09 07:00 [경기모임] [용인/기흥/수원] 8월 9일 일요일 오전 7시~9시 팀야미 게스트 초대합니다
  저장 후보: 2026-08-15 17:00 [서울모임] [서대문구]8월15일(일) 17시~19시 픽업 게임 게스트 모집합니다.
  저장 후보: 2026-08-16 09:00 [서울모임] [금천구] 🏀 8/16 (일) 09:00~12:00 게스트 초청합니다. (금나래체육관)
  저장 후보: 2026-08-13 20:00 [경기모임] [현천동/상암부근] 오늘 스킬존 20-22시 게스트구합니다!
  저장 후보: 2026-07-10 19:00 [경기모임] [일산/고양/파주/김포] 15일 토요일 저녁 7-10시 게스트 모집합니다
  저장 후보: 2026-08-13 20:00 [경기모임] [광명/구로/금천] 오늘 목요일 오후 6시부터 9시까지 게스트 구해요 (즐농모임)(7시 경기시작)
  저장 후보: 2026-08-13 17:00 [서울모임] [서초/강남/과천] [오늘]8/13(목) 17시~19시 서초종합체육관 게스트 모집합니다
  저장 후보: 2026-08-15 00:00 [경기모임] [경기,구리] 8월 15일 토요일15;00-17;00 게스트 구인 합니다.
  저장 후보: 2026-08-13 19:30 [서울모임] [서울모임][중랑구] 중랑,망우 8월13일 (목요일) 19:30~21:30 게스트 모집
로그인 쿠키 9개를 저장했습니다: /Users/kangsanlee/Documents/농구 서비스/data/auth-default-cookies.json
50개 글을 읽고 50개 일정으로 저장했습니다.
[2026-08-13T03:59:06.061Z] 자동 카페 수집 종료: 성공

[2026-08-13T04:04:06.055Z] 자동 카페 수집 시작: default
저장된 로그인 쿠키 9개를 불러왔습니다.
수집 시작: 동아리 농구 카페
- 목록 열기: https://m.cafe.daum.net/dongarry/Dilr?boardType=
  선택자 "a[href*='/dongarry/']" 링크 0개
  선택자 "a[href*='/_rec/']" 링크 0개
  선택자 "a.link_cafe" 링크 0개
  선택자 "a[href]" 링크 0개
  Daum HTML fallback 링크 20개
- 글 링크 후보 20개
  본문 열기: [서울] 금천, 구로, 신도림 8월 13일(목), 19시~22시(오늘)
  다음카페 목록 정보만 저장
  본문 열기: [경기] [안양 만안구] 8/15(토) 아침 7~9시, 3명 모집
  다음카페 목록 정보만 저장
  본문 열기: [서울] [강남구] 8. 13.(목) 22시 ~ 24시 어브 온(AUBE ON)에서 게스트 모집합니다.
  다음카페 목록 정보만 저장
  본문 열기: [경기] ＜남양주 별내＞버블짐 8/16(일) 10:30~13:00 팀리얼에서 게스트 초청합니다.
  다음카페 목록 정보만 저장
  본문 열기: [서울] [성북구] 석계역인근 8월16일 일요일 12시~15시 뒷선게스트 구인합니다.
  다음카페 목록 정보만 저장
  본문 열기: [서울] 성북구] 8월 13일 목요일 오후7시~9시30분 리버스에서 게스트 모집합니다
  다음카페 목록 정보만 저장
  본문 열기: [경기] [용인/기흥/수원] 8월 16일 일요일 오전 7시~9시 게스트 초대합니다
  다음카페 목록 정보만 저장
  본문 열기: [경기] 양평 가평 원주 홍천 [양평 브리즈 운동 게스트 구인] 8.14.(금) 19:00
  다음카페 목록 정보만 저장
  본문 열기: [수원]8월 14일 금요일 9시 11시 보훈원 게스트 모십니다.
  다음카페 목록 정보만 저장
  본문 열기: [서울] [강남구] 8월 14일 금요일 20~22시 강남스포츠문화센터 게스트 모십니다.
  다음카페 목록 정보만 저장
  본문 열기: [서울] [강남구] 8/16(일) 15~18시 삼성동 객원 구합니다.
  다음카페 목록 정보만 저장
  본문 열기: [인천] (부평십정)8월15일 12:30-15:30
  다음카페 목록 정보만 저장
  본문 열기: [경기] [남양주]8월13일목요일(오늘)22시~00시30분 게스트 모집합니다
  다음카페 목록 정보만 저장
  본문 열기: [서울] [중구] 8/13(목) 20:00~21:30 약수역 중구청소년수련관 게스트 모집합니다~
  다음카페 목록 정보만 저장
  본문 열기: [서울] [서대문구]8월15일(토) 17시~19시 픽업 게임 게스트 모집합니다.
  다음카페 목록 정보만 저장
  본문 열기: [서울] 은평 고양 덕은 화전 상암] 08.13(목) 스킬존 3관 20-22 게스트 모집
  다음카페 목록 정보만 저장
  본문 열기: [서울] 🏀 8/16 (일) 09:00 ~ 12:00 게스트 모집합니다. (금나래 문화체육센터)
  다음카페 목록 정보만 저장
  본문 열기: [마감 [김포] 고촌 8/13 (목) 19:00~ 22:00 볼트팀에서 게스트3인 구합니다.]
  다음카페 목록 정보만 저장
  본문 열기: [경기] 8월 13일 목요일 게스트 구인합니다. 저녁 8시-10시30분 (풀냉방)
  다음카페 목록 정보만 저장
  본문 열기: [서울][마포 은평 고양] 상암체육관 8월 14일 금요일 19:00~21:00 게스트 모집합니다
  다음카페 목록 정보만 저장
- 키워드 매칭 글 20개
  저장 후보: 2026-08-13 19:00 [서울] 금천, 구로, 신도림 8월 13일(목), 19시~22시(오늘)
  저장 후보: 2026-08-15 07:00 [경기] [안양 만안구] 8/15(토) 아침 7~9시, 3명 모집
  저장 후보: 2026-08-13 22:00 [서울] [강남구] 8. 13.(목) 22시 ~ 24시 어브 온(AUBE ON)에서 게스트 모집합니다.
  저장 후보: 2026-08-16 10:30 [경기] ＜남양주 별내＞버블짐 8/16(일) 10:30~13:00 팀리얼에서 게스트 초청합니다.
  저장 후보: 2026-08-16 12:00 [서울] [성북구] 석계역인근 8월16일 일요일 12시~15시 뒷선게스트 구인합니다.
  저장 후보: 2026-08-13 19:00 [서울] 성북구] 8월 13일 목요일 오후7시~9시30분 리버스에서 게스트 모집합니다
  저장 후보: 2026-08-16 07:00 [경기] [용인/기흥/수원] 8월 16일 일요일 오전 7시~9시 게스트 초대합니다
  저장 후보: 2026-08-14 00:00 [경기] 양평 가평 원주 홍천 [양평 브리즈 운동 게스트 구인] 8.14.(금) 19:00
  저장 후보: 2026-08-14 09:00 [수원]8월 14일 금요일 9시 11시 보훈원 게스트 모십니다.
  저장 후보: 2026-08-14 20:00 [서울] [강남구] 8월 14일 금요일 20~22시 강남스포츠문화센터 게스트 모십니다.
  저장 후보: 2026-08-16 15:00 [서울] [강남구] 8/16(일) 15~18시 삼성동 객원 구합니다.
  저장 후보: 2026-08-15 12:30 [인천] (부평십정)8월15일 12:30-15:30
  저장 후보: 2026-08-13 22:00 [경기] [남양주]8월13일목요일(오늘)22시~00시30분 게스트 모집합니다
  저장 후보: 2026-08-13 20:00 [서울] [중구] 8/13(목) 20:00~21:30 약수역 중구청소년수련관 게스트 모집합니다~
  저장 후보: 2026-08-15 17:00 [서울] [서대문구]8월15일(토) 17시~19시 픽업 게임 게스트 모집합니다.
  저장 후보: 2026-08-13 20:00 [서울] 은평 고양 덕은 화전 상암] 08.13(목) 스킬존 3관 20-22 게스트 모집
  저장 후보: 2026-08-16 09:00 [서울] 🏀 8/16 (일) 09:00 ~ 12:00 게스트 모집합니다. (금나래 문화체육센터)
  저장 후보: 2026-08-13 19:00 [마감 [김포] 고촌 8/13 (목) 19:00~ 22:00 볼트팀에서 게스트3인 구합니다.]
  저장 후보: 2026-08-13 20:00 [경기] 8월 13일 목요일 게스트 구인합니다. 저녁 8시-10시30분 (풀냉방)
  저장 후보: 2026-08-14 19:00 [서울][마포 은평 고양] 상암체육관 8월 14일 금요일 19:00~21:00 게스트 모집합니다
수집 시작: 콘로우
- 목록 열기: https://cafe.naver.com/f-e/cafes/10586238/menus/428
  선택자 "a.article" 링크 0개
  선택자 ".ArticleList a[href*='/ArticleRead.nhn']" 링크 0개
  선택자 "a[href*='articleid=']" 링크 0개
  선택자 "a[href*='/articles/']" 링크 0개
  HTML fallback 링크 30개
- 글 링크 후보 30개
  건너뜀: 🏀 NSB 농심 카페 3X3 37회 챔피언십 농구 대회 in NSB 체육관
  건너뜀: SLAMDUNK EXPEDITION : 농심카페 일본원정 농구캠프 원정대원 모집
  건너뜀: 23스토어 X NSB 농심카페 후기 작성 이벤트
  건너뜀: 리바이티브 EMS 저주파 발 마사지기 S액티브 공동구매 2차
  건너뜀: "100% 바뀐다" NSB X 동농커리 슈팅클래스 6기 선착순 모집! 🏀🔥
  제목 키워드 불일치로 제외: 🏆 1회 NSB 농심 카페 5대5 농구 최강자전 [NO LIMITS]
  제목 키워드 불일치로 제외: NSB 농심 카페 회원 전용 '브랜드 홍보 & 회원 혜택' 게시판 오픈 안내!
  제목 키워드 불일치로 제외: 🏀 NSB 농심카페 전용 체육관, 2026년 새롭게 문을 엽니다!
  건너뜀: NSB 농심 카페에서 동호회 농구팀을 소개하는 유튜브를 시작합니다^^
  건너뜀: NSB 농심 카페 농구 용품 위탁 판매 서비스 시작합니다
  제목 키워드 불일치로 제외: NSB 농심 카페 장터 불량 회원 & 비매너 회원 공유
  제목 키워드 불일치로 제외: NSB 농심 카페 장터에 글을 올리기 전에 꼭 읽어주세요!!
  제목 키워드 불일치로 제외: NSB 농심 카페 활동 시작하면 꼭 읽어주세요!!!
  제목 키워드 불일치로 제외: NSB 농심카페와 함께할 공식 체육관을 찾습니다
  제목 키워드 불일치로 제외: 농심 카페에서 체육관을 직접 짓는다면? 가능은 한 이야기인가?
  본문 열기: [부산울산] 8월13일 목 신라중 교류전모집
  본문 열기: [대구경상] [경북구미] 8월 14일 금요일 18:30 ~ 21:30 교류전팀 구합니다.
  본문 열기: [인천경기] [시흥](마감입니다)8월 15일(토) 10시~12시 슈팅비에서 교류전 초청합니다
  본문 열기: [대구경상] [경남진주] 8월 15일 신안동 학생체육관 18:30~21:30 교류전 팀 구합니다.
  본문 열기: [서울] [서대문구남가좌동] 8월16일 일요일 9.30분 ~ 11.30분 교류전 팀 구합니다 (즐농팀)
  본문 열기: [인천경기] 토요일 8/15 오전 8시 ~ 10시30분 체육관 양도
  본문 열기: [서울] [은평/고양] 8월 16일 일요일 오전 9:20~12:00 좀비스 교류전 초청
  본문 열기: [서울] [서울] [노원, 도봉, 강북] 8.13목 19:30~21:30 교류전팀 구합니다.
  본문 열기: [서울] (완료) 8/12(수) 8~10 친선전 초청드립니다
  본문 열기: [인천경기] [부평] 토요일(15일) 오전 8시 ~ 10시 30분 체육관 양도
  본문 열기: [인천경기] 인천 청소년 수련관에서 고등부 교류전
  본문 열기: [서울] [동대문구] 8월 15일 토요일 22:00-01:00 Rebels 에서 교류전 초청합니다.
  본문 열기: [인천경기] [고양시]도내동 8월15일 토요일 오전8시 ~11시 교류전팀 모십니다
  본문 열기: [부산울산] [[부산 강서구]] 8월 16일 일요일 0900 - 1200 부산 강서구 명호고 교류전 하실 팀 구합니다.
  본문 열기: [부산울산] [부산진구 양정동] 8월 16일 일요일 14시~1７시 양정고등학교 교류전 모집합니다 (샤워 가능)
- 키워드 매칭 글 15개
  저장 후보: 2026-08-13 18:30 [부산울산] 8월13일 목 신라중 교류전모집
  저장 후보: 2026-08-14 18:30 [대구경상] [경북구미] 8월 14일 금요일 18:30 ~ 21:30 교류전팀 구합니다.
  저장 후보: 2026-08-15 10:00 [인천경기] [시흥](마감입니다)8월 15일(토) 10시~12시 슈팅비에서 교류전 초청합니다
  저장 후보: 2026-08-15 18:30 [대구경상] [경남진주] 8월 15일 신안동 학생체육관 18:30~21:30 교류전 팀 구합니다.
  저장 후보: 2026-08-16 09:30 [서울] [서대문구남가좌동] 8월16일 일요일 9.30분 ~ 11.30분 교류전 팀 구합니다 (즐농팀)
  저장 후보: 2026-08-15 08:00 [인천경기] 토요일 8/15 오전 8시 ~ 10시30분 체육관 양도
  저장 후보: 2026-08-16 09:20 [서울] [은평/고양] 8월 16일 일요일 오전 9:20~12:00 좀비스 교류전 초청
  저장 후보: 2026-08-13 19:30 [서울] [서울] [노원, 도봉, 강북] 8.13목 19:30~21:30 교류전팀 구합니다.
  저장 후보: 2026-08-12 08:00 [서울] (완료) 8/12(수) 8~10 친선전 초청드립니다
  저장 후보: 2026-08-11 08:00 [인천경기] [부평] 토요일(15일) 오전 8시 ~ 10시 30분 체육관 양도
  저장 후보: 2026-08-11 13:00 [인천경기] 인천 청소년 수련관에서 고등부 교류전
  저장 후보: 2026-08-15 22:00 [서울] [동대문구] 8월 15일 토요일 22:00-01:00 Rebels 에서 교류전 초청합니다.
  저장 후보: 2026-08-15 08:00 [인천경기] [고양시]도내동 8월15일 토요일 오전8시 ~11시 교류전팀 모십니다
  저장 후보: 2026-08-16 09:00 [부산울산] [[부산 강서구]] 8월 16일 일요일 0900 - 1200 부산 강서구 명호고 교류전 하실 팀 구합니다.
  저장 후보: 2026-08-16 14:00 [부산울산] [부산진구 양정동] 8월 16일 일요일 14시~1７시 양정고등학교 교류전 모집합니다 (샤워 가능)
수집 시작: 콘로우
- 목록 열기: https://cafe.naver.com/f-e/cafes/10586238/menus/34
  선택자 "a.article" 링크 0개
  선택자 ".ArticleList a[href*='/ArticleRead.nhn']" 링크 0개
  선택자 "a[href*='articleid=']" 링크 0개
  선택자 "a[href*='/articles/']" 링크 0개
  HTML fallback 링크 30개
- 글 링크 후보 30개
  건너뜀: 🏀 NSB 농심 카페 3X3 37회 챔피언십 농구 대회 in NSB 체육관
  건너뜀: SLAMDUNK EXPEDITION : 농심카페 일본원정 농구캠프 원정대원 모집
  건너뜀: 23스토어 X NSB 농심카페 후기 작성 이벤트
  건너뜀: 리바이티브 EMS 저주파 발 마사지기 S액티브 공동구매 2차
  건너뜀: "100% 바뀐다" NSB X 동농커리 슈팅클래스 6기 선착순 모집! 🏀🔥
  제목 키워드 불일치로 제외: 🏆 1회 NSB 농심 카페 5대5 농구 최강자전 [NO LIMITS]
  제목 키워드 불일치로 제외: NSB 농심 카페 회원 전용 '브랜드 홍보 & 회원 혜택' 게시판 오픈 안내!
  제목 키워드 불일치로 제외: 🏀 NSB 농심카페 전용 체육관, 2026년 새롭게 문을 엽니다!
  건너뜀: NSB 농심 카페에서 동호회 농구팀을 소개하는 유튜브를 시작합니다^^
  건너뜀: NSB 농심 카페 농구 용품 위탁 판매 서비스 시작합니다
  제목 키워드 불일치로 제외: NSB 농심 카페 장터 불량 회원 & 비매너 회원 공유
  제목 키워드 불일치로 제외: NSB 농심 카페 장터에 글을 올리기 전에 꼭 읽어주세요!!
  제목 키워드 불일치로 제외: NSB 농심 카페 활동 시작하면 꼭 읽어주세요!!!
  제목 키워드 불일치로 제외: NSB 농심카페와 함께할 공식 체육관을 찾습니다
  제목 키워드 불일치로 제외: 농심 카페에서 체육관을 직접 짓는다면? 가능은 한 이야기인가?
  본문 열기: 평택 안성 용인 게스트모집
  본문 열기: [경기모임] [안양 만안구] 8/15(토) 아침 7~9시, 3명 모집
  본문 열기: [경기모임] [용인, 수지, 동백] 8월 13일 목요일 21:40-24:00 게스트 모집
  본문 열기: [경기모임] [광명] 08.16(일요일) 09:00~12:00 게스트 모십니다
  본문 열기: [인천모임] 8/13 목요일 남동구 논현고잔동 어시스트체육관 21:30~24:00 게스트 모집
  본문 열기: [서울모임] [성북구] 석계역인근 즐농 팀 턴오버에서 8월16일 일요일 12시~15시 뒷선 게스트 모집합니다.
  본문 열기: [경기모임] [용인/기흥/수원] 8월 9일 일요일 오전 7시~9시 팀야미 게스트 초대합니다
  본문 열기: [서울모임] [서대문구]8월15일(일) 17시~19시 픽업 게임 게스트 모집합니다.
  본문 열기: [서울모임] [금천구] 🏀 8/16 (일) 09:00~12:00 게스트 초청합니다. (금나래체육관)
  본문 열기: [경기모임] [현천동/상암부근] 오늘 스킬존 20-22시 게스트구합니다!
  본문 열기: [경기모임] [일산/고양/파주/김포] 15일 토요일 저녁 7-10시 게스트 모집합니다
  본문 열기: [경기모임] [광명/구로/금천] 오늘 목요일 오후 6시부터 9시까지 게스트 구해요 (즐농모임)(7시 경기시작)
  본문 열기: [서울모임] [서초/강남/과천] [오늘]8/13(목) 17시~19시 서초종합체육관 게스트 모집합니다
  본문 열기: [경기모임] [경기,구리] 8월 15일 토요일15;00-17;00 게스트 구인 합니다.
  본문 열기: [서울모임] [서울모임][중랑구] 중랑,망우 8월13일 (목요일) 19:30~21:30 게스트 모집
- 키워드 매칭 글 15개
  저장 후보: 2026-08-13 07:00 평택 안성 용인 게스트모집
  저장 후보: 2026-08-15 07:00 [경기모임] [안양 만안구] 8/15(토) 아침 7~9시, 3명 모집
  저장 후보: 2026-08-13 21:40 [경기모임] [용인, 수지, 동백] 8월 13일 목요일 21:40-24:00 게스트 모집
  저장 후보: 2026-08-16 09:00 [경기모임] [광명] 08.16(일요일) 09:00~12:00 게스트 모십니다
  저장 후보: 2026-08-13 21:30 [인천모임] 8/13 목요일 남동구 논현고잔동 어시스트체육관 21:30~24:00 게스트 모집
  저장 후보: 2026-08-16 12:00 [서울모임] [성북구] 석계역인근 즐농 팀 턴오버에서 8월16일 일요일 12시~15시 뒷선 게스트 모집합니다.
  저장 후보: 2026-08-09 07:00 [경기모임] [용인/기흥/수원] 8월 9일 일요일 오전 7시~9시 팀야미 게스트 초대합니다
  저장 후보: 2026-08-15 17:00 [서울모임] [서대문구]8월15일(일) 17시~19시 픽업 게임 게스트 모집합니다.
  저장 후보: 2026-08-16 09:00 [서울모임] [금천구] 🏀 8/16 (일) 09:00~12:00 게스트 초청합니다. (금나래체육관)
  저장 후보: 2026-08-13 20:00 [경기모임] [현천동/상암부근] 오늘 스킬존 20-22시 게스트구합니다!
  저장 후보: 2026-07-10 19:00 [경기모임] [일산/고양/파주/김포] 15일 토요일 저녁 7-10시 게스트 모집합니다
  저장 후보: 2026-08-13 20:00 [경기모임] [광명/구로/금천] 오늘 목요일 오후 6시부터 9시까지 게스트 구해요 (즐농모임)(7시 경기시작)
  저장 후보: 2026-08-13 17:00 [서울모임] [서초/강남/과천] [오늘]8/13(목) 17시~19시 서초종합체육관 게스트 모집합니다
  저장 후보: 2026-08-15 00:00 [경기모임] [경기,구리] 8월 15일 토요일15;00-17;00 게스트 구인 합니다.
  저장 후보: 2026-08-13 19:30 [서울모임] [서울모임][중랑구] 중랑,망우 8월13일 (목요일) 19:30~21:30 게스트 모집
로그인 쿠키 9개를 저장했습니다: /Users/kangsanlee/Documents/농구 서비스/data/auth-default-cookies.json
50개 글을 읽고 50개 일정으로 저장했습니다.
[2026-08-13T04:06:19.474Z] 자동 카페 수집 종료: 성공

[2026-08-13T04:11:19.462Z] 자동 카페 수집 시작: default
로그인 세션 브라우저가 이미 열려 있어 자동 수집을 건너뜁니다.
자동 수집은 기존 창을 건드리지 않고 다음 주기에 다시 시도합니다.
잠금 정보: SingletonLock 있음
[2026-08-13T04:11:19.783Z] 자동 카페 수집 종료: 성공

[2026-08-13T04:16:19.775Z] 자동 카페 수집 시작: default
저장된 로그인 쿠키 9개를 불러왔습니다.
수집 시작: 동아리 농구 카페
- 목록 열기: https://m.cafe.daum.net/dongarry/Dilr?boardType=
  선택자 "a[href*='/dongarry/']" 링크 0개
  선택자 "a[href*='/_rec/']" 링크 0개
  선택자 "a.link_cafe" 링크 0개
  선택자 "a[href]" 링크 0개
  Daum HTML fallback 링크 20개
- 글 링크 후보 20개
  본문 열기: [서울] [동작구]8/16(일) 영등포고 15:00 ~ 18:00 팀C-cube에서 즐농게스트 모십니다.
  다음카페 목록 정보만 저장
  본문 열기: [서울] [송파구] 8월 13일(목) 1930~2130 팀 스마일에서 게스트 초청합니다.
  다음카페 목록 정보만 저장
  본문 열기: [서울] 금천, 구로, 신도림 8월 13일(목), 19시~22시(오늘)
  다음카페 목록 정보만 저장
  본문 열기: [경기] [안양 만안구] 8/15(토) 아침 7~9시, 3명 모집
  다음카페 목록 정보만 저장
  본문 열기: [서울] [강남구] 8. 13.(목) 22시 ~ 24시 어브 온(AUBE ON)에서 게스트 모집합니다.
  다음카페 목록 정보만 저장
  본문 열기: [경기] ＜남양주 별내＞버블짐 8/16(일) 10:30~13:00 팀리얼에서 게스트 초청합니다.
  다음카페 목록 정보만 저장
  본문 열기: [서울] [성북구] 석계역인근 8월16일 일요일 12시~15시 뒷선게스트 구인합니다.
  다음카페 목록 정보만 저장
  본문 열기: [서울] 성북구] 8월 13일 목요일 오후7시~9시30분 리버스에서 게스트 모집합니다
  다음카페 목록 정보만 저장
  본문 열기: [경기] [용인/기흥/수원] 8월 16일 일요일 오전 7시~9시 게스트 초대합니다
  다음카페 목록 정보만 저장
  본문 열기: [경기] 양평 가평 원주 홍천 [양평 브리즈 운동 게스트 구인] 8.14.(금) 19:00
  다음카페 목록 정보만 저장
  본문 열기: [수원]8월 14일 금요일 9시 11시 보훈원 게스트 모십니다.
  다음카페 목록 정보만 저장
  본문 열기: [서울] [강남구] 8월 14일 금요일 20~22시 강남스포츠문화센터 게스트 모십니다.
  다음카페 목록 정보만 저장
  본문 열기: [서울] [강남구] 8/16(일) 15~18시 삼성동 객원 구합니다.
  다음카페 목록 정보만 저장
  본문 열기: [인천] (부평십정)8월15일 12:30-15:30
  다음카페 목록 정보만 저장
  본문 열기: [경기] [남양주]8월13일목요일(오늘)22시~00시30분 게스트 모집합니다
  다음카페 목록 정보만 저장
  본문 열기: [서울] [중구] 8/13(목) 20:00~21:30 약수역 중구청소년수련관 게스트 모집합니다~
  다음카페 목록 정보만 저장
  본문 열기: [서울] [서대문구]8월15일(토) 17시~19시 픽업 게임 게스트 모집합니다.
  다음카페 목록 정보만 저장
  본문 열기: [서울] 은평 고양 덕은 화전 상암] 08.13(목) 스킬존 3관 20-22 게스트 모집
  다음카페 목록 정보만 저장
  본문 열기: [서울] 🏀 8/16 (일) 09:00 ~ 12:00 게스트 모집합니다. (금나래 문화체육센터)
  다음카페 목록 정보만 저장
  본문 열기: [마감 [김포] 고촌 8/13 (목) 19:00~ 22:00 볼트팀에서 게스트3인 구합니다.]
  다음카페 목록 정보만 저장
- 키워드 매칭 글 20개
  저장 후보: 2026-08-16 15:00 [서울] [동작구]8/16(일) 영등포고 15:00 ~ 18:00 팀C-cube에서 즐농게스트 모십니다.
  저장 후보: 2026-08-13 19:30 [서울] [송파구] 8월 13일(목) 1930~2130 팀 스마일에서 게스트 초청합니다.
  저장 후보: 2026-08-13 19:00 [서울] 금천, 구로, 신도림 8월 13일(목), 19시~22시(오늘)
  저장 후보: 2026-08-15 07:00 [경기] [안양 만안구] 8/15(토) 아침 7~9시, 3명 모집
  저장 후보: 2026-08-13 22:00 [서울] [강남구] 8. 13.(목) 22시 ~ 24시 어브 온(AUBE ON)에서 게스트 모집합니다.
  저장 후보: 2026-08-16 10:30 [경기] ＜남양주 별내＞버블짐 8/16(일) 10:30~13:00 팀리얼에서 게스트 초청합니다.
  저장 후보: 2026-08-16 12:00 [서울] [성북구] 석계역인근 8월16일 일요일 12시~15시 뒷선게스트 구인합니다.
  저장 후보: 2026-08-13 19:00 [서울] 성북구] 8월 13일 목요일 오후7시~9시30분 리버스에서 게스트 모집합니다
  저장 후보: 2026-08-16 07:00 [경기] [용인/기흥/수원] 8월 16일 일요일 오전 7시~9시 게스트 초대합니다
  저장 후보: 2026-08-14 00:00 [경기] 양평 가평 원주 홍천 [양평 브리즈 운동 게스트 구인] 8.14.(금) 19:00
  저장 후보: 2026-08-14 09:00 [수원]8월 14일 금요일 9시 11시 보훈원 게스트 모십니다.
  저장 후보: 2026-08-14 20:00 [서울] [강남구] 8월 14일 금요일 20~22시 강남스포츠문화센터 게스트 모십니다.
  저장 후보: 2026-08-16 15:00 [서울] [강남구] 8/16(일) 15~18시 삼성동 객원 구합니다.
  저장 후보: 2026-08-15 12:30 [인천] (부평십정)8월15일 12:30-15:30
  저장 후보: 2026-08-13 22:00 [경기] [남양주]8월13일목요일(오늘)22시~00시30분 게스트 모집합니다
  저장 후보: 2026-08-13 20:00 [서울] [중구] 8/13(목) 20:00~21:30 약수역 중구청소년수련관 게스트 모집합니다~
  저장 후보: 2026-08-15 17:00 [서울] [서대문구]8월15일(토) 17시~19시 픽업 게임 게스트 모집합니다.
  저장 후보: 2026-08-13 20:00 [서울] 은평 고양 덕은 화전 상암] 08.13(목) 스킬존 3관 20-22 게스트 모집
  저장 후보: 2026-08-16 09:00 [서울] 🏀 8/16 (일) 09:00 ~ 12:00 게스트 모집합니다. (금나래 문화체육센터)
  저장 후보: 2026-08-13 19:00 [마감 [김포] 고촌 8/13 (목) 19:00~ 22:00 볼트팀에서 게스트3인 구합니다.]
수집 시작: 콘로우
- 목록 열기: https://cafe.naver.com/f-e/cafes/10586238/menus/428
  선택자 "a.article" 링크 0개
  선택자 ".ArticleList a[href*='/ArticleRead.nhn']" 링크 0개
  선택자 "a[href*='articleid=']" 링크 0개
  선택자 "a[href*='/articles/']" 링크 0개
  HTML fallback 링크 30개
- 글 링크 후보 30개
  건너뜀: 🏀 NSB 농심 카페 3X3 37회 챔피언십 농구 대회 in NSB 체육관
  건너뜀: SLAMDUNK EXPEDITION : 농심카페 일본원정 농구캠프 원정대원 모집
  건너뜀: 23스토어 X NSB 농심카페 후기 작성 이벤트
  건너뜀: 리바이티브 EMS 저주파 발 마사지기 S액티브 공동구매 2차
  건너뜀: "100% 바뀐다" NSB X 동농커리 슈팅클래스 6기 선착순 모집! 🏀🔥
  제목 키워드 불일치로 제외: 🏆 1회 NSB 농심 카페 5대5 농구 최강자전 [NO LIMITS]
  제목 키워드 불일치로 제외: NSB 농심 카페 회원 전용 '브랜드 홍보 & 회원 혜택' 게시판 오픈 안내!
  제목 키워드 불일치로 제외: 🏀 NSB 농심카페 전용 체육관, 2026년 새롭게 문을 엽니다!
  건너뜀: NSB 농심 카페에서 동호회 농구팀을 소개하는 유튜브를 시작합니다^^
  건너뜀: NSB 농심 카페 농구 용품 위탁 판매 서비스 시작합니다
  제목 키워드 불일치로 제외: NSB 농심 카페 장터 불량 회원 & 비매너 회원 공유
  제목 키워드 불일치로 제외: NSB 농심 카페 장터에 글을 올리기 전에 꼭 읽어주세요!!
  제목 키워드 불일치로 제외: NSB 농심 카페 활동 시작하면 꼭 읽어주세요!!!
  제목 키워드 불일치로 제외: NSB 농심카페와 함께할 공식 체육관을 찾습니다
  제목 키워드 불일치로 제외: 농심 카페에서 체육관을 직접 짓는다면? 가능은 한 이야기인가?
  본문 열기: [부산울산] 8월13일 목 신라중 교류전모집
  본문 열기: [대구경상] [경북구미] 8월 14일 금요일 18:30 ~ 21:30 교류전팀 구합니다.
  본문 열기: [인천경기] [시흥](마감입니다)8월 15일(토) 10시~12시 슈팅비에서 교류전 초청합니다
  본문 열기: [대구경상] [경남진주] 8월 15일 신안동 학생체육관 18:30~21:30 교류전 팀 구합니다.
  본문 열기: [서울] [서대문구남가좌동] 8월16일 일요일 9.30분 ~ 11.30분 교류전 팀 구합니다 (즐농팀)
  본문 열기: [인천경기] 토요일 8/15 오전 8시 ~ 10시30분 체육관 양도
  본문 열기: [서울] [은평/고양] 8월 16일 일요일 오전 9:20~12:00 좀비스 교류전 초청
  본문 열기: [서울] [서울] [노원, 도봉, 강북] 8.13목 19:30~21:30 교류전팀 구합니다.
  본문 열기: [서울] (완료) 8/12(수) 8~10 친선전 초청드립니다
  본문 열기: [인천경기] [부평] 토요일(15일) 오전 8시 ~ 10시 30분 체육관 양도
  본문 열기: [인천경기] 인천 청소년 수련관에서 고등부 교류전
  본문 열기: [서울] [동대문구] 8월 15일 토요일 22:00-01:00 Rebels 에서 교류전 초청합니다.
  본문 열기: [인천경기] [고양시]도내동 8월15일 토요일 오전8시 ~11시 교류전팀 모십니다
  본문 열기: [부산울산] [[부산 강서구]] 8월 16일 일요일 0900 - 1200 부산 강서구 명호고 교류전 하실 팀 구합니다.
  본문 열기: [부산울산] [부산진구 양정동] 8월 16일 일요일 14시~1７시 양정고등학교 교류전 모집합니다 (샤워 가능)
- 키워드 매칭 글 15개
  저장 후보: 2026-08-13 18:30 [부산울산] 8월13일 목 신라중 교류전모집
  저장 후보: 2026-08-14 18:30 [대구경상] [경북구미] 8월 14일 금요일 18:30 ~ 21:30 교류전팀 구합니다.
  저장 후보: 2026-08-15 10:00 [인천경기] [시흥](마감입니다)8월 15일(토) 10시~12시 슈팅비에서 교류전 초청합니다
  저장 후보: 2026-08-15 18:30 [대구경상] [경남진주] 8월 15일 신안동 학생체육관 18:30~21:30 교류전 팀 구합니다.
  저장 후보: 2026-08-16 09:30 [서울] [서대문구남가좌동] 8월16일 일요일 9.30분 ~ 11.30분 교류전 팀 구합니다 (즐농팀)
  저장 후보: 2026-08-15 08:00 [인천경기] 토요일 8/15 오전 8시 ~ 10시30분 체육관 양도
  저장 후보: 2026-08-16 09:20 [서울] [은평/고양] 8월 16일 일요일 오전 9:20~12:00 좀비스 교류전 초청
  저장 후보: 2026-08-13 19:30 [서울] [서울] [노원, 도봉, 강북] 8.13목 19:30~21:30 교류전팀 구합니다.
  저장 후보: 2026-08-12 08:00 [서울] (완료) 8/12(수) 8~10 친선전 초청드립니다
  저장 후보: 2026-08-11 08:00 [인천경기] [부평] 토요일(15일) 오전 8시 ~ 10시 30분 체육관 양도
  저장 후보: 2026-08-11 13:00 [인천경기] 인천 청소년 수련관에서 고등부 교류전
  저장 후보: 2026-08-15 22:00 [서울] [동대문구] 8월 15일 토요일 22:00-01:00 Rebels 에서 교류전 초청합니다.
  저장 후보: 2026-08-15 08:00 [인천경기] [고양시]도내동 8월15일 토요일 오전8시 ~11시 교류전팀 모십니다
  저장 후보: 2026-08-16 09:00 [부산울산] [[부산 강서구]] 8월 16일 일요일 0900 - 1200 부산 강서구 명호고 교류전 하실 팀 구합니다.
  저장 후보: 2026-08-16 14:00 [부산울산] [부산진구 양정동] 8월 16일 일요일 14시~1７시 양정고등학교 교류전 모집합니다 (샤워 가능)
수집 시작: 콘로우
- 목록 열기: https://cafe.naver.com/f-e/cafes/10586238/menus/34
  선택자 "a.article" 링크 0개
  선택자 ".ArticleList a[href*='/ArticleRead.nhn']" 링크 0개
  선택자 "a[href*='articleid=']" 링크 0개
  선택자 "a[href*='/articles/']" 링크 0개
  HTML fallback 링크 30개
- 글 링크 후보 30개
  건너뜀: 🏀 NSB 농심 카페 3X3 37회 챔피언십 농구 대회 in NSB 체육관
  건너뜀: SLAMDUNK EXPEDITION : 농심카페 일본원정 농구캠프 원정대원 모집
  건너뜀: 23스토어 X NSB 농심카페 후기 작성 이벤트
  건너뜀: 리바이티브 EMS 저주파 발 마사지기 S액티브 공동구매 2차
  건너뜀: "100% 바뀐다" NSB X 동농커리 슈팅클래스 6기 선착순 모집! 🏀🔥
  제목 키워드 불일치로 제외: 🏆 1회 NSB 농심 카페 5대5 농구 최강자전 [NO LIMITS]
  제목 키워드 불일치로 제외: NSB 농심 카페 회원 전용 '브랜드 홍보 & 회원 혜택' 게시판 오픈 안내!
  제목 키워드 불일치로 제외: 🏀 NSB 농심카페 전용 체육관, 2026년 새롭게 문을 엽니다!
  건너뜀: NSB 농심 카페에서 동호회 농구팀을 소개하는 유튜브를 시작합니다^^
  건너뜀: NSB 농심 카페 농구 용품 위탁 판매 서비스 시작합니다
  제목 키워드 불일치로 제외: NSB 농심 카페 장터 불량 회원 & 비매너 회원 공유
  제목 키워드 불일치로 제외: NSB 농심 카페 장터에 글을 올리기 전에 꼭 읽어주세요!!
  제목 키워드 불일치로 제외: NSB 농심 카페 활동 시작하면 꼭 읽어주세요!!!
  제목 키워드 불일치로 제외: NSB 농심카페와 함께할 공식 체육관을 찾습니다
  제목 키워드 불일치로 제외: 농심 카페에서 체육관을 직접 짓는다면? 가능은 한 이야기인가?
  본문 열기: [서울모임] [동작구]8/16(일) 영등포고 15:00 ~ 18:00 즐농게스트 모십니다.
  본문 열기: 평택 안성 용인 게스트모집
  본문 열기: [경기모임] [안양 만안구] 8/15(토) 아침 7~9시, 3명 모집
  본문 열기: [경기모임] [용인, 수지, 동백] 8월 13일 목요일 21:40-24:00 게스트 모집
  본문 열기: [경기모임] [광명] 08.16(일요일) 09:00~12:00 게스트 모십니다
  본문 열기: [인천모임] 8/13 목요일 남동구 논현고잔동 어시스트체육관 21:30~24:00 게스트 모집
  본문 열기: [서울모임] [성북구] 석계역인근 즐농 팀 턴오버에서 8월16일 일요일 12시~15시 뒷선 게스트 모집합니다.
  본문 열기: [경기모임] [용인/기흥/수원] 8월 9일 일요일 오전 7시~9시 팀야미 게스트 초대합니다
  본문 열기: [서울모임] [서대문구]8월15일(일) 17시~19시 픽업 게임 게스트 모집합니다.
  본문 열기: [서울모임] [금천구] 🏀 8/16 (일) 09:00~12:00 게스트 초청합니다. (금나래체육관)
  본문 열기: [경기모임] [현천동/상암부근] 오늘 스킬존 20-22시 게스트구합니다!
  본문 열기: [경기모임] [일산/고양/파주/김포] 15일 토요일 저녁 7-10시 게스트 모집합니다
  본문 열기: [경기모임] [광명/구로/금천] 오늘 목요일 오후 6시부터 9시까지 게스트 구해요 (즐농모임)(7시 경기시작)
  본문 열기: [서울모임] [서초/강남/과천] [오늘]8/13(목) 17시~19시 서초종합체육관 게스트 모집합니다
  본문 열기: [경기모임] [경기,구리] 8월 15일 토요일15;00-17;00 게스트 구인 합니다.
- 키워드 매칭 글 15개
  저장 후보: 2026-08-16 15:00 [서울모임] [동작구]8/16(일) 영등포고 15:00 ~ 18:00 즐농게스트 모십니다.
  저장 후보: 2026-08-13 15:00 평택 안성 용인 게스트모집
  저장 후보: 2026-08-15 07:00 [경기모임] [안양 만안구] 8/15(토) 아침 7~9시, 3명 모집
  저장 후보: 2026-08-13 21:40 [경기모임] [용인, 수지, 동백] 8월 13일 목요일 21:40-24:00 게스트 모집
  저장 후보: 2026-08-16 09:00 [경기모임] [광명] 08.16(일요일) 09:00~12:00 게스트 모십니다
  저장 후보: 2026-08-13 21:30 [인천모임] 8/13 목요일 남동구 논현고잔동 어시스트체육관 21:30~24:00 게스트 모집
  저장 후보: 2026-08-16 12:00 [서울모임] [성북구] 석계역인근 즐농 팀 턴오버에서 8월16일 일요일 12시~15시 뒷선 게스트 모집합니다.
  저장 후보: 2026-08-09 07:00 [경기모임] [용인/기흥/수원] 8월 9일 일요일 오전 7시~9시 팀야미 게스트 초대합니다
  저장 후보: 2026-08-15 17:00 [서울모임] [서대문구]8월15일(일) 17시~19시 픽업 게임 게스트 모집합니다.
  저장 후보: 2026-08-16 09:00 [서울모임] [금천구] 🏀 8/16 (일) 09:00~12:00 게스트 초청합니다. (금나래체육관)
  저장 후보: 2026-08-13 20:00 [경기모임] [현천동/상암부근] 오늘 스킬존 20-22시 게스트구합니다!
  저장 후보: 2026-07-10 19:00 [경기모임] [일산/고양/파주/김포] 15일 토요일 저녁 7-10시 게스트 모집합니다
  저장 후보: 2026-08-13 20:00 [경기모임] [광명/구로/금천] 오늘 목요일 오후 6시부터 9시까지 게스트 구해요 (즐농모임)(7시 경기시작)
  저장 후보: 2026-08-13 17:00 [서울모임] [서초/강남/과천] [오늘]8/13(목) 17시~19시 서초종합체육관 게스트 모집합니다
  저장 후보: 2026-08-15 00:00 [경기모임] [경기,구리] 8월 15일 토요일15;00-17;00 게스트 구인 합니다.
로그인 쿠키 9개를 저장했습니다: /Users/kangsanlee/Documents/농구 서비스/data/auth-default-cookies.json
50개 글을 읽고 50개 일정으로 저장했습니다.
[2026-08-13T04:18:32.741Z] 자동 카페 수집 종료: 성공

[2026-08-13T04:23:32.733Z] 자동 카페 수집 시작: default
저장된 로그인 쿠키 9개를 불러왔습니다.
수집 시작: 동아리 농구 카페
- 목록 열기: https://m.cafe.daum.net/dongarry/Dilr?boardType=
  선택자 "a[href*='/dongarry/']" 링크 0개
  선택자 "a[href*='/_rec/']" 링크 0개
  선택자 "a.link_cafe" 링크 0개
  선택자 "a[href]" 링크 0개
  Daum HTML fallback 링크 20개
- 글 링크 후보 20개
  본문 열기: [(강동구)광문고 8/15 토요일 14~16시 게스트 모집!]
  다음카페 목록 정보만 저장
  본문 열기: [서울] 8월 16일(일) 오전 09 ~ 12 스킬존 게스트 구인
  다음카페 목록 정보만 저장
  본문 열기: [오늘 목요일 노원 마들역부근 2명 게스트 구합니다]
  다음카페 목록 정보만 저장
  본문 열기: [서울] [동작구]8/16(일) 영등포고 15:00 ~ 18:00 팀C-cube에서 즐농게스트 모십니다.
  다음카페 목록 정보만 저장
  본문 열기: [서울] [송파구] 8월 13일(목) 1930~2130 팀 스마일에서 게스트 초청합니다.
  다음카페 목록 정보만 저장
  본문 열기: [서울] 금천, 구로, 신도림 8월 13일(목), 19시~22시(오늘)
  다음카페 목록 정보만 저장
  본문 열기: [경기] [안양 만안구] 8/15(토) 아침 7~9시, 3명 모집
  다음카페 목록 정보만 저장
  본문 열기: [서울] [강남구] 8. 13.(목) 22시 ~ 24시 어브 온(AUBE ON)에서 게스트 모집합니다.
  다음카페 목록 정보만 저장
  본문 열기: [경기] ＜남양주 별내＞버블짐 8/16(일) 10:30~13:00 팀리얼에서 게스트 초청합니다.
  다음카페 목록 정보만 저장
  본문 열기: [서울] [성북구] 석계역인근 8월16일 일요일 12시~15시 뒷선게스트 구인합니다.
  다음카페 목록 정보만 저장
  본문 열기: [서울] 성북구] 8월 13일 목요일 오후7시~9시30분 리버스에서 게스트 모집합니다
  다음카페 목록 정보만 저장
  본문 열기: [경기] [용인/기흥/수원] 8월 16일 일요일 오전 7시~9시 게스트 초대합니다
  다음카페 목록 정보만 저장
  본문 열기: [경기] 양평 가평 원주 홍천 [양평 브리즈 운동 게스트 구인] 8.14.(금) 19:00
  다음카페 목록 정보만 저장
  본문 열기: [수원]8월 14일 금요일 9시 11시 보훈원 게스트 모십니다.
  다음카페 목록 정보만 저장
  본문 열기: [서울] [강남구] 8월 14일 금요일 20~22시 강남스포츠문화센터 게스트 모십니다.
  다음카페 목록 정보만 저장
  본문 열기: [서울] [강남구] 8/16(일) 15~18시 삼성동 객원 구합니다.
  다음카페 목록 정보만 저장
  본문 열기: [인천] (부평십정)8월15일 12:30-15:30
  다음카페 목록 정보만 저장
  본문 열기: [경기] [남양주]8월13일목요일(오늘)22시~00시30분 게스트 모집합니다
  다음카페 목록 정보만 저장
  본문 열기: [서울] [중구] 8/13(목) 20:00~21:30 약수역 중구청소년수련관 게스트 모집합니다~
  다음카페 목록 정보만 저장
  본문 열기: [서울] [서대문구]8월15일(토) 17시~19시 픽업 게임 게스트 모집합니다.
  다음카페 목록 정보만 저장
- 키워드 매칭 글 20개
  저장 후보: 2026-08-15 14:00 [(강동구)광문고 8/15 토요일 14~16시 게스트 모집!]
  저장 후보: 2026-08-16 09:00 [서울] 8월 16일(일) 오전 09 ~ 12 스킬존 게스트 구인
  저장 후보: 2026-08-13 00:00 [오늘 목요일 노원 마들역부근 2명 게스트 구합니다]
  저장 후보: 2026-08-16 15:00 [서울] [동작구]8/16(일) 영등포고 15:00 ~ 18:00 팀C-cube에서 즐농게스트 모십니다.
  저장 후보: 2026-08-13 19:30 [서울] [송파구] 8월 13일(목) 1930~2130 팀 스마일에서 게스트 초청합니다.
  저장 후보: 2026-08-13 19:00 [서울] 금천, 구로, 신도림 8월 13일(목), 19시~22시(오늘)
  저장 후보: 2026-08-15 07:00 [경기] [안양 만안구] 8/15(토) 아침 7~9시, 3명 모집
  저장 후보: 2026-08-13 22:00 [서울] [강남구] 8. 13.(목) 22시 ~ 24시 어브 온(AUBE ON)에서 게스트 모집합니다.
  저장 후보: 2026-08-16 10:30 [경기] ＜남양주 별내＞버블짐 8/16(일) 10:30~13:00 팀리얼에서 게스트 초청합니다.
  저장 후보: 2026-08-16 12:00 [서울] [성북구] 석계역인근 8월16일 일요일 12시~15시 뒷선게스트 구인합니다.
  저장 후보: 2026-08-13 19:00 [서울] 성북구] 8월 13일 목요일 오후7시~9시30분 리버스에서 게스트 모집합니다
  저장 후보: 2026-08-16 07:00 [경기] [용인/기흥/수원] 8월 16일 일요일 오전 7시~9시 게스트 초대합니다
  저장 후보: 2026-08-14 00:00 [경기] 양평 가평 원주 홍천 [양평 브리즈 운동 게스트 구인] 8.14.(금) 19:00
  저장 후보: 2026-08-14 09:00 [수원]8월 14일 금요일 9시 11시 보훈원 게스트 모십니다.
  저장 후보: 2026-08-14 20:00 [서울] [강남구] 8월 14일 금요일 20~22시 강남스포츠문화센터 게스트 모십니다.
  저장 후보: 2026-08-16 15:00 [서울] [강남구] 8/16(일) 15~18시 삼성동 객원 구합니다.
  저장 후보: 2026-08-15 12:30 [인천] (부평십정)8월15일 12:30-15:30
  저장 후보: 2026-08-13 22:00 [경기] [남양주]8월13일목요일(오늘)22시~00시30분 게스트 모집합니다
  저장 후보: 2026-08-13 20:00 [서울] [중구] 8/13(목) 20:00~21:30 약수역 중구청소년수련관 게스트 모집합니다~
  저장 후보: 2026-08-15 17:00 [서울] [서대문구]8월15일(토) 17시~19시 픽업 게임 게스트 모집합니다.
수집 시작: 콘로우
- 목록 열기: https://cafe.naver.com/f-e/cafes/10586238/menus/428
  선택자 "a.article" 링크 0개
  선택자 ".ArticleList a[href*='/ArticleRead.nhn']" 링크 0개
  선택자 "a[href*='articleid=']" 링크 0개
  선택자 "a[href*='/articles/']" 링크 0개
  HTML fallback 링크 30개
- 글 링크 후보 30개
  건너뜀: 🏀 6회 NSB 농심 카페 "175cm 미만" - 농구는 심장으로 3X3 농구대회
  건너뜀: 🏀 NSB 농심 카페 3X3 37회 챔피언십 농구 대회 in NSB 체육관
  건너뜀: SLAMDUNK EXPEDITION : 농심카페 일본원정 농구캠프 원정대원 모집
  건너뜀: 23스토어 X NSB 농심카페 후기 작성 이벤트
  건너뜀: 리바이티브 EMS 저주파 발 마사지기 S액티브 공동구매 2차
  건너뜀: "100% 바뀐다" NSB X 동농커리 슈팅클래스 6기 선착순 모집! 🏀🔥
  제목 키워드 불일치로 제외: 🏆 1회 NSB 농심 카페 5대5 농구 최강자전 [NO LIMITS]
  제목 키워드 불일치로 제외: NSB 농심 카페 회원 전용 '브랜드 홍보 & 회원 혜택' 게시판 오픈 안내!
  제목 키워드 불일치로 제외: 🏀 NSB 농심카페 전용 체육관, 2026년 새롭게 문을 엽니다!
  건너뜀: NSB 농심 카페에서 동호회 농구팀을 소개하는 유튜브를 시작합니다^^
  건너뜀: NSB 농심 카페 농구 용품 위탁 판매 서비스 시작합니다
  제목 키워드 불일치로 제외: NSB 농심 카페 장터 불량 회원 & 비매너 회원 공유
  제목 키워드 불일치로 제외: NSB 농심 카페 장터에 글을 올리기 전에 꼭 읽어주세요!!
  제목 키워드 불일치로 제외: NSB 농심 카페 활동 시작하면 꼭 읽어주세요!!!
  제목 키워드 불일치로 제외: NSB 농심카페와 함께할 공식 체육관을 찾습니다
  제목 키워드 불일치로 제외: 농심 카페에서 체육관을 직접 짓는다면? 가능은 한 이야기인가?
  본문 열기: [인천경기] [군포시] 8월 16일 일요일 08:50~12:00 교류전 초청합니다~!
  본문 열기: [부산울산] 8월13일 목 신라중 교류전모집
  본문 열기: [대구경상] [경북구미] 8월 14일 금요일 18:30 ~ 21:30 교류전팀 구합니다.
  본문 열기: [인천경기] [시흥](마감입니다)8월 15일(토) 10시~12시 슈팅비에서 교류전 초청합니다
  본문 열기: [대구경상] [경남진주] 8월 15일 신안동 학생체육관 18:30~21:30 교류전 팀 구합니다.
  본문 열기: [서울] [서대문구남가좌동] 8월16일 일요일 9.30분 ~ 11.30분 교류전 팀 구합니다 (즐농팀)
  본문 열기: [인천경기] 토요일 8/15 오전 8시 ~ 10시30분 체육관 양도
  본문 열기: [서울] [은평/고양] 8월 16일 일요일 오전 9:20~12:00 좀비스 교류전 초청
  본문 열기: [서울] [서울] [노원, 도봉, 강북] 8.13목 19:30~21:30 교류전팀 구합니다.
  본문 열기: [서울] (완료) 8/12(수) 8~10 친선전 초청드립니다
  본문 열기: [인천경기] [부평] 토요일(15일) 오전 8시 ~ 10시 30분 체육관 양도
  본문 열기: [인천경기] 인천 청소년 수련관에서 고등부 교류전
  본문 열기: [서울] [동대문구] 8월 15일 토요일 22:00-01:00 Rebels 에서 교류전 초청합니다.
  본문 열기: [인천경기] [고양시]도내동 8월15일 토요일 오전8시 ~11시 교류전팀 모십니다
- 키워드 매칭 글 14개
  저장 후보: 2026-08-16 08:50 [인천경기] [군포시] 8월 16일 일요일 08:50~12:00 교류전 초청합니다~!
  저장 후보: 2026-08-13 08:50 [부산울산] 8월13일 목 신라중 교류전모집
  저장 후보: 2026-08-14 18:30 [대구경상] [경북구미] 8월 14일 금요일 18:30 ~ 21:30 교류전팀 구합니다.
  저장 후보: 2026-08-15 10:00 [인천경기] [시흥](마감입니다)8월 15일(토) 10시~12시 슈팅비에서 교류전 초청합니다
  저장 후보: 2026-08-15 18:30 [대구경상] [경남진주] 8월 15일 신안동 학생체육관 18:30~21:30 교류전 팀 구합니다.
  저장 후보: 2026-08-16 09:30 [서울] [서대문구남가좌동] 8월16일 일요일 9.30분 ~ 11.30분 교류전 팀 구합니다 (즐농팀)
  저장 후보: 2026-08-15 08:00 [인천경기] 토요일 8/15 오전 8시 ~ 10시30분 체육관 양도
  저장 후보: 2026-08-16 09:20 [서울] [은평/고양] 8월 16일 일요일 오전 9:20~12:00 좀비스 교류전 초청
  저장 후보: 2026-08-13 19:30 [서울] [서울] [노원, 도봉, 강북] 8.13목 19:30~21:30 교류전팀 구합니다.
  저장 후보: 2026-08-12 08:00 [서울] (완료) 8/12(수) 8~10 친선전 초청드립니다
  저장 후보: 2026-08-11 08:00 [인천경기] [부평] 토요일(15일) 오전 8시 ~ 10시 30분 체육관 양도
  저장 후보: 2026-08-11 13:00 [인천경기] 인천 청소년 수련관에서 고등부 교류전
  저장 후보: 2026-08-15 22:00 [서울] [동대문구] 8월 15일 토요일 22:00-01:00 Rebels 에서 교류전 초청합니다.
  저장 후보: 2026-08-15 08:00 [인천경기] [고양시]도내동 8월15일 토요일 오전8시 ~11시 교류전팀 모십니다
수집 시작: 콘로우
- 목록 열기: https://cafe.naver.com/f-e/cafes/10586238/menus/34
  선택자 "a.article" 링크 0개
  선택자 ".ArticleList a[href*='/ArticleRead.nhn']" 링크 0개
  선택자 "a[href*='articleid=']" 링크 0개
  선택자 "a[href*='/articles/']" 링크 0개
  HTML fallback 링크 30개
- 글 링크 후보 30개
  건너뜀: 🏀 6회 NSB 농심 카페 "175cm 미만" - 농구는 심장으로 3X3 농구대회
  건너뜀: 🏀 NSB 농심 카페 3X3 37회 챔피언십 농구 대회 in NSB 체육관
  건너뜀: SLAMDUNK EXPEDITION : 농심카페 일본원정 농구캠프 원정대원 모집
  건너뜀: 23스토어 X NSB 농심카페 후기 작성 이벤트
  건너뜀: 리바이티브 EMS 저주파 발 마사지기 S액티브 공동구매 2차
  건너뜀: "100% 바뀐다" NSB X 동농커리 슈팅클래스 6기 선착순 모집! 🏀🔥
  제목 키워드 불일치로 제외: 🏆 1회 NSB 농심 카페 5대5 농구 최강자전 [NO LIMITS]
  제목 키워드 불일치로 제외: NSB 농심 카페 회원 전용 '브랜드 홍보 & 회원 혜택' 게시판 오픈 안내!
  제목 키워드 불일치로 제외: 🏀 NSB 농심카페 전용 체육관, 2026년 새롭게 문을 엽니다!
  건너뜀: NSB 농심 카페에서 동호회 농구팀을 소개하는 유튜브를 시작합니다^^
  건너뜀: NSB 농심 카페 농구 용품 위탁 판매 서비스 시작합니다
  제목 키워드 불일치로 제외: NSB 농심 카페 장터 불량 회원 & 비매너 회원 공유
  제목 키워드 불일치로 제외: NSB 농심 카페 장터에 글을 올리기 전에 꼭 읽어주세요!!
  제목 키워드 불일치로 제외: NSB 농심 카페 활동 시작하면 꼭 읽어주세요!!!
  제목 키워드 불일치로 제외: NSB 농심카페와 함께할 공식 체육관을 찾습니다
  제목 키워드 불일치로 제외: 농심 카페에서 체육관을 직접 짓는다면? 가능은 한 이야기인가?
  본문 열기: [서울모임] [동작구]8/16(일) 영등포고 15:00 ~ 18:00 즐농게스트 모십니다.
  본문 열기: 평택 안성 용인 게스트모집
  본문 열기: [경기모임] [안양 만안구] 8/15(토) 아침 7~9시, 3명 모집
  본문 열기: [경기모임] [용인, 수지, 동백] 8월 13일 목요일 21:40-24:00 게스트 모집
  본문 열기: [경기모임] [광명] 08.16(일요일) 09:00~12:00 게스트 모십니다
  본문 열기: [인천모임] 8/13 목요일 남동구 논현고잔동 어시스트체육관 21:30~24:00 게스트 모집
  본문 열기: [서울모임] [성북구] 석계역인근 즐농 팀 턴오버에서 8월16일 일요일 12시~15시 뒷선 게스트 모집합니다.
  본문 열기: [경기모임] [용인/기흥/수원] 8월 9일 일요일 오전 7시~9시 팀야미 게스트 초대합니다
  본문 열기: [서울모임] [서대문구]8월15일(일) 17시~19시 픽업 게임 게스트 모집합니다.
  본문 열기: [서울모임] [금천구] 🏀 8/16 (일) 09:00~12:00 게스트 초청합니다. (금나래체육관)
  본문 열기: [경기모임] [현천동/상암부근] 오늘 스킬존 20-22시 게스트구합니다!
  본문 열기: [경기모임] [일산/고양/파주/김포] 15일 토요일 저녁 7-10시 게스트 모집합니다
  본문 열기: [경기모임] [광명/구로/금천] 오늘 목요일 오후 6시부터 9시까지 게스트 구해요 (즐농모임)(7시 경기시작)
  본문 열기: [서울모임] [서초/강남/과천] [오늘]8/13(목) 17시~19시 서초종합체육관 게스트 모집합니다
- 키워드 매칭 글 14개
  저장 후보: 2026-08-16 15:00 [서울모임] [동작구]8/16(일) 영등포고 15:00 ~ 18:00 즐농게스트 모십니다.
  저장 후보: 2026-08-13 15:00 평택 안성 용인 게스트모집
  저장 후보: 2026-08-15 07:00 [경기모임] [안양 만안구] 8/15(토) 아침 7~9시, 3명 모집
  저장 후보: 2026-08-13 21:40 [경기모임] [용인, 수지, 동백] 8월 13일 목요일 21:40-24:00 게스트 모집
  저장 후보: 2026-08-16 09:00 [경기모임] [광명] 08.16(일요일) 09:00~12:00 게스트 모십니다
  저장 후보: 2026-08-13 21:30 [인천모임] 8/13 목요일 남동구 논현고잔동 어시스트체육관 21:30~24:00 게스트 모집
  저장 후보: 2026-08-16 12:00 [서울모임] [성북구] 석계역인근 즐농 팀 턴오버에서 8월16일 일요일 12시~15시 뒷선 게스트 모집합니다.
  저장 후보: 2026-08-09 07:00 [경기모임] [용인/기흥/수원] 8월 9일 일요일 오전 7시~9시 팀야미 게스트 초대합니다
  저장 후보: 2026-08-15 17:00 [서울모임] [서대문구]8월15일(일) 17시~19시 픽업 게임 게스트 모집합니다.
  저장 후보: 2026-08-16 09:00 [서울모임] [금천구] 🏀 8/16 (일) 09:00~12:00 게스트 초청합니다. (금나래체육관)
  저장 후보: 2026-08-13 20:00 [경기모임] [현천동/상암부근] 오늘 스킬존 20-22시 게스트구합니다!
  저장 후보: 2026-07-10 19:00 [경기모임] [일산/고양/파주/김포] 15일 토요일 저녁 7-10시 게스트 모집합니다
  저장 후보: 2026-08-13 20:00 [경기모임] [광명/구로/금천] 오늘 목요일 오후 6시부터 9시까지 게스트 구해요 (즐농모임)(7시 경기시작)
  저장 후보: 2026-08-13 17:00 [서울모임] [서초/강남/과천] [오늘]8/13(목) 17시~19시 서초종합체육관 게스트 모집합니다
로그인 쿠키 9개를 저장했습니다: /Users/kangsanlee/Documents/농구 서비스/data/auth-default-cookies.json
48개 글을 읽고 48개 일정으로 저장했습니다.
[2026-08-13T04:25:41.083Z] 자동 카페 수집 종료: 성공

[2026-08-13T04:42:52.499Z] 자동 카페 수집 시작: default
저장된 로그인 쿠키 9개를 불러왔습니다.
수집 시작: 동아리 농구 카페
- 목록 열기: https://m.cafe.daum.net/dongarry/Dilr?boardType=
[2026-08-13T04:56:14.542Z] 수집 시간이 285초를 넘어 종료했습니다.
page.waitForTimeout: Target page, context or browser has been closed
[2026-08-13T04:56:14.591Z] 자동 카페 수집 종료: 실패 1

[2026-08-13T05:11:29.620Z] 자동 카페 수집 시작: default
저장된 로그인 쿠키 9개를 불러왔습니다.
수집 시작: 동아리 농구 카페
- 목록 열기: https://m.cafe.daum.net/dongarry/Dilr?boardType=
  선택자 "a[href*='/dongarry/']" 링크 0개
[2026-08-13T05:27:39.133Z] 수집 시간이 285초를 넘어 종료했습니다.
  선택자 "a[href*='/_rec/']" 링크 0개
  선택자 "a.link_cafe" 링크 0개
  선택자 "a[href]" 링크 0개
page.content: Target page, context or browser has been closed
[2026-08-13T05:27:39.185Z] 자동 카페 수집 종료: 실패 1

[2026-08-13T05:45:39.836Z] 자동 카페 수집 시작: default
저장된 로그인 쿠키 9개를 불러왔습니다.
[2026-08-13T06:01:06.638Z] 수집 시간이 285초를 넘어 종료했습니다.
browserContext.newPage: Target page, context or browser has been closed
[2026-08-13T06:01:06.676Z] 자동 카페 수집 종료: 실패 1

[2026-08-13T06:17:18.377Z] 자동 카페 수집 시작: default
저장된 로그인 쿠키 9개를 불러왔습니다.
수집 시작: 동아리 농구 카페
- 목록 열기: https://m.cafe.daum.net/dongarry/Dilr?boardType=
  선택자 "a[href*='/dongarry/']" 링크 0개
  선택자 "a[href*='/_rec/']" 링크 0개
  선택자 "a.link_cafe" 링크 0개
  선택자 "a[href]" 링크 0개
  Daum HTML fallback 링크 20개
- 글 링크 후보 20개
  본문 열기: [경기] [급] [안산] 8/13 (목) 20~22시 안산 창말 체육관, 원정 게스트 구인합니다.
  다음카페 목록 정보만 저장
  본문 열기: [경기] [서울/구리/남양주] 14일 금요일 22시 - 24시 10분 게스트 초대합니다 (마감임박)
  다음카페 목록 정보만 저장
  본문 열기: [경기] [부천시 중동] 8.16 일요일 오전9~12게스트모십니다~
  본문 페이지 로딩 실패: page.goto: Timeout 10000ms exceeded.
  본문 열기: [서울] [강북/토] 8월 15일(오후12시40분~3시40분) s-스쿼드와 즐농 할 게스트를 초대합니다.
[2026-08-13T06:27:12.351Z] 수집 시간이 285초를 넘어 종료했습니다.
  본문 페이지 로딩 실패: page.goto: net::ERR_ABORTED at https://m.cafe.daum.net/dongarry/Dilr/338930?
  본문 열기: [경기] [군포] 08/13(목) 오후 8시~10시, 시민체육광장제1체육관
  본문 페이지 로딩 실패: page.goto: Target page, context or browser has been closed
  본문 열기: [남양주][별내IC][4호선별내별가람역][의정부][노원]오터치팀에서 게스트 모집~ 8월13일(목) 오후 8시~11시
  본문 페이지 로딩 실패: page.goto: Target page, context or browser has been closed
  본문 열기: [서울] [성북구] 8월16일 일요일 12:00~15:00 석계역인근 뒷선가능하신 포지션 즐농게스트 모집중입니다.
  본문 페이지 로딩 실패: page.goto: Target page, context or browser has been closed
  본문 열기: [서울 도봉 8월 17일 월요일 오전9시30분 12시 게스트 모십니다]
  본문 페이지 로딩 실패: page.goto: Target page, context or browser has been closed
  본문 열기: [경기] 8월 13일 목요일 게스트 구인합니다. 저녁 8시-10시30분 (풀냉방)
  본문 페이지 로딩 실패: page.goto: Target page, context or browser has been closed
  본문 열기: [경기] [양평] 8/13(목) 무료게스트 모십니다 19:30-21:30
  본문 페이지 로딩 실패: page.goto: Target page, context or browser has been closed
  본문 열기: [서울] [서대문구] 8/16(일) 11:20~ 13:20 팀 티퍼센트에서 5대5 게스트 초청합니다 :)
  본문 페이지 로딩 실패: page.goto: Target page, context or browser has been closed
  본문 열기: [경기] 동탄/오산/수원☆무료☆ 게스트 모집] 8/13(목) 18:30~21:30 ☆충분한 플레잉타임 보장☆ㅡ플레이 로테이션 공평함(번호순)ㅡ
  본문 페이지 로딩 실패: page.goto: Target page, context or browser has been closed
  본문 열기: [서울] [성동구/성동구민종합체육센터] 8/16 (일) 11:00~13:00 팀 클러치에서 초청합니다
  본문 페이지 로딩 실패: page.goto: Target page, context or browser has been closed
  본문 열기: [경기] 8월15일 (토) 07:00～09:20 별내,의정부 게스트 2분 구합니다.
  본문 페이지 로딩 실패: page.goto: Target page, context or browser has been closed
  본문 열기: [서울] [은평] 8월 13일 (오늘) 즐농팀에서 19:30~21:30 게스트 모집합니다 !
  본문 페이지 로딩 실패: page.goto: Target page, context or browser has been closed
  본문 열기: [경기] (남양주 스포라운드) 26.08.13 목 오후9시 ~ 11시반 게스트 구합니다~!
  본문 페이지 로딩 실패: page.goto: Target page, context or browser has been closed
  본문 열기: [서울] [송파구]8월 13일(목) 22:00~24:00 IN A CREW 에서 초청합니다
  본문 페이지 로딩 실패: page.goto: Target page, context or browser has been closed
  본문 열기: [인천] (부평십정)8월15일 낮 12:30
  본문 페이지 로딩 실패: page.goto: Target page, context or browser has been closed
  본문 열기: [경기] [김포] 8.14.(금) 21:30-23:30 팀 김폴에서 초청합니다.(무료)
  본문 페이지 로딩 실패: page.goto: Target page, context or browser has been closed
  본문 열기: [서울강남] 토요일 15일10시~12시게스트 모십니다
  본문 페이지 로딩 실패: page.goto: Target page, context or browser has been closed
- 키워드 매칭 글 20개
  저장 후보: 2026-08-13 20:00 [경기] [급] [안산] 8/13 (목) 20~22시 안산 창말 체육관, 원정 게스트 구인합니다.
  저장 후보: 2026-08-13 22:00 [경기] [서울/구리/남양주] 14일 금요일 22시 - 24시 10분 게스트 초대합니다 (마감임박)
  저장 후보: 2026-08-16 09:00 [경기] [부천시 중동] 8.16 일요일 오전9~12게스트모십니다~
  저장 후보: 2026-08-15 12:40 [서울] [강북/토] 8월 15일(오후12시40분~3시40분) s-스쿼드와 즐농 할 게스트를 초대합니다.
  저장 후보: 2026-08-13 20:00 [경기] [군포] 08/13(목) 오후 8시~10시, 시민체육광장제1체육관
  저장 후보: 2026-08-13 20:00 [남양주][별내IC][4호선별내별가람역][의정부][노원]오터치팀에서 게스트 모집~ 8월13일(목) 오후 8시~11시
  저장 후보: 2026-08-16 12:00 [서울] [성북구] 8월16일 일요일 12:00~15:00 석계역인근 뒷선가능하신 포지션 즐농게스트 모집중입니다.
  저장 후보: 2026-08-17 00:00 [서울 도봉 8월 17일 월요일 오전9시30분 12시 게스트 모십니다]
  저장 후보: 2026-08-13 20:00 [경기] 8월 13일 목요일 게스트 구인합니다. 저녁 8시-10시30분 (풀냉방)
  저장 후보: 2026-08-13 19:30 [경기] [양평] 8/13(목) 무료게스트 모십니다 19:30-21:30
  저장 후보: 2026-08-16 11:20 [서울] [서대문구] 8/16(일) 11:20~ 13:20 팀 티퍼센트에서 5대5 게스트 초청합니다 :)
  저장 후보: 2026-08-13 18:30 [경기] 동탄/오산/수원☆무료☆ 게스트 모집] 8/13(목) 18:30~21:30 ☆충분한 플레잉타임 보장☆ㅡ플레이 로테이션 공평함(번호순)ㅡ
  저장 후보: 2026-08-16 11:00 [서울] [성동구/성동구민종합체육센터] 8/16 (일) 11:00~13:00 팀 클러치에서 초청합니다
  저장 후보: 2026-08-15 00:00 [경기] 8월15일 (토) 07:00～09:20 별내,의정부 게스트 2분 구합니다.
  저장 후보: 2026-08-13 19:30 [서울] [은평] 8월 13일 (오늘) 즐농팀에서 19:30~21:30 게스트 모집합니다 !
  저장 후보: 2026-08-13 21:00 [경기] (남양주 스포라운드) 26.08.13 목 오후9시 ~ 11시반 게스트 구합니다~!
  저장 후보: 2026-08-13 22:00 [서울] [송파구]8월 13일(목) 22:00~24:00 IN A CREW 에서 초청합니다
  저장 후보: 2026-08-15 00:00 [인천] (부평십정)8월15일 낮 12:30
  저장 후보: 2026-08-14 21:30 [경기] [김포] 8.14.(금) 21:30-23:30 팀 김폴에서 초청합니다.(무료)
  저장 후보: 2026-08-13 10:00 [서울강남] 토요일 15일10시~12시게스트 모십니다
page.waitForTimeout: Target page, context or browser has been closed
[2026-08-13T06:27:12.449Z] 자동 카페 수집 종료: 실패 1

[2026-08-13T06:44:34.824Z] 자동 카페 수집 시작: default
저장된 로그인 쿠키 9개를 불러왔습니다.
수집 시작: 동아리 농구 카페
- 목록 열기: https://m.cafe.daum.net/dongarry/Dilr?boardType=
  선택자 "a[href*='/dongarry/']" 링크 0개
[2026-08-13T07:01:42.670Z] 수집 시간이 285초를 넘어 종료했습니다.
  선택자 "a[href*='/_rec/']" 링크 0개
  선택자 "a.link_cafe" 링크 0개
  선택자 "a[href]" 링크 0개
page.content: Target page, context or browser has been closed
[2026-08-13T07:01:42.727Z] 자동 카페 수집 종료: 실패 1

[2026-08-13T07:16:59.327Z] 자동 카페 수집 시작: default
저장된 로그인 쿠키 9개를 불러왔습니다.
수집 시작: 동아리 농구 카페
- 목록 열기: https://m.cafe.daum.net/dongarry/Dilr?boardType=
page.goto: Timeout 15000ms exceeded.
Call log:
[2m  - navigating to "https://m.cafe.daum.net/dongarry/Dilr?boardType=", waiting until "domcontentloaded"[22m

[2026-08-13T07:28:11.984Z] 수집 시간이 285초를 넘어 종료했습니다.
[2026-08-13T07:28:12.038Z] 자동 카페 수집 종료: 실패 1

[2026-08-13T07:34:15.323Z] 자동 카페 수집 시작: default
저장된 로그인 쿠키 9개를 불러왔습니다.
수집 시작: 동아리 농구 카페
- 목록 열기: https://m.cafe.daum.net/dongarry/Dilr?boardType=
  선택자 "a[href*='/dongarry/']" 링크 0개
  선택자 "a[href*='/_rec/']" 링크 0개
  선택자 "a.link_cafe" 링크 0개
  선택자 "a[href]" 링크 0개
  Daum HTML fallback 링크 20개
- 글 링크 후보 20개
  본문 열기: [경기] [안양]8/16(일) 9시30분~13시 팀 라이더스에서 게스트 모십니다(무료)
  다음카페 목록 정보만 저장
  본문 열기: [서울] (동대문구) 08/14 금요일 새벽6~8시 Awake팀에서 게스트 모집합니다.(토모짐)
  다음카페 목록 정보만 저장
  본문 열기: [서울] 은평 고양 덕은 화전 상암] 08.13(목) 스킬존 3관 20-22 밑선게스트 모집＜마감＞
  다음카페 목록 정보만 저장
  본문 열기: [경기] (구리) 8/14(금) 아카이브팀 22~24시 게스트 구합니다!
  다음카페 목록 정보만 저장
  본문 열기: [경기] [남양주]8월13일목요일(오늘)22시~00시30분 게스트 모집합니다
  다음카페 목록 정보만 저장
  본문 열기: [경기] [광명/구로/금천]오늘 목요일 오후 6시부터 9시까지 게스트 구해요 (즐농모임)(7시 경기시작)
  다음카페 목록 정보만 저장
  본문 열기: [인천] (부평십정)8/15 토 낮12:30
  다음카페 목록 정보만 저장
  본문 열기: [마감]
  다음카페 목록 정보만 저장
  본문 열기: [서울] [송파구]8월 13일(목) 22:00~24:00 IN A CREW 에서 초청합니다
  다음카페 목록 정보만 저장
  본문 열기: [경기] [남양주,구리,다산,별내,노원,의정부,진접,오남] 8월 15일 토 저녁 20시~22시 게스트 픽업 게임 모집합니다
  다음카페 목록 정보만 저장
[2026-08-13T07:52:02.745Z] 수집 시간이 285초를 넘어 종료했습니다.
  본문 열기: [ [수원] 8/14(금) 12:00~14:00 팀 gfire에서 초청합니다.]
  본문 페이지 로딩 실패: page.goto: net::ERR_ABORTED at https://m.cafe.daum.net/dongarry/Dilr/338936?
  본문 열기: [서울] [강남구] 오늘 8/13 (목) 20~22시 수서청소년센터 게스트 모십니다
  본문 페이지 로딩 실패: page.goto: Target page, context or browser has been closed
  본문 열기: [경기] [경기광주, 용인, 성남] [Team Real] 08/14 금요일 20:00~22:00 게스트 모십니다
  본문 페이지 로딩 실패: page.goto: Target page, context or browser has been closed
  본문 열기: [경기] [급] [안산] 8/13 (목) 20~22시 안산 창말 체육관, 원정 게스트 구인합니다.
  본문 페이지 로딩 실패: page.goto: Target page, context or browser has been closed
  본문 열기: [경기] [서울/구리/남양주] 14일 금요일 22시 - 24시 10분 게스트 초대합니다 (마감임박)
  본문 페이지 로딩 실패: page.goto: Target page, context or browser has been closed
  본문 열기: [경기] [부천시 중동] 8.16 일요일 오전9~12게스트모십니다~
  본문 페이지 로딩 실패: page.goto: Target page, context or browser has been closed
  본문 열기: [서울] [강북/토] 8월 15일(오후12시40분~3시40분) s-스쿼드와 즐농 할 게스트를 초대합니다.
  본문 페이지 로딩 실패: page.goto: Target page, context or browser has been closed
  본문 열기: [경기] [군포] 08/13(목) 오후 8시~10시, 시민체육광장제1체육관
  본문 페이지 로딩 실패: page.goto: Target page, context or browser has been closed
  본문 열기: [마감 [남양주][별내IC][4호선별내별가람역][의정부][노원]오터치팀에서 게스트 모집~ 8월13일(목) 오후 8시~11시]
  본문 페이지 로딩 실패: page.goto: Target page, context or browser has been closed
  본문 열기: [서울] [성북구] 8월16일 일요일 12:00~15:00 석계역인근 뒷선가능하신 포지션 즐농게스트 모집중입니다.
  본문 페이지 로딩 실패: page.goto: Target page, context or browser has been closed
- 키워드 매칭 글 20개
  저장 후보: 2026-08-16 09:30 [경기] [안양]8/16(일) 9시30분~13시 팀 라이더스에서 게스트 모십니다(무료)
  저장 후보: 2026-08-14 06:00 [서울] (동대문구) 08/14 금요일 새벽6~8시 Awake팀에서 게스트 모집합니다.(토모짐)
  저장 후보: 2026-08-13 20:00 [서울] 은평 고양 덕은 화전 상암] 08.13(목) 스킬존 3관 20-22 밑선게스트 모집＜마감＞
  저장 후보: 2026-08-14 22:00 [경기] (구리) 8/14(금) 아카이브팀 22~24시 게스트 구합니다!
  저장 후보: 2026-08-13 22:00 [경기] [남양주]8월13일목요일(오늘)22시~00시30분 게스트 모집합니다
  저장 후보: 2026-08-13 00:00 [경기] [광명/구로/금천]오늘 목요일 오후 6시부터 9시까지 게스트 구해요 (즐농모임)(7시 경기시작)
  저장 후보: 2026-08-15 00:00 [인천] (부평십정)8/15 토 낮12:30
  저장 후보: 2026-08-13 00:00 [마감]
  저장 후보: 2026-08-13 22:00 [서울] [송파구]8월 13일(목) 22:00~24:00 IN A CREW 에서 초청합니다
  저장 후보: 2026-08-15 20:00 [경기] [남양주,구리,다산,별내,노원,의정부,진접,오남] 8월 15일 토 저녁 20시~22시 게스트 픽업 게임 모집합니다
  저장 후보: 2026-08-14 12:00 [ [수원] 8/14(금) 12:00~14:00 팀 gfire에서 초청합니다.]
  저장 후보: 2026-08-13 20:00 [서울] [강남구] 오늘 8/13 (목) 20~22시 수서청소년센터 게스트 모십니다
  저장 후보: 2026-08-14 20:00 [경기] [경기광주, 용인, 성남] [Team Real] 08/14 금요일 20:00~22:00 게스트 모십니다
  저장 후보: 2026-08-13 20:00 [경기] [급] [안산] 8/13 (목) 20~22시 안산 창말 체육관, 원정 게스트 구인합니다.
  저장 후보: 2026-08-13 22:00 [경기] [서울/구리/남양주] 14일 금요일 22시 - 24시 10분 게스트 초대합니다 (마감임박)
  저장 후보: 2026-08-16 09:00 [경기] [부천시 중동] 8.16 일요일 오전9~12게스트모십니다~
  저장 후보: 2026-08-15 12:40 [서울] [강북/토] 8월 15일(오후12시40분~3시40분) s-스쿼드와 즐농 할 게스트를 초대합니다.
  저장 후보: 2026-08-13 20:00 [경기] [군포] 08/13(목) 오후 8시~10시, 시민체육광장제1체육관
  저장 후보: 2026-08-13 20:00 [마감 [남양주][별내IC][4호선별내별가람역][의정부][노원]오터치팀에서 게스트 모집~ 8월13일(목) 오후 8시~11시]
  저장 후보: 2026-08-16 12:00 [서울] [성북구] 8월16일 일요일 12:00~15:00 석계역인근 뒷선가능하신 포지션 즐농게스트 모집중입니다.
page.waitForTimeout: Target page, context or browser has been closed
[2026-08-13T07:52:02.819Z] 자동 카페 수집 종료: 실패 1

[2026-08-13T08:09:57.434Z] 자동 카페 수집 시작: default
저장된 로그인 쿠키 9개를 불러왔습니다.
수집 시작: 동아리 농구 카페
- 목록 열기: https://m.cafe.daum.net/dongarry/Dilr?boardType=
  선택자 "a[href*='/dongarry/']" 링크 0개
[2026-08-13T08:27:24.216Z] 수집 시간이 285초를 넘어 종료했습니다.
  선택자 "a[href*='/_rec/']" 링크 0개
  선택자 "a.link_cafe" 링크 0개
  선택자 "a[href]" 링크 0개
page.content: Target page, context or browser has been closed
[2026-08-13T08:27:24.251Z] 자동 카페 수집 종료: 실패 1

[2026-08-13T08:46:37.248Z] 자동 카페 수집 시작: default
저장된 로그인 쿠키 9개를 불러왔습니다.
[2026-08-13T09:03:57.178Z] 수집 시간이 285초를 넘어 종료했습니다.
browserContext.newPage: Target page, context or browser has been closed
[2026-08-13T09:03:57.275Z] 자동 카페 수집 종료: 실패 1

[2026-08-13T09:20:51.671Z] 자동 카페 수집 시작: default
저장된 로그인 쿠키 9개를 불러왔습니다.
수집 시작: 동아리 농구 카페
- 목록 열기: https://m.cafe.daum.net/dongarry/Dilr?boardType=
  선택자 "a[href*='/dongarry/']" 링크 0개
[2026-08-13T09:30:14.081Z] 수집 시간이 285초를 넘어 종료했습니다.
  선택자 "a[href*='/_rec/']" 링크 0개
  선택자 "a.link_cafe" 링크 0개
  선택자 "a[href]" 링크 0개
page.content: Target page, context or browser has been closed
[2026-08-13T09:30:14.126Z] 자동 카페 수집 종료: 실패 1

[2026-08-13T09:48:15.130Z] 자동 카페 수집 시작: default
저장된 로그인 쿠키 9개를 불러왔습니다.
수집 시작: 동아리 농구 카페
- 목록 열기: https://m.cafe.daum.net/dongarry/Dilr?boardType=
  선택자 "a[href*='/dongarry/']" 링크 0개
[2026-08-13T10:03:35.026Z] 수집 시간이 285초를 넘어 종료했습니다.
  선택자 "a[href*='/_rec/']" 링크 0개
  선택자 "a.link_cafe" 링크 0개
  선택자 "a[href]" 링크 0개
page.content: Target page, context or browser has been closed
[2026-08-13T10:03:35.062Z] 자동 카페 수집 종료: 실패 1

[2026-08-13T10:12:48.554Z] 자동 카페 수집 시작: default
저장된 로그인 쿠키 9개를 불러왔습니다.
수집 시작: 동아리 농구 카페
- 목록 열기: https://m.cafe.daum.net/dongarry/Dilr?boardType=
  선택자 "a[href*='/dongarry/']" 링크 0개
[2026-08-13T10:29:04.958Z] 수집 시간이 285초를 넘어 종료했습니다.
  선택자 "a[href*='/_rec/']" 링크 0개
  선택자 "a.link_cafe" 링크 0개
  선택자 "a[href]" 링크 0개
page.content: Target page, context or browser has been closed
[2026-08-13T10:29:04.991Z] 자동 카페 수집 종료: 실패 1

[2026-08-13T11:03:55.450Z] 자동 카페 수집 시작: default
저장된 로그인 쿠키 9개를 불러왔습니다.
수집 시작: 동아리 농구 카페
- 목록 열기: https://m.cafe.daum.net/dongarry/Dilr?boardType=
  선택자 "a[href*='/dongarry/']" 링크 0개
[2026-08-13T11:21:36.342Z] 수집 시간이 285초를 넘어 종료했습니다.
  선택자 "a[href*='/_rec/']" 링크 0개
  선택자 "a.link_cafe" 링크 0개
  선택자 "a[href]" 링크 0개
page.content: Target page, context or browser has been closed
[2026-08-13T11:21:36.415Z] 자동 카페 수집 종료: 실패 1

[2026-08-13T11:32:17.052Z] 자동 카페 수집 시작: default
저장된 로그인 쿠키 9개를 불러왔습니다.
수집 시작: 동아리 농구 카페
- 목록 열기: https://m.cafe.daum.net/dongarry/Dilr?boardType=
[2026-08-13T11:49:18.960Z] 수집 시간이 285초를 넘어 종료했습니다.
page.waitForTimeout: Target page, context or browser has been closed
[2026-08-13T11:49:19.034Z] 자동 카페 수집 종료: 실패 1

[2026-08-13T12:06:15.503Z] 자동 카페 수집 시작: default
저장된 로그인 쿠키 9개를 불러왔습니다.
수집 시작: 동아리 농구 카페
- 목록 열기: https://m.cafe.daum.net/dongarry/Dilr?boardType=
  선택자 "a[href*='/dongarry/']" 링크 0개
[2026-08-13T12:11:53.258Z] 수집 시간이 285초를 넘어 종료했습니다.
  선택자 "a[href*='/_rec/']" 링크 0개
  선택자 "a.link_cafe" 링크 0개
  선택자 "a[href]" 링크 0개
page.content: Target page, context or browser has been closed
[2026-08-13T12:11:53.306Z] 자동 카페 수집 종료: 실패 1

[2026-08-13T12:29:15.796Z] 자동 카페 수집 시작: default
저장된 로그인 쿠키 9개를 불러왔습니다.
수집 시작: 동아리 농구 카페
- 목록 열기: https://m.cafe.daum.net/dongarry/Dilr?boardType=
  선택자 "a[href*='/dongarry/']" 링크 0개
  선택자 "a[href*='/_rec/']" 링크 0개
  선택자 "a.link_cafe" 링크 0개
  선택자 "a[href]" 링크 0개
  Daum HTML fallback 링크 20개
- 글 링크 후보 20개
  본문 열기: [서울][마포 은평 고양]상암체육관 8월 15일 토요일 9:30(1부)/19:15(2부)/22:00(3부) 게스트 모집합니다
  다음카페 목록 정보만 저장
  본문 열기: [경기] [구로,금천,광명,부천] 매주 월요일, 금요일 저녁 6~9시 회원 모집
  다음카페 목록 정보만 저장
  본문 열기: [서울] 영등포구 8월14일 금요일 오후 8-10시 제3영등포구민체육관 30.40.50대 환영 게스트 모십니다
  다음카페 목록 정보만 저장
  본문 열기: [서울] 8/15(토) 오전 06:30~09:00 팀쿱스에서 게스트 모집합니다
[2026-08-13T12:41:47.693Z] 수집 시간이 285초를 넘어 종료했습니다.
  본문 페이지 로딩 실패: page.goto: net::ERR_ABORTED at https://m.cafe.daum.net/dongarry/Dilr/338976?
  본문 열기: [인천] (부평십정)8월15일 12:30
  본문 페이지 로딩 실패: page.goto: Target page, context or browser has been closed
  본문 열기: [서울] [성북구] 석계역인근 8월16일 일요일 12시~15시 뒷선게스트 구인합니다.
  본문 페이지 로딩 실패: page.goto: Target page, context or browser has been closed
  본문 열기: [강서구] 8/15(토) 12:00 ~ 15:00 팀 오닉스에서 초청합니다.
  본문 페이지 로딩 실패: page.goto: Target page, context or browser has been closed
  본문 열기: [(안성시) 8/14(금)19:00 ~ 22:00 무료 게스트 구인 (풀냉방)]
  본문 페이지 로딩 실패: page.goto: Target page, context or browser has been closed
  본문 열기: [서울] 8월 16일(일) 오전 09 ~ 12 스킬존 게스트 구인
  본문 페이지 로딩 실패: page.goto: Target page, context or browser has been closed
  본문 열기: [의정부, 양주, 별내, 노원, 도봉)8/15토 아침7시-9:30 게스트 모집합니다.
  본문 페이지 로딩 실패: page.goto: Target page, context or browser has been closed
  본문 열기: [서울] (강서구) 8/14(금)19:00 ~ 22:00 게스트 구인 (풀냉방)
  본문 페이지 로딩 실패: page.goto: Target page, context or browser has been closed
  본문 열기: [경기] [남양주]8월13일목요일(오늘)22시~00시30분 게스트 1분 모집합니다
  본문 페이지 로딩 실패: page.goto: Target page, context or browser has been closed
  본문 열기: [서울] [성동구] 8월 16일 일요일 13시-15시 팀 SWEEP에서 게스트 모집합니다.
  본문 페이지 로딩 실패: page.goto: Target page, context or browser has been closed
  본문 열기: [강남구] 8. 13.(목) 22시 ~ 24시 어브 온(AUBE ON)에서 게스트 모집합니다.
  본문 페이지 로딩 실패: page.goto: Target page, context or browser has been closed
  본문 열기: [경기] [시흥]8월 15일(토) 오전10~12시 게스트 모집 합니다
  본문 페이지 로딩 실패: page.goto: Target page, context or browser has been closed
  본문 열기: [경기] [김포.파주.일산.서울] TEAM.DMZ에서 8/15 (토) 오전6시~9시 게스트모집중 (7000)
  본문 페이지 로딩 실패: page.goto: Target page, context or browser has been closed
  본문 열기: [강남구] 8/16(일) 09:00-11:00 팀 ktbt에서 강남구민체육관 초청합니다
  본문 페이지 로딩 실패: page.goto: Target page, context or browser has been closed
  본문 열기: [경기] 8월16일 안산 창말체육관 10~14시 -게스트 구인
  본문 페이지 로딩 실패: page.goto: Target page, context or browser has been closed
  본문 열기: [서울] [중랑구]8/16 일요일 저녁 7:30~10:00 중랑실내체육관에서 게스트 구합니다!
  본문 페이지 로딩 실패: page.goto: Target page, context or browser has been closed
  본문 열기: [8월 17일 월요일 오전9시30분 12시 도봉구청체육관 게스트 모십니다]
  본문 페이지 로딩 실패: page.goto: Target page, context or browser has been closed
- 키워드 매칭 글 20개
  저장 후보: 2026-08-15 00:00 [서울][마포 은평 고양]상암체육관 8월 15일 토요일 9:30(1부)/19:15(2부)/22:00(3부) 게스트 모집합니다
  저장 후보: 2026-08-13 18:00 [경기] [구로,금천,광명,부천] 매주 월요일, 금요일 저녁 6~9시 회원 모집
  저장 후보: 2026-08-14 20:00 [서울] 영등포구 8월14일 금요일 오후 8-10시 제3영등포구민체육관 30.40.50대 환영 게스트 모십니다
  저장 후보: 2026-08-15 06:30 [서울] 8/15(토) 오전 06:30~09:00 팀쿱스에서 게스트 모집합니다
  저장 후보: 2026-08-15 00:00 [인천] (부평십정)8월15일 12:30
  저장 후보: 2026-08-16 12:00 [서울] [성북구] 석계역인근 8월16일 일요일 12시~15시 뒷선게스트 구인합니다.
  저장 후보: 2026-08-15 12:00 [강서구] 8/15(토) 12:00 ~ 15:00 팀 오닉스에서 초청합니다.
  저장 후보: 2026-08-14 19:00 [(안성시) 8/14(금)19:00 ~ 22:00 무료 게스트 구인 (풀냉방)]
  저장 후보: 2026-08-16 09:00 [서울] 8월 16일(일) 오전 09 ~ 12 스킬존 게스트 구인
  저장 후보: 2026-08-15 07:00 [의정부, 양주, 별내, 노원, 도봉)8/15토 아침7시-9:30 게스트 모집합니다.
  저장 후보: 2026-08-14 19:00 [서울] (강서구) 8/14(금)19:00 ~ 22:00 게스트 구인 (풀냉방)
  저장 후보: 2026-08-13 22:00 [경기] [남양주]8월13일목요일(오늘)22시~00시30분 게스트 1분 모집합니다
  저장 후보: 2026-08-16 13:00 [서울] [성동구] 8월 16일 일요일 13시-15시 팀 SWEEP에서 게스트 모집합니다.
  저장 후보: 2026-08-13 22:00 [강남구] 8. 13.(목) 22시 ~ 24시 어브 온(AUBE ON)에서 게스트 모집합니다.
  저장 후보: 2026-08-15 10:00 [경기] [시흥]8월 15일(토) 오전10~12시 게스트 모집 합니다
  저장 후보: 2026-08-15 06:00 [경기] [김포.파주.일산.서울] TEAM.DMZ에서 8/15 (토) 오전6시~9시 게스트모집중 (7000)
  저장 후보: 2026-08-16 09:00 [강남구] 8/16(일) 09:00-11:00 팀 ktbt에서 강남구민체육관 초청합니다
  저장 후보: 2026-08-16 10:00 [경기] 8월16일 안산 창말체육관 10~14시 -게스트 구인
  저장 후보: 2026-08-16 19:30 [서울] [중랑구]8/16 일요일 저녁 7:30~10:00 중랑실내체육관에서 게스트 구합니다!
  저장 후보: 2026-08-17 00:00 [8월 17일 월요일 오전9시30분 12시 도봉구청체육관 게스트 모십니다]
page.waitForTimeout: Target page, context or browser has been closed
[2026-08-13T12:41:48.864Z] 자동 카페 수집 종료: 실패 1

[2026-08-13T13:00:34.807Z] 자동 카페 수집 시작: default
로그인 세션 브라우저가 이미 열려 있어 자동 수집을 건너뜁니다.
자동 수집은 기존 창을 건드리지 않고 다음 주기에 다시 시도합니다.
잠금 정보: SingletonLock 있음
[2026-08-13T13:00:35.669Z] 자동 카페 수집 종료: 성공

[2026-08-13T13:15:15.355Z] 자동 카페 수집 시작: default
로그인 세션 브라우저가 이미 열려 있어 자동 수집을 건너뜁니다.
자동 수집은 기존 창을 건드리지 않고 다음 주기에 다시 시도합니다.
잠금 정보: SingletonLock 있음
[2026-08-13T13:15:15.830Z] 자동 카페 수집 종료: 성공

[2026-08-13T13:31:35.091Z] 자동 카페 수집 시작: default
로그인 세션 브라우저가 이미 열려 있어 자동 수집을 건너뜁니다.
자동 수집은 기존 창을 건드리지 않고 다음 주기에 다시 시도합니다.
잠금 정보: SingletonLock 있음
[2026-08-13T13:31:35.627Z] 자동 카페 수집 종료: 성공

[2026-08-13T13:48:33.090Z] 자동 카페 수집 시작: default
로그인 세션 브라우저가 이미 열려 있어 자동 수집을 건너뜁니다.
자동 수집은 기존 창을 건드리지 않고 다음 주기에 다시 시도합니다.
잠금 정보: SingletonLock 있음
[2026-08-13T13:48:33.606Z] 자동 카페 수집 종료: 성공

[2026-08-13T14:00:18.827Z] 자동 카페 수집 시작: default
로그인 세션 브라우저가 이미 열려 있어 자동 수집을 건너뜁니다.
자동 수집은 기존 창을 건드리지 않고 다음 주기에 다시 시도합니다.
잠금 정보: SingletonLock 있음
[2026-08-13T14:00:19.525Z] 자동 카페 수집 종료: 성공

[2026-08-13T14:05:55.341Z] 자동 카페 수집 시작: default
로그인 세션 브라우저가 이미 열려 있어 자동 수집을 건너뜁니다.
자동 수집은 기존 창을 건드리지 않고 다음 주기에 다시 시도합니다.
잠금 정보: SingletonLock 있음
[2026-08-13T14:05:56.276Z] 자동 카페 수집 종료: 성공

[2026-08-13T14:26:53.695Z] 자동 카페 수집 시작: default
로그인 세션 브라우저가 이미 열려 있어 자동 수집을 건너뜁니다.
자동 수집은 기존 창을 건드리지 않고 다음 주기에 다시 시도합니다.
잠금 정보: SingletonLock 있음
[2026-08-13T14:26:54.329Z] 자동 카페 수집 종료: 성공

[2026-08-13T14:44:16.310Z] 자동 카페 수집 시작: default
로그인 세션 브라우저가 이미 열려 있어 자동 수집을 건너뜁니다.
자동 수집은 기존 창을 건드리지 않고 다음 주기에 다시 시도합니다.
잠금 정보: SingletonLock 있음
[2026-08-13T14:44:16.726Z] 자동 카페 수집 종료: 성공

[2026-08-13T14:59:46.599Z] 자동 카페 수집 시작: default
로그인 세션 브라우저가 이미 열려 있어 자동 수집을 건너뜁니다.
자동 수집은 기존 창을 건드리지 않고 다음 주기에 다시 시도합니다.
잠금 정보: SingletonLock 있음
[2026-08-13T14:59:46.992Z] 자동 카페 수집 종료: 성공

[2026-08-13T15:16:12.359Z] 자동 카페 수집 시작: default
로그인 세션 브라우저가 이미 열려 있어 자동 수집을 건너뜁니다.
자동 수집은 기존 창을 건드리지 않고 다음 주기에 다시 시도합니다.
잠금 정보: SingletonLock 있음
[2026-08-13T15:16:12.698Z] 자동 카페 수집 종료: 성공

[2026-08-13T15:49:47.673Z] 자동 카페 수집 시작: default
로그인 세션 브라우저가 이미 열려 있어 자동 수집을 건너뜁니다.
자동 수집은 기존 창을 건드리지 않고 다음 주기에 다시 시도합니다.
잠금 정보: SingletonLock 있음
[2026-08-13T15:49:47.982Z] 자동 카페 수집 종료: 성공

[2026-08-13T16:06:43.395Z] 자동 카페 수집 시작: default
로그인 세션 브라우저가 이미 열려 있어 자동 수집을 건너뜁니다.
자동 수집은 기존 창을 건드리지 않고 다음 주기에 다시 시도합니다.
잠금 정보: SingletonLock 있음
[2026-08-13T16:06:43.755Z] 자동 카페 수집 종료: 성공

[2026-08-13T16:44:46.020Z] 자동 카페 수집 시작: default
로그인 세션 브라우저가 이미 열려 있어 자동 수집을 건너뜁니다.
자동 수집은 기존 창을 건드리지 않고 다음 주기에 다시 시도합니다.
잠금 정보: SingletonLock 있음
[2026-08-13T16:44:46.399Z] 자동 카페 수집 종료: 성공

[2026-08-13T17:02:22.753Z] 자동 카페 수집 시작: default
로그인 세션 브라우저가 이미 열려 있어 자동 수집을 건너뜁니다.
자동 수집은 기존 창을 건드리지 않고 다음 주기에 다시 시도합니다.
잠금 정보: SingletonLock 있음
[2026-08-13T17:02:23.097Z] 자동 카페 수집 종료: 성공

[2026-08-13T17:17:21.726Z] 자동 카페 수집 시작: default
로그인 세션 브라우저가 이미 열려 있어 자동 수집을 건너뜁니다.
자동 수집은 기존 창을 건드리지 않고 다음 주기에 다시 시도합니다.
잠금 정보: SingletonLock 있음
[2026-08-13T17:17:22.047Z] 자동 카페 수집 종료: 성공

[2026-08-13T17:32:53.383Z] 자동 카페 수집 시작: default
로그인 세션 브라우저가 이미 열려 있어 자동 수집을 건너뜁니다.
자동 수집은 기존 창을 건드리지 않고 다음 주기에 다시 시도합니다.
잠금 정보: SingletonLock 있음
[2026-08-13T17:32:53.693Z] 자동 카페 수집 종료: 성공

[2026-08-13T17:48:36.566Z] 자동 카페 수집 시작: default
로그인 세션 브라우저가 이미 열려 있어 자동 수집을 건너뜁니다.
자동 수집은 기존 창을 건드리지 않고 다음 주기에 다시 시도합니다.
잠금 정보: SingletonLock 있음
[2026-08-13T17:48:36.893Z] 자동 카페 수집 종료: 성공

[2026-08-13T18:22:51.958Z] 자동 카페 수집 시작: default
로그인 세션 브라우저가 이미 열려 있어 자동 수집을 건너뜁니다.
자동 수집은 기존 창을 건드리지 않고 다음 주기에 다시 시도합니다.
잠금 정보: SingletonLock 있음
[2026-08-13T18:22:52.303Z] 자동 카페 수집 종료: 성공

[2026-08-13T18:38:37.710Z] 자동 카페 수집 시작: default
로그인 세션 브라우저가 이미 열려 있어 자동 수집을 건너뜁니다.
자동 수집은 기존 창을 건드리지 않고 다음 주기에 다시 시도합니다.
잠금 정보: SingletonLock 있음
[2026-08-13T18:38:38.022Z] 자동 카페 수집 종료: 성공

[2026-08-13T19:11:48.833Z] 자동 카페 수집 시작: default
로그인 세션 브라우저가 이미 열려 있어 자동 수집을 건너뜁니다.
자동 수집은 기존 창을 건드리지 않고 다음 주기에 다시 시도합니다.
잠금 정보: SingletonLock 있음
[2026-08-13T19:11:49.357Z] 자동 카페 수집 종료: 성공

[2026-08-13T19:28:45.580Z] 자동 카페 수집 시작: default
로그인 세션 브라우저가 이미 열려 있어 자동 수집을 건너뜁니다.
자동 수집은 기존 창을 건드리지 않고 다음 주기에 다시 시도합니다.
잠금 정보: SingletonLock 있음
[2026-08-13T19:28:45.913Z] 자동 카페 수집 종료: 성공

[2026-08-13T19:43:52.448Z] 자동 카페 수집 시작: default
로그인 세션 브라우저가 이미 열려 있어 자동 수집을 건너뜁니다.
자동 수집은 기존 창을 건드리지 않고 다음 주기에 다시 시도합니다.
잠금 정보: SingletonLock 있음
[2026-08-13T19:43:52.761Z] 자동 카페 수집 종료: 성공

[2026-08-13T20:01:15.349Z] 자동 카페 수집 시작: default
로그인 세션 브라우저가 이미 열려 있어 자동 수집을 건너뜁니다.
자동 수집은 기존 창을 건드리지 않고 다음 주기에 다시 시도합니다.
잠금 정보: SingletonLock 있음
[2026-08-13T20:01:15.823Z] 자동 카페 수집 종료: 성공

[2026-08-13T20:24:54.114Z] 자동 카페 수집 시작: default
로그인 세션 브라우저가 이미 열려 있어 자동 수집을 건너뜁니다.
자동 수집은 기존 창을 건드리지 않고 다음 주기에 다시 시도합니다.
잠금 정보: SingletonLock 있음
[2026-08-13T20:24:54.416Z] 자동 카페 수집 종료: 성공

[2026-08-13T20:42:22.482Z] 자동 카페 수집 시작: default
로그인 세션 브라우저가 이미 열려 있어 자동 수집을 건너뜁니다.
자동 수집은 기존 창을 건드리지 않고 다음 주기에 다시 시도합니다.
잠금 정보: SingletonLock 있음
[2026-08-13T20:42:22.794Z] 자동 카페 수집 종료: 성공

[2026-08-13T21:17:33.773Z] 자동 카페 수집 시작: default
로그인 세션 브라우저가 이미 열려 있어 자동 수집을 건너뜁니다.
자동 수집은 기존 창을 건드리지 않고 다음 주기에 다시 시도합니다.
잠금 정보: SingletonLock 있음
[2026-08-13T21:17:34.124Z] 자동 카페 수집 종료: 성공

[2026-08-13T21:34:27.499Z] 자동 카페 수집 시작: default
로그인 세션 브라우저가 이미 열려 있어 자동 수집을 건너뜁니다.
자동 수집은 기존 창을 건드리지 않고 다음 주기에 다시 시도합니다.
잠금 정보: SingletonLock 있음
[2026-08-13T21:34:27.979Z] 자동 카페 수집 종료: 성공

[2026-08-13T22:00:12.962Z] 자동 카페 수집 시작: default
로그인 세션 브라우저가 이미 열려 있어 자동 수집을 건너뜁니다.
자동 수집은 기존 창을 건드리지 않고 다음 주기에 다시 시도합니다.
잠금 정보: SingletonLock 있음
[2026-08-13T22:00:13.805Z] 자동 카페 수집 종료: 성공

[2026-08-13T22:38:36.116Z] 자동 카페 수집 시작: default
로그인 세션 브라우저가 이미 열려 있어 자동 수집을 건너뜁니다.
자동 수집은 기존 창을 건드리지 않고 다음 주기에 다시 시도합니다.
잠금 정보: SingletonLock 있음
[2026-08-13T22:38:36.597Z] 자동 카페 수집 종료: 성공

[2026-08-13T22:53:57.477Z] 자동 카페 수집 시작: default
로그인 세션 브라우저가 이미 열려 있어 자동 수집을 건너뜁니다.
자동 수집은 기존 창을 건드리지 않고 다음 주기에 다시 시도합니다.
잠금 정보: SingletonLock 있음
[2026-08-13T22:53:57.783Z] 자동 카페 수집 종료: 성공

[2026-08-13T23:05:42.045Z] 자동 카페 수집 시작: default
로그인 세션 브라우저가 이미 열려 있어 자동 수집을 건너뜁니다.
자동 수집은 기존 창을 건드리지 않고 다음 주기에 다시 시도합니다.
잠금 정보: SingletonLock 있음
[2026-08-13T23:05:42.370Z] 자동 카페 수집 종료: 성공

[2026-08-13T23:23:12.355Z] 자동 카페 수집 시작: default
로그인 세션 브라우저가 이미 열려 있어 자동 수집을 건너뜁니다.
자동 수집은 기존 창을 건드리지 않고 다음 주기에 다시 시도합니다.
잠금 정보: SingletonLock 있음
[2026-08-13T23:23:12.660Z] 자동 카페 수집 종료: 성공

[2026-08-13T23:54:10.680Z] 자동 카페 수집 시작: default
로그인 세션 브라우저가 이미 열려 있어 자동 수집을 건너뜁니다.
자동 수집은 기존 창을 건드리지 않고 다음 주기에 다시 시도합니다.
잠금 정보: SingletonLock 있음
[2026-08-13T23:54:10.991Z] 자동 카페 수집 종료: 성공

[2026-08-14T00:06:42.450Z] 자동 카페 수집 시작: default
로그인 세션 브라우저가 이미 열려 있어 자동 수집을 건너뜁니다.
자동 수집은 기존 창을 건드리지 않고 다음 주기에 다시 시도합니다.
잠금 정보: SingletonLock 있음
[2026-08-14T00:06:42.766Z] 자동 카페 수집 종료: 성공

[2026-08-14T00:22:32.424Z] 자동 카페 수집 시작: default
로그인 세션 브라우저가 이미 열려 있어 자동 수집을 건너뜁니다.
자동 수집은 기존 창을 건드리지 않고 다음 주기에 다시 시도합니다.
잠금 정보: SingletonLock 있음
[2026-08-14T00:22:32.744Z] 자동 카페 수집 종료: 성공

[2026-08-14T00:56:37.216Z] 자동 카페 수집 시작: default
로그인 세션 브라우저가 이미 열려 있어 자동 수집을 건너뜁니다.
자동 수집은 기존 창을 건드리지 않고 다음 주기에 다시 시도합니다.
잠금 정보: SingletonLock 있음
[2026-08-14T00:56:37.576Z] 자동 카페 수집 종료: 성공

[2026-08-14T01:07:38.546Z] 자동 카페 수집 시작: default
로그인 세션 브라우저가 이미 열려 있어 자동 수집을 건너뜁니다.
자동 수집은 기존 창을 건드리지 않고 다음 주기에 다시 시도합니다.
잠금 정보: SingletonLock 있음
[2026-08-14T01:07:38.871Z] 자동 카페 수집 종료: 성공

[2026-08-14T01:23:43.939Z] 자동 카페 수집 시작: default
로그인 세션 브라우저가 이미 열려 있어 자동 수집을 건너뜁니다.
자동 수집은 기존 창을 건드리지 않고 다음 주기에 다시 시도합니다.
잠금 정보: SingletonLock 있음
[2026-08-14T01:23:44.260Z] 자동 카페 수집 종료: 성공

[2026-08-14T01:38:51.691Z] 자동 카페 수집 시작: default
로그인 세션 브라우저가 이미 열려 있어 자동 수집을 건너뜁니다.
자동 수집은 기존 창을 건드리지 않고 다음 주기에 다시 시도합니다.
잠금 정보: SingletonLock 있음
[2026-08-14T01:38:52.006Z] 자동 카페 수집 종료: 성공

[2026-08-14T02:08:40.026Z] 자동 카페 수집 시작: default
로그인 세션 브라우저가 이미 열려 있어 자동 수집을 건너뜁니다.
자동 수집은 기존 창을 건드리지 않고 다음 주기에 다시 시도합니다.
잠금 정보: SingletonLock 있음
[2026-08-14T02:08:40.352Z] 자동 카페 수집 종료: 성공

[2026-08-14T02:26:21.219Z] 자동 카페 수집 시작: default
로그인 세션 브라우저가 이미 열려 있어 자동 수집을 건너뜁니다.
자동 수집은 기존 창을 건드리지 않고 다음 주기에 다시 시도합니다.
잠금 정보: SingletonLock 있음
[2026-08-14T02:26:21.647Z] 자동 카페 수집 종료: 성공

[2026-08-14T02:42:49.961Z] 자동 카페 수집 시작: default
로그인 세션 브라우저가 이미 열려 있어 자동 수집을 건너뜁니다.
자동 수집은 기존 창을 건드리지 않고 다음 주기에 다시 시도합니다.
잠금 정보: SingletonLock 있음
[2026-08-14T02:42:50.277Z] 자동 카페 수집 종료: 성공

[2026-08-14T02:47:50.279Z] 자동 카페 수집 시작: default
로그인 세션 브라우저가 이미 열려 있어 자동 수집을 건너뜁니다.
자동 수집은 기존 창을 건드리지 않고 다음 주기에 다시 시도합니다.
잠금 정보: SingletonLock 있음
[2026-08-14T02:47:50.664Z] 자동 카페 수집 종료: 성공

[2026-08-14T03:07:01.317Z] 자동 카페 수집 시작: default
로그인 세션 브라우저가 이미 열려 있어 자동 수집을 건너뜁니다.
자동 수집은 기존 창을 건드리지 않고 다음 주기에 다시 시도합니다.
잠금 정보: SingletonLock 있음
[2026-08-14T03:07:01.879Z] 자동 카페 수집 종료: 성공

[2026-08-14T03:24:35.815Z] 자동 카페 수집 시작: default
로그인 세션 브라우저가 이미 열려 있어 자동 수집을 건너뜁니다.
자동 수집은 기존 창을 건드리지 않고 다음 주기에 다시 시도합니다.
잠금 정보: SingletonLock 있음
[2026-08-14T03:24:36.604Z] 자동 카페 수집 종료: 성공

[2026-08-14T03:29:36.646Z] 자동 카페 수집 시작: default
로그인 세션 브라우저가 이미 열려 있어 자동 수집을 건너뜁니다.
자동 수집은 기존 창을 건드리지 않고 다음 주기에 다시 시도합니다.
잠금 정보: SingletonLock 있음
[2026-08-14T03:29:37.151Z] 자동 카페 수집 종료: 성공

[2026-08-14T03:45:55.005Z] 자동 카페 수집 시작: default
로그인 세션 브라우저가 이미 열려 있어 자동 수집을 건너뜁니다.
자동 수집은 기존 창을 건드리지 않고 다음 주기에 다시 시도합니다.
잠금 정보: SingletonLock 있음
[2026-08-14T03:45:55.536Z] 자동 카페 수집 종료: 성공

[2026-08-14T04:05:29.185Z] 자동 카페 수집 시작: default
로그인 세션 브라우저가 이미 열려 있어 자동 수집을 건너뜁니다.
자동 수집은 기존 창을 건드리지 않고 다음 주기에 다시 시도합니다.
잠금 정보: SingletonLock 있음
[2026-08-14T04:05:29.688Z] 자동 카페 수집 종료: 성공

[2026-08-14T04:10:29.644Z] 자동 카페 수집 시작: default
로그인 세션 브라우저가 이미 열려 있어 자동 수집을 건너뜁니다.
자동 수집은 기존 창을 건드리지 않고 다음 주기에 다시 시도합니다.
잠금 정보: SingletonLock 있음
[2026-08-14T04:10:30.157Z] 자동 카페 수집 종료: 성공

[2026-08-14T04:15:30.146Z] 자동 카페 수집 시작: default
로그인 세션 브라우저가 이미 열려 있어 자동 수집을 건너뜁니다.
자동 수집은 기존 창을 건드리지 않고 다음 주기에 다시 시도합니다.
잠금 정보: SingletonLock 있음
[2026-08-14T04:15:30.468Z] 자동 카페 수집 종료: 성공

[2026-08-14T04:20:30.455Z] 자동 카페 수집 시작: default
로그인 세션 브라우저가 이미 열려 있어 자동 수집을 건너뜁니다.
자동 수집은 기존 창을 건드리지 않고 다음 주기에 다시 시도합니다.
잠금 정보: SingletonLock 있음
[2026-08-14T04:20:30.789Z] 자동 카페 수집 종료: 성공

[2026-08-14T04:25:30.777Z] 자동 카페 수집 시작: default
로그인 세션 브라우저가 이미 열려 있어 자동 수집을 건너뜁니다.
자동 수집은 기존 창을 건드리지 않고 다음 주기에 다시 시도합니다.
잠금 정보: SingletonLock 있음
[2026-08-14T04:25:31.110Z] 자동 카페 수집 종료: 성공

[2026-08-14T04:33:58.095Z] 자동 카페 수집 시작: default
로그인 세션 브라우저가 이미 열려 있어 자동 수집을 건너뜁니다.
자동 수집은 기존 창을 건드리지 않고 다음 주기에 다시 시도합니다.
잠금 정보: SingletonLock 있음
[2026-08-14T04:34:10.605Z] 자동 카페 수집 종료: 성공

[2026-08-14T04:51:43.050Z] 자동 카페 수집 시작: default
로그인 세션 브라우저가 이미 열려 있어 자동 수집을 건너뜁니다.
자동 수집은 기존 창을 건드리지 않고 다음 주기에 다시 시도합니다.
잠금 정보: SingletonLock 있음
[2026-08-14T04:51:43.601Z] 자동 카페 수집 종료: 성공

[2026-08-14T05:25:06.699Z] 자동 카페 수집 시작: default
로그인 세션 브라우저가 이미 열려 있어 자동 수집을 건너뜁니다.
자동 수집은 기존 창을 건드리지 않고 다음 주기에 다시 시도합니다.
잠금 정보: SingletonLock 있음
[2026-08-14T05:25:07.020Z] 자동 카페 수집 종료: 성공

[2026-08-14T05:43:02.377Z] 자동 카페 수집 시작: default
로그인 세션 브라우저가 이미 열려 있어 자동 수집을 건너뜁니다.
자동 수집은 기존 창을 건드리지 않고 다음 주기에 다시 시도합니다.
잠금 정보: SingletonLock 있음
[2026-08-14T05:43:02.699Z] 자동 카페 수집 종료: 성공

[2026-08-14T05:52:49.135Z] 자동 카페 수집 시작: default
로그인 세션 브라우저가 이미 열려 있어 자동 수집을 건너뜁니다.
자동 수집은 기존 창을 건드리지 않고 다음 주기에 다시 시도합니다.
잠금 정보: SingletonLock 있음
[2026-08-14T06:08:40.623Z] 수집 시간이 285초를 넘어 종료했습니다.
[2026-08-14T06:08:40.625Z] 자동 카페 수집 종료: 실패 null

[2026-08-14T06:25:43.287Z] 자동 카페 수집 시작: default
로그인 세션 브라우저가 이미 열려 있어 자동 수집을 건너뜁니다.
자동 수집은 기존 창을 건드리지 않고 다음 주기에 다시 시도합니다.
잠금 정보: SingletonLock 있음
[2026-08-14T06:25:43.655Z] 자동 카페 수집 종료: 성공

[2026-08-14T06:53:41.660Z] 자동 카페 수집 시작: default
로그인 세션 브라우저가 이미 열려 있어 자동 수집을 건너뜁니다.
자동 수집은 기존 창을 건드리지 않고 다음 주기에 다시 시도합니다.
잠금 정보: SingletonLock 있음
[2026-08-14T06:53:42.207Z] 자동 카페 수집 종료: 성공

[2026-08-14T07:11:39.876Z] 자동 카페 수집 시작: default
로그인 세션 브라우저가 이미 열려 있어 자동 수집을 건너뜁니다.
자동 수집은 기존 창을 건드리지 않고 다음 주기에 다시 시도합니다.
잠금 정보: SingletonLock 있음
[2026-08-14T07:11:40.218Z] 자동 카페 수집 종료: 성공

[2026-08-14T07:28:31.607Z] 자동 카페 수집 시작: default
로그인 세션 브라우저가 이미 열려 있어 자동 수집을 건너뜁니다.
자동 수집은 기존 창을 건드리지 않고 다음 주기에 다시 시도합니다.
잠금 정보: SingletonLock 있음
[2026-08-14T07:28:31.928Z] 자동 카페 수집 종료: 성공

[2026-08-14T07:54:41.868Z] 자동 카페 수집 시작: default
로그인 세션 브라우저가 이미 열려 있어 자동 수집을 건너뜁니다.
자동 수집은 기존 창을 건드리지 않고 다음 주기에 다시 시도합니다.
잠금 정보: SingletonLock 있음
[2026-08-14T07:54:42.191Z] 자동 카페 수집 종료: 성공

[2026-08-14T08:12:15.321Z] 자동 카페 수집 시작: default
로그인 세션 브라우저가 이미 열려 있어 자동 수집을 건너뜁니다.
자동 수집은 기존 창을 건드리지 않고 다음 주기에 다시 시도합니다.
잠금 정보: SingletonLock 있음
[2026-08-14T08:12:15.709Z] 자동 카페 수집 종료: 성공

[2026-08-14T08:27:37.082Z] 자동 카페 수집 시작: default
로그인 세션 브라우저가 이미 열려 있어 자동 수집을 건너뜁니다.
자동 수집은 기존 창을 건드리지 않고 다음 주기에 다시 시도합니다.
잠금 정보: SingletonLock 있음
[2026-08-14T08:27:37.405Z] 자동 카페 수집 종료: 성공

[2026-08-14T08:55:42.853Z] 자동 카페 수집 시작: default
로그인 세션 브라우저가 이미 열려 있어 자동 수집을 건너뜁니다.
자동 수집은 기존 창을 건드리지 않고 다음 주기에 다시 시도합니다.
잠금 정보: SingletonLock 있음
[2026-08-14T08:55:43.334Z] 자동 카페 수집 종료: 성공

[2026-08-14T09:11:20.043Z] 자동 카페 수집 시작: default
로그인 세션 브라우저가 이미 열려 있어 자동 수집을 건너뜁니다.
자동 수집은 기존 창을 건드리지 않고 다음 주기에 다시 시도합니다.
잠금 정보: SingletonLock 있음
[2026-08-14T09:11:21.012Z] 자동 카페 수집 종료: 성공

[2026-08-14T09:27:35.758Z] 자동 카페 수집 시작: default
로그인 세션 브라우저가 이미 열려 있어 자동 수집을 건너뜁니다.
자동 수집은 기존 창을 건드리지 않고 다음 주기에 다시 시도합니다.
잠금 정보: SingletonLock 있음
[2026-08-14T09:27:37.252Z] 자동 카페 수집 종료: 성공

[2026-08-14T09:42:49.420Z] 자동 카페 수집 시작: default
로그인 세션 브라우저가 이미 열려 있어 자동 수집을 건너뜁니다.
자동 수집은 기존 창을 건드리지 않고 다음 주기에 다시 시도합니다.
잠금 정보: SingletonLock 있음
[2026-08-14T09:42:50.399Z] 자동 카페 수집 종료: 성공

[2026-08-14T09:56:48.221Z] 자동 카페 수집 시작: default
로그인 세션 브라우저가 이미 열려 있어 자동 수집을 건너뜁니다.
자동 수집은 기존 창을 건드리지 않고 다음 주기에 다시 시도합니다.
잠금 정보: SingletonLock 있음
[2026-08-14T09:56:48.811Z] 자동 카페 수집 종료: 성공

[2026-08-14T10:13:26.423Z] 자동 카페 수집 시작: default
로그인 세션 브라우저가 이미 열려 있어 자동 수집을 건너뜁니다.
자동 수집은 기존 창을 건드리지 않고 다음 주기에 다시 시도합니다.
잠금 정보: SingletonLock 있음
[2026-08-14T10:13:26.747Z] 자동 카페 수집 종료: 성공

[2026-08-14T10:46:32.892Z] 자동 카페 수집 시작: default
로그인 세션 브라우저가 이미 열려 있어 자동 수집을 건너뜁니다.
자동 수집은 기존 창을 건드리지 않고 다음 주기에 다시 시도합니다.
잠금 정보: SingletonLock 있음
[2026-08-14T10:46:33.230Z] 자동 카페 수집 종료: 성공

[2026-08-14T10:57:47.649Z] 자동 카페 수집 시작: default
로그인 세션 브라우저가 이미 열려 있어 자동 수집을 건너뜁니다.
자동 수집은 기존 창을 건드리지 않고 다음 주기에 다시 시도합니다.
잠금 정보: SingletonLock 있음
[2026-08-14T10:57:47.973Z] 자동 카페 수집 종료: 성공

[2026-08-14T11:15:14.015Z] 자동 카페 수집 시작: default
로그인 세션 브라우저가 이미 열려 있어 자동 수집을 건너뜁니다.
자동 수집은 기존 창을 건드리지 않고 다음 주기에 다시 시도합니다.
잠금 정보: SingletonLock 있음
[2026-08-14T11:32:24.037Z] 수집 시간이 285초를 넘어 종료했습니다.
[2026-08-14T11:32:24.040Z] 자동 카페 수집 종료: 실패 null

[2026-08-14T11:47:37.814Z] 자동 카페 수집 시작: default
로그인 세션 브라우저가 이미 열려 있어 자동 수집을 건너뜁니다.
자동 수집은 기존 창을 건드리지 않고 다음 주기에 다시 시도합니다.
잠금 정보: SingletonLock 있음
[2026-08-14T11:47:38.121Z] 자동 카페 수집 종료: 성공

[2026-08-14T11:58:46.283Z] 자동 카페 수집 시작: default
로그인 세션 브라우저가 이미 열려 있어 자동 수집을 건너뜁니다.
자동 수집은 기존 창을 건드리지 않고 다음 주기에 다시 시도합니다.
잠금 정보: SingletonLock 있음
[2026-08-14T11:58:46.585Z] 자동 카페 수집 종료: 성공

[2026-08-14T12:14:32.624Z] 자동 카페 수집 시작: default
로그인 세션 브라우저가 이미 열려 있어 자동 수집을 건너뜁니다.
자동 수집은 기존 창을 건드리지 않고 다음 주기에 다시 시도합니다.
잠금 정보: SingletonLock 있음
[2026-08-14T12:14:32.957Z] 자동 카페 수집 종료: 성공

[2026-08-14T12:32:09.511Z] 자동 카페 수집 시작: default
로그인 세션 브라우저가 이미 열려 있어 자동 수집을 건너뜁니다.
자동 수집은 기존 창을 건드리지 않고 다음 주기에 다시 시도합니다.
잠금 정보: SingletonLock 있음
[2026-08-14T12:32:09.848Z] 자동 카페 수집 종료: 성공

[2026-08-14T12:50:53.830Z] 자동 카페 수집 시작: default
로그인 세션 브라우저가 이미 열려 있어 자동 수집을 건너뜁니다.
자동 수집은 기존 창을 건드리지 않고 다음 주기에 다시 시도합니다.
잠금 정보: SingletonLock 있음
[2026-08-14T12:50:54.166Z] 자동 카페 수집 종료: 성공

[2026-08-14T12:59:47.131Z] 자동 카페 수집 시작: default
로그인 세션 브라우저가 이미 열려 있어 자동 수집을 건너뜁니다.
자동 수집은 기존 창을 건드리지 않고 다음 주기에 다시 시도합니다.
잠금 정보: SingletonLock 있음
[2026-08-14T12:59:47.444Z] 자동 카페 수집 종료: 성공

[2026-08-14T13:16:34.318Z] 자동 카페 수집 시작: default
로그인 세션 브라우저가 이미 열려 있어 자동 수집을 건너뜁니다.
자동 수집은 기존 창을 건드리지 않고 다음 주기에 다시 시도합니다.
잠금 정보: SingletonLock 있음
[2026-08-14T13:16:34.631Z] 자동 카페 수집 종료: 성공

[2026-08-14T13:35:48.807Z] 자동 카페 수집 시작: default
로그인 세션 브라우저가 이미 열려 있어 자동 수집을 건너뜁니다.
자동 수집은 기존 창을 건드리지 않고 다음 주기에 다시 시도합니다.
잠금 정보: SingletonLock 있음
[2026-08-14T13:35:49.122Z] 자동 카페 수집 종료: 성공

[2026-08-14T14:00:06.686Z] 자동 카페 수집 시작: default
로그인 세션 브라우저가 이미 열려 있어 자동 수집을 건너뜁니다.
자동 수집은 기존 창을 건드리지 않고 다음 주기에 다시 시도합니다.
잠금 정보: SingletonLock 있음
[2026-08-14T14:00:07.000Z] 자동 카페 수집 종료: 성공

[2026-08-14T14:16:46.203Z] 자동 카페 수집 시작: default
로그인 세션 브라우저가 이미 열려 있어 자동 수집을 건너뜁니다.
자동 수집은 기존 창을 건드리지 않고 다음 주기에 다시 시도합니다.
잠금 정보: SingletonLock 있음
[2026-08-14T14:16:46.517Z] 자동 카페 수집 종료: 성공

[2026-08-14T14:32:34.770Z] 자동 카페 수집 시작: default
로그인 세션 브라우저가 이미 열려 있어 자동 수집을 건너뜁니다.
자동 수집은 기존 창을 건드리지 않고 다음 주기에 다시 시도합니다.
잠금 정보: SingletonLock 있음
[2026-08-14T14:32:35.083Z] 자동 카페 수집 종료: 성공

[2026-08-14T15:01:07.090Z] 자동 카페 수집 시작: default
로그인 세션 브라우저가 이미 열려 있어 자동 수집을 건너뜁니다.
자동 수집은 기존 창을 건드리지 않고 다음 주기에 다시 시도합니다.
잠금 정보: SingletonLock 있음
[2026-08-14T15:01:08.086Z] 자동 카페 수집 종료: 성공

[2026-08-14T15:17:39.620Z] 자동 카페 수집 시작: default
로그인 세션 브라우저가 이미 열려 있어 자동 수집을 건너뜁니다.
자동 수집은 기존 창을 건드리지 않고 다음 주기에 다시 시도합니다.
잠금 정보: SingletonLock 있음
[2026-08-14T15:17:40.073Z] 자동 카페 수집 종료: 성공

[2026-08-14T15:33:12.208Z] 자동 카페 수집 시작: default
로그인 세션 브라우저가 이미 열려 있어 자동 수집을 건너뜁니다.
자동 수집은 기존 창을 건드리지 않고 다음 주기에 다시 시도합니다.
잠금 정보: SingletonLock 있음
[2026-08-14T15:33:12.528Z] 자동 카페 수집 종료: 성공

[2026-08-14T16:05:59.558Z] 자동 카페 수집 시작: default
로그인 세션 브라우저가 이미 열려 있어 자동 수집을 건너뜁니다.
자동 수집은 기존 창을 건드리지 않고 다음 주기에 다시 시도합니다.
잠금 정보: SingletonLock 있음
[2026-08-14T16:05:59.952Z] 자동 카페 수집 종료: 성공

[2026-08-14T16:21:42.293Z] 자동 카페 수집 시작: default
로그인 세션 브라우저가 이미 열려 있어 자동 수집을 건너뜁니다.
자동 수집은 기존 창을 건드리지 않고 다음 주기에 다시 시도합니다.
잠금 정보: SingletonLock 있음
[2026-08-14T16:36:39.321Z] 수집 시간이 285초를 넘어 종료했습니다.
[2026-08-14T16:36:39.323Z] 자동 카페 수집 종료: 실패 null

[2026-08-14T16:52:42.893Z] 자동 카페 수집 시작: default
로그인 세션 브라우저가 이미 열려 있어 자동 수집을 건너뜁니다.
자동 수집은 기존 창을 건드리지 않고 다음 주기에 다시 시도합니다.
잠금 정보: SingletonLock 있음
[2026-08-14T16:52:43.210Z] 자동 카페 수집 종료: 성공

[2026-08-14T17:27:58.288Z] 자동 카페 수집 시작: default
로그인 세션 브라우저가 이미 열려 있어 자동 수집을 건너뜁니다.
자동 수집은 기존 창을 건드리지 않고 다음 주기에 다시 시도합니다.
잠금 정보: SingletonLock 있음
[2026-08-14T17:27:58.597Z] 자동 카페 수집 종료: 성공

[2026-08-14T17:45:29.614Z] 자동 카페 수집 시작: default
로그인 세션 브라우저가 이미 열려 있어 자동 수집을 건너뜁니다.
자동 수집은 기존 창을 건드리지 않고 다음 주기에 다시 시도합니다.
잠금 정보: SingletonLock 있음
[2026-08-14T17:45:29.927Z] 자동 카페 수집 종료: 성공

[2026-08-14T18:17:36.386Z] 자동 카페 수집 시작: default
로그인 세션 브라우저가 이미 열려 있어 자동 수집을 건너뜁니다.
자동 수집은 기존 창을 건드리지 않고 다음 주기에 다시 시도합니다.
잠금 정보: SingletonLock 있음
[2026-08-14T18:17:36.711Z] 자동 카페 수집 종료: 성공

[2026-08-14T18:33:09.147Z] 자동 카페 수집 시작: default
로그인 세션 브라우저가 이미 열려 있어 자동 수집을 건너뜁니다.
자동 수집은 기존 창을 건드리지 않고 다음 주기에 다시 시도합니다.
잠금 정보: SingletonLock 있음
[2026-08-14T18:49:46.272Z] 수집 시간이 285초를 넘어 종료했습니다.
[2026-08-14T18:49:46.275Z] 자동 카페 수집 종료: 실패 null

[2026-08-14T19:05:39.003Z] 자동 카페 수집 시작: default
로그인 세션 브라우저가 이미 열려 있어 자동 수집을 건너뜁니다.
자동 수집은 기존 창을 건드리지 않고 다음 주기에 다시 시도합니다.
잠금 정보: SingletonLock 있음
[2026-08-14T19:05:39.325Z] 자동 카페 수집 종료: 성공

[2026-08-14T19:40:59.379Z] 자동 카페 수집 시작: default
로그인 세션 브라우저가 이미 열려 있어 자동 수집을 건너뜁니다.
자동 수집은 기존 창을 건드리지 않고 다음 주기에 다시 시도합니다.
잠금 정보: SingletonLock 있음
[2026-08-14T19:40:59.685Z] 자동 카페 수집 종료: 성공

[2026-08-14T19:57:22.116Z] 자동 카페 수집 시작: default
로그인 세션 브라우저가 이미 열려 있어 자동 수집을 건너뜁니다.
자동 수집은 기존 창을 건드리지 않고 다음 주기에 다시 시도합니다.
잠금 정보: SingletonLock 있음
[2026-08-14T19:57:22.428Z] 자동 카페 수집 종료: 성공

[2026-08-14T20:31:22.372Z] 자동 카페 수집 시작: default
로그인 세션 브라우저가 이미 열려 있어 자동 수집을 건너뜁니다.
자동 수집은 기존 창을 건드리지 않고 다음 주기에 다시 시도합니다.
잠금 정보: SingletonLock 있음
[2026-08-14T20:31:22.685Z] 자동 카페 수집 종료: 성공

[2026-08-14T20:48:50.147Z] 자동 카페 수집 시작: default
로그인 세션 브라우저가 이미 열려 있어 자동 수집을 건너뜁니다.
자동 수집은 기존 창을 건드리지 않고 다음 주기에 다시 시도합니다.
잠금 정보: SingletonLock 있음
[2026-08-14T20:48:50.454Z] 자동 카페 수집 종료: 성공

[2026-08-14T21:03:57.794Z] 자동 카페 수집 시작: default
로그인 세션 브라우저가 이미 열려 있어 자동 수집을 건너뜁니다.
자동 수집은 기존 창을 건드리지 않고 다음 주기에 다시 시도합니다.
잠금 정보: SingletonLock 있음
[2026-08-14T21:03:58.313Z] 자동 카페 수집 종료: 성공

[2026-08-14T21:38:09.749Z] 자동 카페 수집 시작: default
로그인 세션 브라우저가 이미 열려 있어 자동 수집을 건너뜁니다.
자동 수집은 기존 창을 건드리지 않고 다음 주기에 다시 시도합니다.
잠금 정보: SingletonLock 있음
[2026-08-14T21:38:10.088Z] 자동 카페 수집 종료: 성공

[2026-08-14T21:54:49.374Z] 자동 카페 수집 시작: default
로그인 세션 브라우저가 이미 열려 있어 자동 수집을 건너뜁니다.
자동 수집은 기존 창을 건드리지 않고 다음 주기에 다시 시도합니다.
잠금 정보: SingletonLock 있음
[2026-08-14T21:54:49.689Z] 자동 카페 수집 종료: 성공

[2026-08-14T22:00:19.485Z] 자동 카페 수집 시작: default
로그인 세션 브라우저가 이미 열려 있어 자동 수집을 건너뜁니다.
자동 수집은 기존 창을 건드리지 않고 다음 주기에 다시 시도합니다.
잠금 정보: SingletonLock 있음
[2026-08-14T22:00:19.791Z] 자동 카페 수집 종료: 성공

[2026-08-14T22:16:50.569Z] 자동 카페 수집 시작: default
로그인 세션 브라우저가 이미 열려 있어 자동 수집을 건너뜁니다.
자동 수집은 기존 창을 건드리지 않고 다음 주기에 다시 시도합니다.
잠금 정보: SingletonLock 있음
[2026-08-14T22:16:50.897Z] 자동 카페 수집 종료: 성공

[2026-08-14T22:32:28.010Z] 자동 카페 수집 시작: default
로그인 세션 브라우저가 이미 열려 있어 자동 수집을 건너뜁니다.
자동 수집은 기존 창을 건드리지 않고 다음 주기에 다시 시도합니다.
잠금 정보: SingletonLock 있음
[2026-08-14T22:32:28.319Z] 자동 카페 수집 종료: 성공

[2026-08-14T22:47:57.359Z] 자동 카페 수집 시작: default
로그인 세션 브라우저가 이미 열려 있어 자동 수집을 건너뜁니다.
자동 수집은 기존 창을 건드리지 않고 다음 주기에 다시 시도합니다.
잠금 정보: SingletonLock 있음
[2026-08-14T22:47:57.798Z] 자동 카페 수집 종료: 성공

[2026-08-14T23:04:23.402Z] 자동 카페 수집 시작: default
로그인 세션 브라우저가 이미 열려 있어 자동 수집을 건너뜁니다.
자동 수집은 기존 창을 건드리지 않고 다음 주기에 다시 시도합니다.
잠금 정보: SingletonLock 있음
[2026-08-14T23:04:23.890Z] 자동 카페 수집 종료: 성공

[2026-08-14T23:35:54.836Z] 자동 카페 수집 시작: default
로그인 세션 브라우저가 이미 열려 있어 자동 수집을 건너뜁니다.
자동 수집은 기존 창을 건드리지 않고 다음 주기에 다시 시도합니다.
잠금 정보: SingletonLock 있음
[2026-08-14T23:35:55.168Z] 자동 카페 수집 종료: 성공

[2026-08-14T23:52:31.542Z] 자동 카페 수집 시작: default
로그인 세션 브라우저가 이미 열려 있어 자동 수집을 건너뜁니다.
자동 수집은 기존 창을 건드리지 않고 다음 주기에 다시 시도합니다.
잠금 정보: SingletonLock 있음
[2026-08-14T23:52:31.863Z] 자동 카페 수집 종료: 성공

[2026-08-15T00:10:27.377Z] 자동 카페 수집 시작: default
로그인 세션 브라우저가 이미 열려 있어 자동 수집을 건너뜁니다.
자동 수집은 기존 창을 건드리지 않고 다음 주기에 다시 시도합니다.
잠금 정보: SingletonLock 있음
[2026-08-15T00:10:27.709Z] 자동 카페 수집 종료: 성공

[2026-08-15T00:43:10.734Z] 자동 카페 수집 시작: default
로그인 세션 브라우저가 이미 열려 있어 자동 수집을 건너뜁니다.
자동 수집은 기존 창을 건드리지 않고 다음 주기에 다시 시도합니다.
잠금 정보: SingletonLock 있음
[2026-08-15T00:43:11.125Z] 자동 카페 수집 종료: 성공

[2026-08-15T00:49:00.527Z] 자동 카페 수집 시작: default
로그인 세션 브라우저가 이미 열려 있어 자동 수집을 건너뜁니다.
자동 수집은 기존 창을 건드리지 않고 다음 주기에 다시 시도합니다.
잠금 정보: SingletonLock 있음
[2026-08-15T00:49:01.002Z] 자동 카페 수집 종료: 성공

[2026-08-15T01:04:22.772Z] 자동 카페 수집 시작: default
로그인 세션 브라우저가 이미 열려 있어 자동 수집을 건너뜁니다.
자동 수집은 기존 창을 건드리지 않고 다음 주기에 다시 시도합니다.
잠금 정보: SingletonLock 있음
[2026-08-15T01:04:23.092Z] 자동 카페 수집 종료: 성공

[2026-08-15T01:38:04.941Z] 자동 카페 수집 시작: default
로그인 세션 브라우저가 이미 열려 있어 자동 수집을 건너뜁니다.
자동 수집은 기존 창을 건드리지 않고 다음 주기에 다시 시도합니다.
잠금 정보: SingletonLock 있음
[2026-08-15T01:38:05.241Z] 자동 카페 수집 종료: 성공

[2026-08-15T01:50:00.651Z] 자동 카페 수집 시작: default
로그인 세션 브라우저가 이미 열려 있어 자동 수집을 건너뜁니다.
자동 수집은 기존 창을 건드리지 않고 다음 주기에 다시 시도합니다.
잠금 정보: SingletonLock 있음
[2026-08-15T01:50:00.964Z] 자동 카페 수집 종료: 성공

[2026-08-15T02:06:22.961Z] 자동 카페 수집 시작: default
로그인 세션 브라우저가 이미 열려 있어 자동 수집을 건너뜁니다.
자동 수집은 기존 창을 건드리지 않고 다음 주기에 다시 시도합니다.
잠금 정보: SingletonLock 있음
[2026-08-15T02:06:23.272Z] 자동 카페 수집 종료: 성공

[2026-08-15T02:25:52.868Z] 자동 카페 수집 시작: default
로그인 세션 브라우저가 이미 열려 있어 자동 수집을 건너뜁니다.
자동 수집은 기존 창을 건드리지 않고 다음 주기에 다시 시도합니다.
잠금 정보: SingletonLock 있음
[2026-08-15T02:25:53.193Z] 자동 카페 수집 종료: 성공

[2026-08-15T02:47:13.603Z] 자동 카페 수집 시작: default
로그인 세션 브라우저가 이미 열려 있어 자동 수집을 건너뜁니다.
자동 수집은 기존 창을 건드리지 않고 다음 주기에 다시 시도합니다.
잠금 정보: SingletonLock 있음
[2026-08-15T02:47:14.087Z] 자동 카페 수집 종료: 성공

[2026-08-15T03:01:15.728Z] 자동 카페 수집 시작: default
로그인 세션 브라우저가 이미 열려 있어 자동 수집을 건너뜁니다.
자동 수집은 기존 창을 건드리지 않고 다음 주기에 다시 시도합니다.
잠금 정보: SingletonLock 있음
[2026-08-15T03:01:16.043Z] 자동 카페 수집 종료: 성공

[2026-08-15T03:19:14.686Z] 자동 카페 수집 시작: default
로그인 세션 브라우저가 이미 열려 있어 자동 수집을 건너뜁니다.
자동 수집은 기존 창을 건드리지 않고 다음 주기에 다시 시도합니다.
잠금 정보: SingletonLock 있음
[2026-08-15T03:19:15.016Z] 자동 카페 수집 종료: 성공

[2026-08-15T03:51:51.115Z] 자동 카페 수집 시작: default
로그인 세션 브라우저가 이미 열려 있어 자동 수집을 건너뜁니다.
자동 수집은 기존 창을 건드리지 않고 다음 주기에 다시 시도합니다.
잠금 정보: SingletonLock 있음
[2026-08-15T03:51:51.519Z] 자동 카페 수집 종료: 성공

[2026-08-15T04:08:08.535Z] 자동 카페 수집 시작: default
로그인 세션 브라우저가 이미 열려 있어 자동 수집을 건너뜁니다.
자동 수집은 기존 창을 건드리지 않고 다음 주기에 다시 시도합니다.
잠금 정보: SingletonLock 있음
[2026-08-15T04:08:08.854Z] 자동 카페 수집 종료: 성공

[2026-08-15T04:39:06.917Z] 자동 카페 수집 시작: default
로그인 세션 브라우저가 이미 열려 있어 자동 수집을 건너뜁니다.
자동 수집은 기존 창을 건드리지 않고 다음 주기에 다시 시도합니다.
잠금 정보: SingletonLock 있음
[2026-08-15T04:39:07.228Z] 자동 카페 수집 종료: 성공

[2026-08-15T04:52:56.663Z] 자동 카페 수집 시작: default
로그인 세션 브라우저가 이미 열려 있어 자동 수집을 건너뜁니다.
자동 수집은 기존 창을 건드리지 않고 다음 주기에 다시 시도합니다.
잠금 정보: SingletonLock 있음
[2026-08-15T04:52:56.979Z] 자동 카페 수집 종료: 성공

[2026-08-15T05:16:51.551Z] 자동 카페 수집 시작: default
로그인 세션 브라우저가 이미 열려 있어 자동 수집을 건너뜁니다.
자동 수집은 기존 창을 건드리지 않고 다음 주기에 다시 시도합니다.
잠금 정보: SingletonLock 있음
[2026-08-15T05:16:52.005Z] 자동 카페 수집 종료: 성공

[2026-08-15T05:23:47.262Z] 자동 카페 수집 시작: default
로그인 세션 브라우저가 이미 열려 있어 자동 수집을 건너뜁니다.
자동 수집은 기존 창을 건드리지 않고 다음 주기에 다시 시도합니다.
잠금 정보: SingletonLock 있음
[2026-08-15T05:23:48.104Z] 자동 카페 수집 종료: 성공

[2026-08-15T05:28:48.088Z] 자동 카페 수집 시작: default
로그인 세션 브라우저가 이미 열려 있어 자동 수집을 건너뜁니다.
자동 수집은 기존 창을 건드리지 않고 다음 주기에 다시 시도합니다.
잠금 정보: SingletonLock 있음
[2026-08-15T05:28:48.528Z] 자동 카페 수집 종료: 성공

[2026-08-15T05:30:50.037Z] 자동 카페 수집 시작: default
로그인 세션 브라우저가 이미 열려 있어 자동 수집을 건너뜁니다.
자동 수집은 기존 창을 건드리지 않고 다음 주기에 다시 시도합니다.
잠금 정보: SingletonLock 있음
[2026-08-15T05:30:50.376Z] 자동 카페 수집 종료: 성공

[2026-08-15T05:35:50.070Z] 자동 카페 수집 시작: default
로그인 세션 브라우저가 이미 열려 있어 자동 수집을 건너뜁니다.
자동 수집은 기존 창을 건드리지 않고 다음 주기에 다시 시도합니다.
잠금 정보: SingletonLock 있음
[2026-08-15T05:35:50.506Z] 자동 카페 수집 종료: 성공

[2026-08-15T05:40:50.496Z] 자동 카페 수집 시작: default
로그인 세션 브라우저가 이미 열려 있어 자동 수집을 건너뜁니다.
자동 수집은 기존 창을 건드리지 않고 다음 주기에 다시 시도합니다.
잠금 정보: SingletonLock 있음
[2026-08-15T05:40:50.819Z] 자동 카페 수집 종료: 성공

[2026-08-15T06:00:38.570Z] 자동 카페 수집 시작: default
로그인 세션 브라우저가 이미 열려 있어 자동 수집을 건너뜁니다.
자동 수집은 기존 창을 건드리지 않고 다음 주기에 다시 시도합니다.
잠금 정보: SingletonLock 있음
[2026-08-15T06:17:53.959Z] 수집 시간이 285초를 넘어 종료했습니다.
[2026-08-15T06:17:53.967Z] 자동 카페 수집 종료: 실패 null

[2026-08-15T06:35:09.805Z] 자동 카페 수집 시작: default
로그인 세션 브라우저가 이미 열려 있어 자동 수집을 건너뜁니다.
자동 수집은 기존 창을 건드리지 않고 다음 주기에 다시 시도합니다.
잠금 정보: SingletonLock 있음
[2026-08-15T06:35:10.268Z] 자동 카페 수집 종료: 성공

[2026-08-15T06:52:18.462Z] 자동 카페 수집 시작: default
로그인 세션 브라우저가 이미 열려 있어 자동 수집을 건너뜁니다.
자동 수집은 기존 창을 건드리지 않고 다음 주기에 다시 시도합니다.
잠금 정보: SingletonLock 있음
[2026-08-15T06:52:18.777Z] 자동 카페 수집 종료: 성공

[2026-08-15T07:26:11.700Z] 자동 카페 수집 시작: default
로그인 세션 브라우저가 이미 열려 있어 자동 수집을 건너뜁니다.
자동 수집은 기존 창을 건드리지 않고 다음 주기에 다시 시도합니다.
잠금 정보: SingletonLock 있음
[2026-08-15T07:26:12.289Z] 자동 카페 수집 종료: 성공

[2026-08-15T07:45:02.689Z] 자동 카페 수집 시작: default
로그인 세션 브라우저가 이미 열려 있어 자동 수집을 건너뜁니다.
자동 수집은 기존 창을 건드리지 않고 다음 주기에 다시 시도합니다.
잠금 정보: SingletonLock 있음
[2026-08-15T07:45:03.022Z] 자동 카페 수집 종료: 성공

[2026-08-15T08:16:45.027Z] 자동 카페 수집 시작: default
로그인 세션 브라우저가 이미 열려 있어 자동 수집을 건너뜁니다.
자동 수집은 기존 창을 건드리지 않고 다음 주기에 다시 시도합니다.
잠금 정보: SingletonLock 있음
[2026-08-15T08:16:45.355Z] 자동 카페 수집 종료: 성공

[2026-08-15T08:33:41.670Z] 자동 카페 수집 시작: default
로그인 세션 브라우저가 이미 열려 있어 자동 수집을 건너뜁니다.
자동 수집은 기존 창을 건드리지 않고 다음 주기에 다시 시도합니다.
잠금 정보: SingletonLock 있음
[2026-08-15T08:33:41.985Z] 자동 카페 수집 종료: 성공

[2026-08-15T08:46:02.629Z] 자동 카페 수집 시작: default
로그인 세션 브라우저가 이미 열려 있어 자동 수집을 건너뜁니다.
자동 수집은 기존 창을 건드리지 않고 다음 주기에 다시 시도합니다.
잠금 정보: SingletonLock 있음
[2026-08-15T08:46:02.935Z] 자동 카페 수집 종료: 성공

[2026-08-15T09:02:42.359Z] 자동 카페 수집 시작: default
로그인 세션 브라우저가 이미 열려 있어 자동 수집을 건너뜁니다.
자동 수집은 기존 창을 건드리지 않고 다음 주기에 다시 시도합니다.
잠금 정보: SingletonLock 있음
[2026-08-15T09:02:42.669Z] 자동 카페 수집 종료: 성공

[2026-08-15T09:18:05.085Z] 자동 카페 수집 시작: default
로그인 세션 브라우저가 이미 열려 있어 자동 수집을 건너뜁니다.
자동 수집은 기존 창을 건드리지 않고 다음 주기에 다시 시도합니다.
잠금 정보: SingletonLock 있음
[2026-08-15T09:18:05.572Z] 자동 카페 수집 종료: 성공

[2026-08-15T09:47:00.120Z] 자동 카페 수집 시작: default
로그인 세션 브라우저가 이미 열려 있어 자동 수집을 건너뜁니다.
자동 수집은 기존 창을 건드리지 않고 다음 주기에 다시 시도합니다.
잠금 정보: SingletonLock 있음
[2026-08-15T09:47:00.459Z] 자동 카페 수집 종료: 성공

[2026-08-15T09:53:17.739Z] 자동 카페 수집 시작: default
로그인 세션 브라우저가 이미 열려 있어 자동 수집을 건너뜁니다.
자동 수집은 기존 창을 건드리지 않고 다음 주기에 다시 시도합니다.
잠금 정보: SingletonLock 있음
[2026-08-15T09:53:18.068Z] 자동 카페 수집 종료: 성공

[2026-08-15T10:09:25.854Z] 자동 카페 수집 시작: default
로그인 세션 브라우저가 이미 열려 있어 자동 수집을 건너뜁니다.
자동 수집은 기존 창을 건드리지 않고 다음 주기에 다시 시도합니다.
잠금 정보: SingletonLock 있음
[2026-08-15T10:09:26.184Z] 자동 카페 수집 종료: 성공

[2026-08-15T10:20:13.135Z] 자동 카페 수집 시작: default
로그인 세션 브라우저가 이미 열려 있어 자동 수집을 건너뜁니다.
자동 수집은 기존 창을 건드리지 않고 다음 주기에 다시 시도합니다.
잠금 정보: SingletonLock 있음
[2026-08-15T10:20:13.455Z] 자동 카페 수집 종료: 성공

[2026-08-15T10:35:46.142Z] 자동 카페 수집 시작: default
로그인 세션 브라우저가 이미 열려 있어 자동 수집을 건너뜁니다.
자동 수집은 기존 창을 건드리지 않고 다음 주기에 다시 시도합니다.
잠금 정보: SingletonLock 있음
[2026-08-15T10:35:46.475Z] 자동 카페 수집 종료: 성공

[2026-08-15T10:48:03.517Z] 자동 카페 수집 시작: default
로그인 세션 브라우저가 이미 열려 있어 자동 수집을 건너뜁니다.
자동 수집은 기존 창을 건드리지 않고 다음 주기에 다시 시도합니다.
잠금 정보: SingletonLock 있음
[2026-08-15T10:48:03.829Z] 자동 카페 수집 종료: 성공

[2026-08-15T11:03:18.704Z] 자동 카페 수집 시작: default
로그인 세션 브라우저가 이미 열려 있어 자동 수집을 건너뜁니다.
자동 수집은 기존 창을 건드리지 않고 다음 주기에 다시 시도합니다.
잠금 정보: SingletonLock 있음
[2026-08-15T11:03:19.036Z] 자동 카페 수집 종료: 성공

[2026-08-15T11:09:29.735Z] 자동 카페 수집 시작: default
로그인 세션 브라우저가 이미 열려 있어 자동 수집을 건너뜁니다.
자동 수집은 기존 창을 건드리지 않고 다음 주기에 다시 시도합니다.
잠금 정보: SingletonLock 있음
[2026-08-15T11:09:30.106Z] 자동 카페 수집 종료: 성공

[2026-08-15T11:26:21.461Z] 자동 카페 수집 시작: default
로그인 세션 브라우저가 이미 열려 있어 자동 수집을 건너뜁니다.
자동 수집은 기존 창을 건드리지 않고 다음 주기에 다시 시도합니다.
잠금 정보: SingletonLock 있음
[2026-08-15T11:26:21.798Z] 자동 카페 수집 종료: 성공

[2026-08-15T11:42:58.148Z] 자동 카페 수집 시작: default
로그인 세션 브라우저가 이미 열려 있어 자동 수집을 건너뜁니다.
자동 수집은 기존 창을 건드리지 않고 다음 주기에 다시 시도합니다.
잠금 정보: SingletonLock 있음
[2026-08-15T11:42:58.469Z] 자동 카페 수집 종료: 성공

[2026-08-15T11:49:07.846Z] 자동 카페 수집 시작: default
로그인 세션 브라우저가 이미 열려 있어 자동 수집을 건너뜁니다.
자동 수집은 기존 창을 건드리지 않고 다음 주기에 다시 시도합니다.
잠금 정보: SingletonLock 있음
[2026-08-15T11:49:08.157Z] 자동 카페 수집 종료: 성공

[2026-08-15T12:04:41.338Z] 자동 카페 수집 시작: default
로그인 세션 브라우저가 이미 열려 있어 자동 수집을 건너뜁니다.
자동 수집은 기존 창을 건드리지 않고 다음 주기에 다시 시도합니다.
잠금 정보: SingletonLock 있음
[2026-08-15T12:04:41.747Z] 자동 카페 수집 종료: 성공

[2026-08-15T12:20:11.088Z] 자동 카페 수집 시작: default
로그인 세션 브라우저가 이미 열려 있어 자동 수집을 건너뜁니다.
자동 수집은 기존 창을 건드리지 않고 다음 주기에 다시 시도합니다.
잠금 정보: SingletonLock 있음
[2026-08-15T12:20:11.407Z] 자동 카페 수집 종료: 성공

[2026-08-15T12:36:29.825Z] 자동 카페 수집 시작: default
로그인 세션 브라우저가 이미 열려 있어 자동 수집을 건너뜁니다.
자동 수집은 기존 창을 건드리지 않고 다음 주기에 다시 시도합니다.
잠금 정보: SingletonLock 있음
[2026-08-15T12:36:30.145Z] 자동 카페 수집 종료: 성공

[2026-08-15T12:50:01.610Z] 자동 카페 수집 시작: default
로그인 세션 브라우저가 이미 열려 있어 자동 수집을 건너뜁니다.
자동 수집은 기존 창을 건드리지 않고 다음 주기에 다시 시도합니다.
잠금 정보: SingletonLock 있음
[2026-08-15T12:50:02.006Z] 자동 카페 수집 종료: 성공

[2026-08-15T13:06:09.899Z] 자동 카페 수집 시작: default
로그인 세션 브라우저가 이미 열려 있어 자동 수집을 건너뜁니다.
자동 수집은 기존 창을 건드리지 않고 다음 주기에 다시 시도합니다.
잠금 정보: SingletonLock 있음
[2026-08-15T13:06:10.333Z] 자동 카페 수집 종료: 성공

[2026-08-15T13:15:21.505Z] 자동 카페 수집 시작: default
로그인 세션 브라우저가 이미 열려 있어 자동 수집을 건너뜁니다.
자동 수집은 기존 창을 건드리지 않고 다음 주기에 다시 시도합니다.
잠금 정보: SingletonLock 있음
[2026-08-15T13:15:22.018Z] 자동 카페 수집 종료: 성공

[2026-08-15T13:29:58.854Z] 자동 카페 수집 시작: default
로그인 세션 브라우저가 이미 열려 있어 자동 수집을 건너뜁니다.
자동 수집은 기존 창을 건드리지 않고 다음 주기에 다시 시도합니다.
잠금 정보: SingletonLock 있음
[2026-08-15T13:29:59.181Z] 자동 카페 수집 종료: 성공

[2026-08-15T13:47:12.240Z] 자동 카페 수집 시작: default
로그인 세션 브라우저가 이미 열려 있어 자동 수집을 건너뜁니다.
자동 수집은 기존 창을 건드리지 않고 다음 주기에 다시 시도합니다.
잠금 정보: SingletonLock 있음
[2026-08-15T13:47:12.559Z] 자동 카페 수집 종료: 성공

[2026-08-15T14:00:19.532Z] 자동 카페 수집 시작: default
로그인 세션 브라우저가 이미 열려 있어 자동 수집을 건너뜁니다.
자동 수집은 기존 창을 건드리지 않고 다음 주기에 다시 시도합니다.
잠금 정보: SingletonLock 있음
[2026-08-15T14:00:19.973Z] 자동 카페 수집 종료: 성공

[2026-08-15T14:17:09.135Z] 자동 카페 수집 시작: default
로그인 세션 브라우저가 이미 열려 있어 자동 수집을 건너뜁니다.
자동 수집은 기존 창을 건드리지 않고 다음 주기에 다시 시도합니다.
잠금 정보: SingletonLock 있음
[2026-08-15T14:17:09.454Z] 자동 카페 수집 종료: 성공

[2026-08-15T14:49:59.497Z] 자동 카페 수집 시작: default
로그인 세션 브라우저가 이미 열려 있어 자동 수집을 건너뜁니다.
자동 수집은 기존 창을 건드리지 않고 다음 주기에 다시 시도합니다.
잠금 정보: SingletonLock 있음
[2026-08-15T14:49:59.804Z] 자동 카페 수집 종료: 성공

[2026-08-15T15:09:01.020Z] 자동 카페 수집 시작: default
로그인 세션 브라우저가 이미 열려 있어 자동 수집을 건너뜁니다.
자동 수집은 기존 창을 건드리지 않고 다음 주기에 다시 시도합니다.
잠금 정보: SingletonLock 있음
[2026-08-15T15:09:01.475Z] 자동 카페 수집 종료: 성공

[2026-08-15T15:26:43.779Z] 자동 카페 수집 시작: default
로그인 세션 브라우저가 이미 열려 있어 자동 수집을 건너뜁니다.
자동 수집은 기존 창을 건드리지 않고 다음 주기에 다시 시도합니다.
잠금 정보: SingletonLock 있음
[2026-08-15T15:26:44.242Z] 자동 카페 수집 종료: 성공

[2026-08-15T15:53:02.397Z] 자동 카페 수집 시작: default
로그인 세션 브라우저가 이미 열려 있어 자동 수집을 건너뜁니다.
자동 수집은 기존 창을 건드리지 않고 다음 주기에 다시 시도합니다.
잠금 정보: SingletonLock 있음
[2026-08-15T15:53:02.714Z] 자동 카페 수집 종료: 성공

[2026-08-15T16:08:50.410Z] 자동 카페 수집 시작: default
로그인 세션 브라우저가 이미 열려 있어 자동 수집을 건너뜁니다.
자동 수집은 기존 창을 건드리지 않고 다음 주기에 다시 시도합니다.
잠금 정보: SingletonLock 있음
[2026-08-15T16:08:50.730Z] 자동 카페 수집 종료: 성공

[2026-08-15T16:26:46.260Z] 자동 카페 수집 시작: default
로그인 세션 브라우저가 이미 열려 있어 자동 수집을 건너뜁니다.
자동 수집은 기존 창을 건드리지 않고 다음 주기에 다시 시도합니다.
잠금 정보: SingletonLock 있음
[2026-08-15T16:26:46.694Z] 자동 카페 수집 종료: 성공

[2026-08-15T16:42:53.904Z] 자동 카페 수집 시작: default
로그인 세션 브라우저가 이미 열려 있어 자동 수집을 건너뜁니다.
자동 수집은 기존 창을 건드리지 않고 다음 주기에 다시 시도합니다.
잠금 정보: SingletonLock 있음
[2026-08-15T16:42:54.224Z] 자동 카페 수집 종료: 성공

[2026-08-15T16:59:20.702Z] 자동 카페 수집 시작: default
로그인 세션 브라우저가 이미 열려 있어 자동 수집을 건너뜁니다.
자동 수집은 기존 창을 건드리지 않고 다음 주기에 다시 시도합니다.
잠금 정보: SingletonLock 있음
[2026-08-15T16:59:21.024Z] 자동 카페 수집 종료: 성공

[2026-08-15T17:27:17.061Z] 자동 카페 수집 시작: default
로그인 세션 브라우저가 이미 열려 있어 자동 수집을 건너뜁니다.
자동 수집은 기존 창을 건드리지 않고 다음 주기에 다시 시도합니다.
잠금 정보: SingletonLock 있음
[2026-08-15T17:27:17.358Z] 자동 카페 수집 종료: 성공

[2026-08-15T17:58:52.999Z] 자동 카페 수집 시작: default
로그인 세션 브라우저가 이미 열려 있어 자동 수집을 건너뜁니다.
자동 수집은 기존 창을 건드리지 않고 다음 주기에 다시 시도합니다.
잠금 정보: SingletonLock 있음
[2026-08-15T17:58:53.314Z] 자동 카페 수집 종료: 성공

[2026-08-15T18:14:37.864Z] 자동 카페 수집 시작: default
로그인 세션 브라우저가 이미 열려 있어 자동 수집을 건너뜁니다.
자동 수집은 기존 창을 건드리지 않고 다음 주기에 다시 시도합니다.
잠금 정보: SingletonLock 있음
[2026-08-15T18:14:38.336Z] 자동 카페 수집 종료: 성공

[2026-08-15T18:30:21.537Z] 자동 카페 수집 시작: default
로그인 세션 브라우저가 이미 열려 있어 자동 수집을 건너뜁니다.
자동 수집은 기존 창을 건드리지 않고 다음 주기에 다시 시도합니다.
잠금 정보: SingletonLock 있음
[2026-08-15T18:30:21.852Z] 자동 카페 수집 종료: 성공

[2026-08-15T18:48:05.308Z] 자동 카페 수집 시작: default
로그인 세션 브라우저가 이미 열려 있어 자동 수집을 건너뜁니다.
자동 수집은 기존 창을 건드리지 않고 다음 주기에 다시 시도합니다.
잠금 정보: SingletonLock 있음
[2026-08-15T18:48:05.645Z] 자동 카페 수집 종료: 성공

[2026-08-15T19:21:04.504Z] 자동 카페 수집 시작: default
로그인 세션 브라우저가 이미 열려 있어 자동 수집을 건너뜁니다.
자동 수집은 기존 창을 건드리지 않고 다음 주기에 다시 시도합니다.
잠금 정보: SingletonLock 있음
[2026-08-15T19:21:04.806Z] 자동 카페 수집 종료: 성공

[2026-08-15T19:36:26.114Z] 자동 카페 수집 시작: default
로그인 세션 브라우저가 이미 열려 있어 자동 수집을 건너뜁니다.
자동 수집은 기존 창을 건드리지 않고 다음 주기에 다시 시도합니다.
잠금 정보: SingletonLock 있음
[2026-08-15T19:36:26.415Z] 자동 카페 수집 종료: 성공

[2026-08-15T19:49:43.784Z] 자동 카페 수집 시작: default
로그인 세션 브라우저가 이미 열려 있어 자동 수집을 건너뜁니다.
자동 수집은 기존 창을 건드리지 않고 다음 주기에 다시 시도합니다.
잠금 정보: SingletonLock 있음
[2026-08-15T19:49:44.098Z] 자동 카페 수집 종료: 성공

[2026-08-15T20:23:25.382Z] 자동 카페 수집 시작: default
로그인 세션 브라우저가 이미 열려 있어 자동 수집을 건너뜁니다.
자동 수집은 기존 창을 건드리지 않고 다음 주기에 다시 시도합니다.
잠금 정보: SingletonLock 있음
[2026-08-15T20:23:25.725Z] 자동 카페 수집 종료: 성공

[2026-08-15T20:39:39.243Z] 자동 카페 수집 시작: default
로그인 세션 브라우저가 이미 열려 있어 자동 수집을 건너뜁니다.
자동 수집은 기존 창을 건드리지 않고 다음 주기에 다시 시도합니다.
잠금 정보: SingletonLock 있음
[2026-08-15T20:39:39.572Z] 자동 카페 수집 종료: 성공

[2026-08-15T20:54:56.981Z] 자동 카페 수집 시작: default
로그인 세션 브라우저가 이미 열려 있어 자동 수집을 건너뜁니다.
자동 수집은 기존 창을 건드리지 않고 다음 주기에 다시 시도합니다.
잠금 정보: SingletonLock 있음
[2026-08-15T20:54:57.327Z] 자동 카페 수집 종료: 성공

[2026-08-15T21:12:46.650Z] 자동 카페 수집 시작: default
로그인 세션 브라우저가 이미 열려 있어 자동 수집을 건너뜁니다.
자동 수집은 기존 창을 건드리지 않고 다음 주기에 다시 시도합니다.
잠금 정보: SingletonLock 있음
[2026-08-15T21:12:47.019Z] 자동 카페 수집 종료: 성공

[2026-08-15T21:19:27.089Z] 자동 카페 수집 시작: default
로그인 세션 브라우저가 이미 열려 있어 자동 수집을 건너뜁니다.
자동 수집은 기존 창을 건드리지 않고 다음 주기에 다시 시도합니다.
잠금 정보: SingletonLock 있음
[2026-08-15T21:19:27.471Z] 자동 카페 수집 종료: 성공

[2026-08-15T21:35:51.741Z] 자동 카페 수집 시작: default
로그인 세션 브라우저가 이미 열려 있어 자동 수집을 건너뜁니다.
자동 수집은 기존 창을 건드리지 않고 다음 주기에 다시 시도합니다.
잠금 정보: SingletonLock 있음
[2026-08-15T21:35:52.160Z] 자동 카페 수집 종료: 성공

[2026-08-15T21:42:57.510Z] 자동 카페 수집 시작: default
로그인 세션 브라우저가 이미 열려 있어 자동 수집을 건너뜁니다.
자동 수집은 기존 창을 건드리지 않고 다음 주기에 다시 시도합니다.
잠금 정보: SingletonLock 있음
[2026-08-15T21:42:57.857Z] 자동 카페 수집 종료: 성공

[2026-08-15T21:50:42.339Z] 자동 카페 수집 시작: default
로그인 세션 브라우저가 이미 열려 있어 자동 수집을 건너뜁니다.
자동 수집은 기존 창을 건드리지 않고 다음 주기에 다시 시도합니다.
잠금 정보: SingletonLock 있음
[2026-08-15T21:50:42.629Z] 자동 카페 수집 종료: 성공

[2026-08-15T22:07:12.727Z] 자동 카페 수집 시작: default
로그인 세션 브라우저가 이미 열려 있어 자동 수집을 건너뜁니다.
자동 수집은 기존 창을 건드리지 않고 다음 주기에 다시 시도합니다.
잠금 정보: SingletonLock 있음
[2026-08-15T22:07:13.049Z] 자동 카페 수집 종료: 성공

[2026-08-15T22:24:01.522Z] 자동 카페 수집 시작: default
로그인 세션 브라우저가 이미 열려 있어 자동 수집을 건너뜁니다.
자동 수집은 기존 창을 건드리지 않고 다음 주기에 다시 시도합니다.
잠금 정보: SingletonLock 있음
[2026-08-15T22:24:01.852Z] 자동 카페 수집 종료: 성공

[2026-08-15T22:40:48.279Z] 자동 카페 수집 시작: default
로그인 세션 브라우저가 이미 열려 있어 자동 수집을 건너뜁니다.
자동 수집은 기존 창을 건드리지 않고 다음 주기에 다시 시도합니다.
잠금 정보: SingletonLock 있음
[2026-08-15T22:40:48.614Z] 자동 카페 수집 종료: 성공

[2026-08-15T22:51:37.111Z] 자동 카페 수집 시작: default
로그인 세션 브라우저가 이미 열려 있어 자동 수집을 건너뜁니다.
자동 수집은 기존 창을 건드리지 않고 다음 주기에 다시 시도합니다.
잠금 정보: SingletonLock 있음
[2026-08-15T22:51:37.403Z] 자동 카페 수집 종료: 성공

[2026-08-15T23:07:00.299Z] 자동 카페 수집 시작: default
로그인 세션 브라우저가 이미 열려 있어 자동 수집을 건너뜁니다.
자동 수집은 기존 창을 건드리지 않고 다음 주기에 다시 시도합니다.
잠금 정보: SingletonLock 있음
[2026-08-15T23:07:00.614Z] 자동 카페 수집 종료: 성공

[2026-08-15T23:22:49.957Z] 자동 카페 수집 시작: default
로그인 세션 브라우저가 이미 열려 있어 자동 수집을 건너뜁니다.
자동 수집은 기존 창을 건드리지 않고 다음 주기에 다시 시도합니다.
잠금 정보: SingletonLock 있음
[2026-08-15T23:22:50.296Z] 자동 카페 수집 종료: 성공

[2026-08-15T23:52:37.256Z] 자동 카페 수집 시작: default
로그인 세션 브라우저가 이미 열려 있어 자동 수집을 건너뜁니다.
자동 수집은 기존 창을 건드리지 않고 다음 주기에 다시 시도합니다.
잠금 정보: SingletonLock 있음
[2026-08-15T23:52:37.566Z] 자동 카페 수집 종료: 성공

[2026-08-16T00:08:04.665Z] 자동 카페 수집 시작: default
로그인 세션 브라우저가 이미 열려 있어 자동 수집을 건너뜁니다.
자동 수집은 기존 창을 건드리지 않고 다음 주기에 다시 시도합니다.
잠금 정보: SingletonLock 있음
[2026-08-16T00:08:04.997Z] 자동 카페 수집 종료: 성공

[2026-08-16T00:25:38.366Z] 자동 카페 수집 시작: default
로그인 세션 브라우저가 이미 열려 있어 자동 수집을 건너뜁니다.
자동 수집은 기존 창을 건드리지 않고 다음 주기에 다시 시도합니다.
잠금 정보: SingletonLock 있음
[2026-08-16T00:25:38.682Z] 자동 카페 수집 종료: 성공

[2026-08-16T00:53:38.479Z] 자동 카페 수집 시작: default
로그인 세션 브라우저가 이미 열려 있어 자동 수집을 건너뜁니다.
자동 수집은 기존 창을 건드리지 않고 다음 주기에 다시 시도합니다.
잠금 정보: SingletonLock 있음
[2026-08-16T00:53:38.805Z] 자동 카페 수집 종료: 성공

[2026-08-16T01:10:45.838Z] 자동 카페 수집 시작: default
로그인 세션 브라우저가 이미 열려 있어 자동 수집을 건너뜁니다.
자동 수집은 기존 창을 건드리지 않고 다음 주기에 다시 시도합니다.
잠금 정보: SingletonLock 있음
[2026-08-16T01:10:46.189Z] 자동 카페 수집 종료: 성공

[2026-08-16T01:25:55.047Z] 자동 카페 수집 시작: default
로그인 세션 브라우저가 이미 열려 있어 자동 수집을 건너뜁니다.
자동 수집은 기존 창을 건드리지 않고 다음 주기에 다시 시도합니다.
잠금 정보: SingletonLock 있음
[2026-08-16T01:25:55.434Z] 자동 카페 수집 종료: 성공

[2026-08-16T01:43:27.602Z] 자동 카페 수집 시작: default
로그인 세션 브라우저가 이미 열려 있어 자동 수집을 건너뜁니다.
자동 수집은 기존 창을 건드리지 않고 다음 주기에 다시 시도합니다.
잠금 정보: SingletonLock 있음
[2026-08-16T01:43:28.023Z] 자동 카페 수집 종료: 성공

[2026-08-16T01:54:41.380Z] 자동 카페 수집 시작: default
로그인 세션 브라우저가 이미 열려 있어 자동 수집을 건너뜁니다.
자동 수집은 기존 창을 건드리지 않고 다음 주기에 다시 시도합니다.
잠금 정보: SingletonLock 있음
[2026-08-16T01:54:41.692Z] 자동 카페 수집 종료: 성공

[2026-08-16T02:10:50.765Z] 자동 카페 수집 시작: default
로그인 세션 브라우저가 이미 열려 있어 자동 수집을 건너뜁니다.
자동 수집은 기존 창을 건드리지 않고 다음 주기에 다시 시도합니다.
잠금 정보: SingletonLock 있음
[2026-08-16T02:10:51.094Z] 자동 카페 수집 종료: 성공

[2026-08-16T02:45:50.028Z] 자동 카페 수집 시작: default
로그인 세션 브라우저가 이미 열려 있어 자동 수집을 건너뜁니다.
자동 수집은 기존 창을 건드리지 않고 다음 주기에 다시 시도합니다.
잠금 정보: SingletonLock 있음
[2026-08-16T02:45:50.335Z] 자동 카페 수집 종료: 성공

[2026-08-16T02:55:42.667Z] 자동 카페 수집 시작: default
로그인 세션 브라우저가 이미 열려 있어 자동 수집을 건너뜁니다.
자동 수집은 기존 창을 건드리지 않고 다음 주기에 다시 시도합니다.
잠금 정보: SingletonLock 있음
[2026-08-16T02:55:42.977Z] 자동 카페 수집 종료: 성공

[2026-08-16T03:11:02.939Z] 자동 카페 수집 시작: default
로그인 세션 브라우저가 이미 열려 있어 자동 수집을 건너뜁니다.
자동 수집은 기존 창을 건드리지 않고 다음 주기에 다시 시도합니다.
잠금 정보: SingletonLock 있음
[2026-08-16T03:11:03.254Z] 자동 카페 수집 종료: 성공

[2026-08-16T03:45:00.127Z] 자동 카페 수집 시작: default
로그인 세션 브라우저가 이미 열려 있어 자동 수집을 건너뜁니다.
자동 수집은 기존 창을 건드리지 않고 다음 주기에 다시 시도합니다.
잠금 정보: SingletonLock 있음
[2026-08-16T03:45:00.772Z] 자동 카페 수집 종료: 성공

[2026-08-16T03:56:40.809Z] 자동 카페 수집 시작: default
로그인 세션 브라우저가 이미 열려 있어 자동 수집을 건너뜁니다.
자동 수집은 기존 창을 건드리지 않고 다음 주기에 다시 시도합니다.
잠금 정보: SingletonLock 있음
[2026-08-16T03:56:41.194Z] 자동 카페 수집 종료: 성공

[2026-08-16T04:31:20.940Z] 자동 카페 수집 시작: default
로그인 세션 브라우저가 이미 열려 있어 자동 수집을 건너뜁니다.
자동 수집은 기존 창을 건드리지 않고 다음 주기에 다시 시도합니다.
잠금 정보: SingletonLock 있음
[2026-08-16T04:31:21.416Z] 자동 카페 수집 종료: 성공

[2026-08-16T04:48:25.556Z] 자동 카페 수집 시작: default
로그인 세션 브라우저가 이미 열려 있어 자동 수집을 건너뜁니다.
자동 수집은 기존 창을 건드리지 않고 다음 주기에 다시 시도합니다.
잠금 정보: SingletonLock 있음
[2026-08-16T04:48:25.877Z] 자동 카페 수집 종료: 성공

[2026-08-16T04:57:45.517Z] 자동 카페 수집 시작: default
로그인 세션 브라우저가 이미 열려 있어 자동 수집을 건너뜁니다.
자동 수집은 기존 창을 건드리지 않고 다음 주기에 다시 시도합니다.
잠금 정보: SingletonLock 있음
[2026-08-16T04:57:45.844Z] 자동 카페 수집 종료: 성공

[2026-08-16T05:32:36.036Z] 자동 카페 수집 시작: default
로그인 세션 브라우저가 이미 열려 있어 자동 수집을 건너뜁니다.
자동 수집은 기존 창을 건드리지 않고 다음 주기에 다시 시도합니다.
잠금 정보: SingletonLock 있음
[2026-08-16T05:32:36.362Z] 자동 카페 수집 종료: 성공

[2026-08-16T05:44:16.771Z] 자동 카페 수집 시작: default
로그인 세션 브라우저가 이미 열려 있어 자동 수집을 건너뜁니다.
자동 수집은 기존 창을 건드리지 않고 다음 주기에 다시 시도합니다.
잠금 정보: SingletonLock 있음
[2026-08-16T05:44:17.159Z] 자동 카페 수집 종료: 성공

[2026-08-16T05:55:52.822Z] 자동 카페 수집 시작: default
로그인 세션 브라우저가 이미 열려 있어 자동 수집을 건너뜁니다.
자동 수집은 기존 창을 건드리지 않고 다음 주기에 다시 시도합니다.
잠금 정보: SingletonLock 있음
[2026-08-16T05:55:53.150Z] 자동 카페 수집 종료: 성공

[2026-08-16T06:15:53.484Z] 자동 카페 수집 시작: default
로그인 세션 브라우저가 이미 열려 있어 자동 수집을 건너뜁니다.
자동 수집은 기존 창을 건드리지 않고 다음 주기에 다시 시도합니다.
잠금 정보: SingletonLock 있음
[2026-08-16T06:15:53.824Z] 자동 카페 수집 종료: 성공

[2026-08-16T06:31:30.999Z] 자동 카페 수집 시작: default
로그인 세션 브라우저가 이미 열려 있어 자동 수집을 건너뜁니다.
자동 수집은 기존 창을 건드리지 않고 다음 주기에 다시 시도합니다.
잠금 정보: SingletonLock 있음
[2026-08-16T06:31:31.307Z] 자동 카페 수집 종료: 성공

[2026-08-16T06:49:01.527Z] 자동 카페 수집 시작: default
로그인 세션 브라우저가 이미 열려 있어 자동 수집을 건너뜁니다.
자동 수집은 기존 창을 건드리지 않고 다음 주기에 다시 시도합니다.
잠금 정보: SingletonLock 있음
[2026-08-16T06:49:01.828Z] 자동 카페 수집 종료: 성공

[2026-08-16T06:59:46.653Z] 자동 카페 수집 시작: default
로그인 세션 브라우저가 이미 열려 있어 자동 수집을 건너뜁니다.
자동 수집은 기존 창을 건드리지 않고 다음 주기에 다시 시도합니다.
잠금 정보: SingletonLock 있음
[2026-08-16T06:59:47.028Z] 자동 카페 수집 종료: 성공

[2026-08-16T07:33:43.196Z] 자동 카페 수집 시작: default
로그인 세션 브라우저가 이미 열려 있어 자동 수집을 건너뜁니다.
자동 수집은 기존 창을 건드리지 않고 다음 주기에 다시 시도합니다.
잠금 정보: SingletonLock 있음
[2026-08-16T07:33:43.635Z] 자동 카페 수집 종료: 성공

[2026-08-16T07:50:11.045Z] 자동 카페 수집 시작: default
로그인 세션 브라우저가 이미 열려 있어 자동 수집을 건너뜁니다.
자동 수집은 기존 창을 건드리지 않고 다음 주기에 다시 시도합니다.
잠금 정보: SingletonLock 있음
[2026-08-16T07:50:11.532Z] 자동 카페 수집 종료: 성공

[2026-08-16T08:00:41.823Z] 자동 카페 수집 시작: default
로그인 세션 브라우저가 이미 열려 있어 자동 수집을 건너뜁니다.
자동 수집은 기존 창을 건드리지 않고 다음 주기에 다시 시도합니다.
잠금 정보: SingletonLock 있음
[2026-08-16T08:00:42.136Z] 자동 카페 수집 종료: 성공

[2026-08-16T08:16:59.790Z] 자동 카페 수집 시작: default
로그인 세션 브라우저가 이미 열려 있어 자동 수집을 건너뜁니다.
자동 수집은 기존 창을 건드리지 않고 다음 주기에 다시 시도합니다.
잠금 정보: SingletonLock 있음
[2026-08-16T08:17:00.100Z] 자동 카페 수집 종료: 성공

[2026-08-16T08:32:19.901Z] 자동 카페 수집 시작: default
로그인 세션 브라우저가 이미 열려 있어 자동 수집을 건너뜁니다.
자동 수집은 기존 창을 건드리지 않고 다음 주기에 다시 시도합니다.
잠금 정보: SingletonLock 있음
[2026-08-16T08:32:20.219Z] 자동 카페 수집 종료: 성공

[2026-08-16T08:47:43.518Z] 자동 카페 수집 시작: default
로그인 세션 브라우저가 이미 열려 있어 자동 수집을 건너뜁니다.
자동 수집은 기존 창을 건드리지 않고 다음 주기에 다시 시도합니다.
잠금 정보: SingletonLock 있음
[2026-08-16T08:47:43.837Z] 자동 카페 수집 종료: 성공

[2026-08-16T09:01:46.527Z] 자동 카페 수집 시작: default
로그인 세션 브라우저가 이미 열려 있어 자동 수집을 건너뜁니다.
자동 수집은 기존 창을 건드리지 않고 다음 주기에 다시 시도합니다.
잠금 정보: SingletonLock 있음
[2026-08-16T09:01:46.854Z] 자동 카페 수집 종료: 성공

[2026-08-16T09:17:29.944Z] 자동 카페 수집 시작: default
로그인 세션 브라우저가 이미 열려 있어 자동 수집을 건너뜁니다.
자동 수집은 기존 창을 건드리지 않고 다음 주기에 다시 시도합니다.
잠금 정보: SingletonLock 있음
[2026-08-16T09:17:30.250Z] 자동 카페 수집 종료: 성공

[2026-08-16T09:27:00.983Z] 자동 카페 수집 시작: default
로그인 세션 브라우저가 이미 열려 있어 자동 수집을 건너뜁니다.
자동 수집은 기존 창을 건드리지 않고 다음 주기에 다시 시도합니다.
잠금 정보: SingletonLock 있음
[2026-08-16T09:27:01.632Z] 자동 카페 수집 종료: 성공

[2026-08-16T09:43:13.818Z] 자동 카페 수집 시작: default
로그인 세션 브라우저가 이미 열려 있어 자동 수집을 건너뜁니다.
자동 수집은 기존 창을 건드리지 않고 다음 주기에 다시 시도합니다.
잠금 정보: SingletonLock 있음
[2026-08-16T09:43:14.146Z] 자동 카페 수집 종료: 성공

[2026-08-16T09:59:37.760Z] 자동 카페 수집 시작: default
로그인 세션 브라우저가 이미 열려 있어 자동 수집을 건너뜁니다.
자동 수집은 기존 창을 건드리지 않고 다음 주기에 다시 시도합니다.
잠금 정보: SingletonLock 있음
[2026-08-16T09:59:38.069Z] 자동 카페 수집 종료: 성공

[2026-08-16T10:18:02.719Z] 자동 카페 수집 시작: default
로그인 세션 브라우저가 이미 열려 있어 자동 수집을 건너뜁니다.
자동 수집은 기존 창을 건드리지 않고 다음 주기에 다시 시도합니다.
잠금 정보: SingletonLock 있음
[2026-08-16T10:18:02.999Z] 자동 카페 수집 종료: 성공

[2026-08-16T10:35:28.640Z] 자동 카페 수집 시작: default
로그인 세션 브라우저가 이미 열려 있어 자동 수집을 건너뜁니다.
자동 수집은 기존 창을 건드리지 않고 다음 주기에 다시 시도합니다.
잠금 정보: SingletonLock 있음
[2026-08-16T10:35:28.958Z] 자동 카페 수집 종료: 성공

[2026-08-16T11:03:43.403Z] 자동 카페 수집 시작: default
로그인 세션 브라우저가 이미 열려 있어 자동 수집을 건너뜁니다.
자동 수집은 기존 창을 건드리지 않고 다음 주기에 다시 시도합니다.
잠금 정보: SingletonLock 있음
[2026-08-16T11:03:43.721Z] 자동 카페 수집 종료: 성공

[2026-08-16T11:19:24.154Z] 자동 카페 수집 시작: default
로그인 세션 브라우저가 이미 열려 있어 자동 수집을 건너뜁니다.
자동 수집은 기존 창을 건드리지 않고 다음 주기에 다시 시도합니다.
잠금 정보: SingletonLock 있음
[2026-08-16T11:19:24.484Z] 자동 카페 수집 종료: 성공

[2026-08-16T11:36:05.558Z] 자동 카페 수집 시작: default
로그인 세션 브라우저가 이미 열려 있어 자동 수집을 건너뜁니다.
자동 수집은 기존 창을 건드리지 않고 다음 주기에 다시 시도합니다.
잠금 정보: SingletonLock 있음
[2026-08-16T11:36:05.871Z] 자동 카페 수집 종료: 성공

[2026-08-16T12:04:44.307Z] 자동 카페 수집 시작: default
로그인 세션 브라우저가 이미 열려 있어 자동 수집을 건너뜁니다.
자동 수집은 기존 창을 건드리지 않고 다음 주기에 다시 시도합니다.
잠금 정보: SingletonLock 있음
[2026-08-16T12:04:44.619Z] 자동 카페 수집 종료: 성공

[2026-08-16T12:29:56.493Z] 자동 카페 수집 시작: default
로그인 세션 브라우저가 이미 열려 있어 자동 수집을 건너뜁니다.
자동 수집은 기존 창을 건드리지 않고 다음 주기에 다시 시도합니다.
잠금 정보: SingletonLock 있음
[2026-08-16T12:29:57.358Z] 자동 카페 수집 종료: 성공

[2026-08-16T12:48:43.947Z] 자동 카페 수집 시작: default
로그인 세션 브라우저가 이미 열려 있어 자동 수집을 건너뜁니다.
자동 수집은 기존 창을 건드리지 않고 다음 주기에 다시 시도합니다.
잠금 정보: SingletonLock 있음
[2026-08-16T12:48:44.345Z] 자동 카페 수집 종료: 성공

[2026-08-16T13:05:46.639Z] 자동 카페 수집 시작: default
로그인 세션 브라우저가 이미 열려 있어 자동 수집을 건너뜁니다.
자동 수집은 기존 창을 건드리지 않고 다음 주기에 다시 시도합니다.
잠금 정보: SingletonLock 있음
[2026-08-16T13:05:47.336Z] 자동 카페 수집 종료: 성공

[2026-08-16T13:21:24.362Z] 자동 카페 수집 시작: default
로그인 세션 브라우저가 이미 열려 있어 자동 수집을 건너뜁니다.
자동 수집은 기존 창을 건드리지 않고 다음 주기에 다시 시도합니다.
잠금 정보: SingletonLock 있음
[2026-08-16T13:21:24.688Z] 자동 카페 수집 종료: 성공

[2026-08-16T13:32:24.102Z] 자동 카페 수집 시작: default
로그인 세션 브라우저가 이미 열려 있어 자동 수집을 건너뜁니다.
자동 수집은 기존 창을 건드리지 않고 다음 주기에 다시 시도합니다.
잠금 정보: SingletonLock 있음
[2026-08-16T13:32:24.549Z] 자동 카페 수집 종료: 성공

[2026-08-16T13:47:37.912Z] 자동 카페 수집 시작: default
로그인 세션 브라우저가 이미 열려 있어 자동 수집을 건너뜁니다.
자동 수집은 기존 창을 건드리지 않고 다음 주기에 다시 시도합니다.
잠금 정보: SingletonLock 있음
[2026-08-16T13:47:38.275Z] 자동 카페 수집 종료: 성공

[2026-08-16T14:04:03.704Z] 자동 카페 수집 시작: default
로그인 세션 브라우저가 이미 열려 있어 자동 수집을 건너뜁니다.
자동 수집은 기존 창을 건드리지 않고 다음 주기에 다시 시도합니다.
잠금 정보: SingletonLock 있음
[2026-08-16T14:04:04.092Z] 자동 카페 수집 종료: 성공

[2026-08-16T14:20:04.108Z] 자동 카페 수집 시작: default
로그인 세션 브라우저가 이미 열려 있어 자동 수집을 건너뜁니다.
자동 수집은 기존 창을 건드리지 않고 다음 주기에 다시 시도합니다.
잠금 정보: SingletonLock 있음
[2026-08-16T14:20:04.483Z] 자동 카페 수집 종료: 성공

[2026-08-16T14:37:04.586Z] 자동 카페 수집 시작: default
로그인 세션 브라우저가 이미 열려 있어 자동 수집을 건너뜁니다.
자동 수집은 기존 창을 건드리지 않고 다음 주기에 다시 시도합니다.
잠금 정보: SingletonLock 있음
[2026-08-16T14:37:04.996Z] 자동 카페 수집 종료: 성공

[2026-08-16T14:52:22.455Z] 자동 카페 수집 시작: default
로그인 세션 브라우저가 이미 열려 있어 자동 수집을 건너뜁니다.
자동 수집은 기존 창을 건드리지 않고 다음 주기에 다시 시도합니다.
잠금 정보: SingletonLock 있음
[2026-08-16T14:52:22.767Z] 자동 카페 수집 종료: 성공

[2026-08-16T15:07:49.330Z] 자동 카페 수집 시작: default
로그인 세션 브라우저가 이미 열려 있어 자동 수집을 건너뜁니다.
자동 수집은 기존 창을 건드리지 않고 다음 주기에 다시 시도합니다.
잠금 정보: SingletonLock 있음
[2026-08-16T15:07:49.645Z] 자동 카페 수집 종료: 성공

[2026-08-16T15:39:52.040Z] 자동 카페 수집 시작: default
로그인 세션 브라우저가 이미 열려 있어 자동 수집을 건너뜁니다.
자동 수집은 기존 창을 건드리지 않고 다음 주기에 다시 시도합니다.
잠금 정보: SingletonLock 있음
[2026-08-16T15:39:52.361Z] 자동 카페 수집 종료: 성공

[2026-08-16T15:56:31.883Z] 자동 카페 수집 시작: default
로그인 세션 브라우저가 이미 열려 있어 자동 수집을 건너뜁니다.
자동 수집은 기존 창을 건드리지 않고 다음 주기에 다시 시도합니다.
잠금 정보: SingletonLock 있음
[2026-08-16T15:56:32.202Z] 자동 카페 수집 종료: 성공

[2026-08-16T16:30:23.518Z] 자동 카페 수집 시작: default
로그인 세션 브라우저가 이미 열려 있어 자동 수집을 건너뜁니다.
자동 수집은 기존 창을 건드리지 않고 다음 주기에 다시 시도합니다.
잠금 정보: SingletonLock 있음
[2026-08-16T16:30:23.842Z] 자동 카페 수집 종료: 성공

[2026-08-16T16:47:26.372Z] 자동 카페 수집 시작: default
로그인 세션 브라우저가 이미 열려 있어 자동 수집을 건너뜁니다.
자동 수집은 기존 창을 건드리지 않고 다음 주기에 다시 시도합니다.
잠금 정보: SingletonLock 있음
[2026-08-16T16:47:26.683Z] 자동 카페 수집 종료: 성공

[2026-08-16T17:19:45.991Z] 자동 카페 수집 시작: default
로그인 세션 브라우저가 이미 열려 있어 자동 수집을 건너뜁니다.
자동 수집은 기존 창을 건드리지 않고 다음 주기에 다시 시도합니다.
잠금 정보: SingletonLock 있음
[2026-08-16T17:19:46.304Z] 자동 카페 수집 종료: 성공

[2026-08-16T17:35:29.840Z] 자동 카페 수집 시작: default
로그인 세션 브라우저가 이미 열려 있어 자동 수집을 건너뜁니다.
자동 수집은 기존 창을 건드리지 않고 다음 주기에 다시 시도합니다.
잠금 정보: SingletonLock 있음
[2026-08-16T17:35:30.154Z] 자동 카페 수집 종료: 성공

[2026-08-16T18:06:49.442Z] 자동 카페 수집 시작: default
로그인 세션 브라우저가 이미 열려 있어 자동 수집을 건너뜁니다.
자동 수집은 기존 창을 건드리지 않고 다음 주기에 다시 시도합니다.
잠금 정보: SingletonLock 있음
[2026-08-16T18:06:49.770Z] 자동 카페 수집 종료: 성공

[2026-08-16T18:37:22.147Z] 자동 카페 수집 시작: default
로그인 세션 브라우저가 이미 열려 있어 자동 수집을 건너뜁니다.
자동 수집은 기존 창을 건드리지 않고 다음 주기에 다시 시도합니다.
잠금 정보: SingletonLock 있음
[2026-08-16T18:37:22.567Z] 자동 카페 수집 종료: 성공

[2026-08-16T18:53:38.122Z] 자동 카페 수집 시작: default
로그인 세션 브라우저가 이미 열려 있어 자동 수집을 건너뜁니다.
자동 수집은 기존 창을 건드리지 않고 다음 주기에 다시 시도합니다.
잠금 정보: SingletonLock 있음
[2026-08-16T18:53:38.435Z] 자동 카페 수집 종료: 성공

[2026-08-16T19:28:37.728Z] 자동 카페 수집 시작: default
로그인 세션 브라우저가 이미 열려 있어 자동 수집을 건너뜁니다.
자동 수집은 기존 창을 건드리지 않고 다음 주기에 다시 시도합니다.
잠금 정보: SingletonLock 있음
[2026-08-16T19:28:38.063Z] 자동 카페 수집 종료: 성공

[2026-08-16T19:44:08.577Z] 자동 카페 수집 시작: default
로그인 세션 브라우저가 이미 열려 있어 자동 수집을 건너뜁니다.
자동 수집은 기존 창을 건드리지 않고 다음 주기에 다시 시도합니다.
잠금 정보: SingletonLock 있음
[2026-08-16T19:44:08.885Z] 자동 카페 수집 종료: 성공

[2026-08-16T20:16:34.201Z] 자동 카페 수집 시작: default
로그인 세션 브라우저가 이미 열려 있어 자동 수집을 건너뜁니다.
자동 수집은 기존 창을 건드리지 않고 다음 주기에 다시 시도합니다.
잠금 정보: SingletonLock 있음
[2026-08-16T20:16:34.539Z] 자동 카페 수집 종료: 성공

[2026-08-16T20:32:52.203Z] 자동 카페 수집 시작: default
로그인 세션 브라우저가 이미 열려 있어 자동 수집을 건너뜁니다.
자동 수집은 기존 창을 건드리지 않고 다음 주기에 다시 시도합니다.
잠금 정보: SingletonLock 있음
[2026-08-16T20:32:52.515Z] 자동 카페 수집 종료: 성공

[2026-08-16T20:49:51.959Z] 자동 카페 수집 시작: default
로그인 세션 브라우저가 이미 열려 있어 자동 수집을 건너뜁니다.
자동 수집은 기존 창을 건드리지 않고 다음 주기에 다시 시도합니다.
잠금 정보: SingletonLock 있음
[2026-08-16T20:49:52.263Z] 자동 카페 수집 종료: 성공

[2026-08-16T21:22:08.568Z] 자동 카페 수집 시작: default
로그인 세션 브라우저가 이미 열려 있어 자동 수집을 건너뜁니다.
자동 수집은 기존 창을 건드리지 않고 다음 주기에 다시 시도합니다.
잠금 정보: SingletonLock 있음
[2026-08-16T21:22:08.968Z] 자동 카페 수집 종료: 성공

[2026-08-16T21:38:11.411Z] 자동 카페 수집 시작: default
로그인 세션 브라우저가 이미 열려 있어 자동 수집을 건너뜁니다.
자동 수집은 기존 창을 건드리지 않고 다음 주기에 다시 시도합니다.
잠금 정보: SingletonLock 있음
[2026-08-16T21:38:11.698Z] 자동 카페 수집 종료: 성공

[2026-08-16T22:11:56.000Z] 자동 카페 수집 시작: default
로그인 세션 브라우저가 이미 열려 있어 자동 수집을 건너뜁니다.
자동 수집은 기존 창을 건드리지 않고 다음 주기에 다시 시도합니다.
잠금 정보: SingletonLock 있음
[2026-08-16T22:11:56.314Z] 자동 카페 수집 종료: 성공

[2026-08-16T22:21:52.886Z] 자동 카페 수집 시작: default
로그인 세션 브라우저가 이미 열려 있어 자동 수집을 건너뜁니다.
자동 수집은 기존 창을 건드리지 않고 다음 주기에 다시 시도합니다.
잠금 정보: SingletonLock 있음
[2026-08-16T22:21:53.203Z] 자동 카페 수집 종료: 성공

[2026-08-16T22:37:01.684Z] 자동 카페 수집 시작: default
로그인 세션 브라우저가 이미 열려 있어 자동 수집을 건너뜁니다.
자동 수집은 기존 창을 건드리지 않고 다음 주기에 다시 시도합니다.
잠금 정보: SingletonLock 있음
[2026-08-16T22:37:02.000Z] 자동 카페 수집 종료: 성공

[2026-08-16T23:10:04.167Z] 자동 카페 수집 시작: default
로그인 세션 브라우저가 이미 열려 있어 자동 수집을 건너뜁니다.
자동 수집은 기존 창을 건드리지 않고 다음 주기에 다시 시도합니다.
잠금 정보: SingletonLock 있음
[2026-08-16T23:10:04.610Z] 자동 카페 수집 종료: 성공

[2026-08-16T23:28:03.372Z] 자동 카페 수집 시작: default
로그인 세션 브라우저가 이미 열려 있어 자동 수집을 건너뜁니다.
자동 수집은 기존 창을 건드리지 않고 다음 주기에 다시 시도합니다.
잠금 정보: SingletonLock 있음
[2026-08-16T23:28:03.711Z] 자동 카페 수집 종료: 성공

[2026-08-16T23:43:35.140Z] 자동 카페 수집 시작: default
로그인 세션 브라우저가 이미 열려 있어 자동 수집을 건너뜁니다.
자동 수집은 기존 창을 건드리지 않고 다음 주기에 다시 시도합니다.
잠금 정보: SingletonLock 있음
[2026-08-16T23:43:35.448Z] 자동 카페 수집 종료: 성공

[2026-08-16T23:58:50.984Z] 자동 카페 수집 시작: default
로그인 세션 브라우저가 이미 열려 있어 자동 수집을 건너뜁니다.
자동 수집은 기존 창을 건드리지 않고 다음 주기에 다시 시도합니다.
잠금 정보: SingletonLock 있음
[2026-08-16T23:58:51.303Z] 자동 카페 수집 종료: 성공

[2026-08-17T00:31:23.590Z] 자동 카페 수집 시작: default
로그인 세션 브라우저가 이미 열려 있어 자동 수집을 건너뜁니다.
자동 수집은 기존 창을 건드리지 않고 다음 주기에 다시 시도합니다.
잠금 정보: SingletonLock 있음
[2026-08-17T00:31:23.903Z] 자동 카페 수집 종료: 성공

[2026-08-17T00:46:26.450Z] 자동 카페 수집 시작: default
로그인 세션 브라우저가 이미 열려 있어 자동 수집을 건너뜁니다.
자동 수집은 기존 창을 건드리지 않고 다음 주기에 다시 시도합니다.
잠금 정보: SingletonLock 있음
[2026-08-17T00:46:26.762Z] 자동 카페 수집 종료: 성공

[2026-08-17T01:12:30.099Z] 자동 카페 수집 시작: default
로그인 세션 브라우저가 이미 열려 있어 자동 수집을 건너뜁니다.
자동 수집은 기존 창을 건드리지 않고 다음 주기에 다시 시도합니다.
잠금 정보: SingletonLock 있음
[2026-08-17T01:12:30.430Z] 자동 카페 수집 종료: 성공

[2026-08-17T01:27:53.981Z] 자동 카페 수집 시작: default
로그인 세션 브라우저가 이미 열려 있어 자동 수집을 건너뜁니다.
자동 수집은 기존 창을 건드리지 않고 다음 주기에 다시 시도합니다.
잠금 정보: SingletonLock 있음
[2026-08-17T01:27:54.292Z] 자동 카페 수집 종료: 성공

[2026-08-17T01:55:53.625Z] 자동 카페 수집 시작: default
로그인 세션 브라우저가 이미 열려 있어 자동 수집을 건너뜁니다.
자동 수집은 기존 창을 건드리지 않고 다음 주기에 다시 시도합니다.
잠금 정보: SingletonLock 있음
[2026-08-17T01:55:53.943Z] 자동 카페 수집 종료: 성공

[2026-08-17T02:13:34.365Z] 자동 카페 수집 시작: default
로그인 세션 브라우저가 이미 열려 있어 자동 수집을 건너뜁니다.
자동 수집은 기존 창을 건드리지 않고 다음 주기에 다시 시도합니다.
잠금 정보: SingletonLock 있음
[2026-08-17T02:13:34.682Z] 자동 카페 수집 종료: 성공

[2026-08-17T02:28:59.220Z] 자동 카페 수집 시작: default
로그인 세션 브라우저가 이미 열려 있어 자동 수집을 건너뜁니다.
자동 수집은 기존 창을 건드리지 않고 다음 주기에 다시 시도합니다.
잠금 정보: SingletonLock 있음
[2026-08-17T02:28:59.540Z] 자동 카페 수집 종료: 성공

[2026-08-17T02:56:51.855Z] 자동 카페 수집 시작: default
로그인 세션 브라우저가 이미 열려 있어 자동 수집을 건너뜁니다.
자동 수집은 기존 창을 건드리지 않고 다음 주기에 다시 시도합니다.
잠금 정보: SingletonLock 있음
[2026-08-17T02:56:52.174Z] 자동 카페 수집 종료: 성공

[2026-08-17T03:29:07.238Z] 자동 카페 수집 시작: default
로그인 세션 브라우저가 이미 열려 있어 자동 수집을 건너뜁니다.
자동 수집은 기존 창을 건드리지 않고 다음 주기에 다시 시도합니다.
잠금 정보: SingletonLock 있음
[2026-08-17T03:29:07.644Z] 자동 카페 수집 종료: 성공

[2026-08-17T03:44:45.200Z] 자동 카페 수집 시작: default
로그인 세션 브라우저가 이미 열려 있어 자동 수집을 건너뜁니다.
자동 수집은 기존 창을 건드리지 않고 다음 주기에 다시 시도합니다.
잠금 정보: SingletonLock 있음
[2026-08-17T03:44:45.521Z] 자동 카페 수집 종료: 성공

[2026-08-17T03:57:52.066Z] 자동 카페 수집 시작: default
로그인 세션 브라우저가 이미 열려 있어 자동 수집을 건너뜁니다.
자동 수집은 기존 창을 건드리지 않고 다음 주기에 다시 시도합니다.
잠금 정보: SingletonLock 있음
[2026-08-17T03:57:52.380Z] 자동 카페 수집 종료: 성공

[2026-08-17T04:08:16.662Z] 자동 카페 수집 시작: default
로그인 세션 브라우저가 이미 열려 있어 자동 수집을 건너뜁니다.
자동 수집은 기존 창을 건드리지 않고 다음 주기에 다시 시도합니다.
잠금 정보: SingletonLock 있음
[2026-08-17T04:08:16.973Z] 자동 카페 수집 종료: 성공

[2026-08-17T04:25:10.980Z] 자동 카페 수집 시작: default
로그인 세션 브라우저가 이미 열려 있어 자동 수집을 건너뜁니다.
자동 수집은 기존 창을 건드리지 않고 다음 주기에 다시 시도합니다.
잠금 정보: SingletonLock 있음
[2026-08-17T04:25:11.537Z] 자동 카페 수집 종료: 성공

[2026-08-17T04:42:26.035Z] 자동 카페 수집 시작: default
로그인 세션 브라우저가 이미 열려 있어 자동 수집을 건너뜁니다.
자동 수집은 기존 창을 건드리지 않고 다음 주기에 다시 시도합니다.
잠금 정보: SingletonLock 있음
[2026-08-17T04:42:26.549Z] 자동 카페 수집 종료: 성공

[2026-08-17T04:58:49.901Z] 자동 카페 수집 시작: default
로그인 세션 브라우저가 이미 열려 있어 자동 수집을 건너뜁니다.
자동 수집은 기존 창을 건드리지 않고 다음 주기에 다시 시도합니다.
잠금 정보: SingletonLock 있음
[2026-08-17T04:58:50.216Z] 자동 카페 수집 종료: 성공

[2026-08-17T05:15:28.873Z] 자동 카페 수집 시작: default
로그인 세션 브라우저가 이미 열려 있어 자동 수집을 건너뜁니다.
자동 수집은 기존 창을 건드리지 않고 다음 주기에 다시 시도합니다.
잠금 정보: SingletonLock 있음
[2026-08-17T05:15:29.201Z] 자동 카페 수집 종료: 성공

[2026-08-17T05:32:40.009Z] 자동 카페 수집 시작: default
로그인 세션 브라우저가 이미 열려 있어 자동 수집을 건너뜁니다.
자동 수집은 기존 창을 건드리지 않고 다음 주기에 다시 시도합니다.
잠금 정보: SingletonLock 있음
[2026-08-17T05:32:40.451Z] 자동 카페 수집 종료: 성공

[2026-08-17T05:49:04.757Z] 자동 카페 수집 시작: default
로그인 세션 브라우저가 이미 열려 있어 자동 수집을 건너뜁니다.
자동 수집은 기존 창을 건드리지 않고 다음 주기에 다시 시도합니다.
잠금 정보: SingletonLock 있음
[2026-08-17T05:49:05.063Z] 자동 카페 수집 종료: 성공

[2026-08-17T05:59:50.639Z] 자동 카페 수집 시작: default
로그인 세션 브라우저가 이미 열려 있어 자동 수집을 건너뜁니다.
자동 수집은 기존 창을 건드리지 않고 다음 주기에 다시 시도합니다.
잠금 정보: SingletonLock 있음
[2026-08-17T05:59:50.951Z] 자동 카페 수집 종료: 성공

[2026-08-17T06:34:33.144Z] 자동 카페 수집 시작: default
로그인 세션 브라우저가 이미 열려 있어 자동 수집을 건너뜁니다.
자동 수집은 기존 창을 건드리지 않고 다음 주기에 다시 시도합니다.
잠금 정보: SingletonLock 있음
[2026-08-17T06:34:33.465Z] 자동 카페 수집 종료: 성공

[2026-08-17T06:52:49.083Z] 자동 카페 수집 시작: default
로그인 세션 브라우저가 이미 열려 있어 자동 수집을 건너뜁니다.
자동 수집은 기존 창을 건드리지 않고 다음 주기에 다시 시도합니다.
잠금 정보: SingletonLock 있음
[2026-08-17T06:52:49.405Z] 자동 카페 수집 종료: 성공

[2026-08-17T07:00:51.978Z] 자동 카페 수집 시작: default
로그인 세션 브라우저가 이미 열려 있어 자동 수집을 건너뜁니다.
자동 수집은 기존 창을 건드리지 않고 다음 주기에 다시 시도합니다.
잠금 정보: SingletonLock 있음
[2026-08-17T07:00:52.290Z] 자동 카페 수집 종료: 성공

[2026-08-17T07:33:57.541Z] 자동 카페 수집 시작: default
로그인 세션 브라우저가 이미 열려 있어 자동 수집을 건너뜁니다.
자동 수집은 기존 창을 건드리지 않고 다음 주기에 다시 시도합니다.
잠금 정보: SingletonLock 있음
[2026-08-17T07:33:57.843Z] 자동 카페 수집 종료: 성공

[2026-08-17T07:51:35.569Z] 자동 카페 수집 시작: default
로그인 세션 브라우저가 이미 열려 있어 자동 수집을 건너뜁니다.
자동 수집은 기존 창을 건드리지 않고 다음 주기에 다시 시도합니다.
잠금 정보: SingletonLock 있음
[2026-08-17T07:51:35.882Z] 자동 카페 수집 종료: 성공

[2026-08-17T08:01:49.354Z] 자동 카페 수집 시작: default
로그인 세션 브라우저가 이미 열려 있어 자동 수집을 건너뜁니다.
자동 수집은 기존 창을 건드리지 않고 다음 주기에 다시 시도합니다.
잠금 정보: SingletonLock 있음
[2026-08-17T08:01:49.667Z] 자동 카페 수집 종료: 성공

[2026-08-17T08:18:13.060Z] 자동 카페 수집 시작: default
로그인 세션 브라우저가 이미 열려 있어 자동 수집을 건너뜁니다.
자동 수집은 기존 창을 건드리지 않고 다음 주기에 다시 시도합니다.
잠금 정보: SingletonLock 있음
[2026-08-17T08:18:13.372Z] 자동 카페 수집 종료: 성공

[2026-08-17T08:51:45.682Z] 자동 카페 수집 시작: default
로그인 세션 브라우저가 이미 열려 있어 자동 수집을 건너뜁니다.
자동 수집은 기존 창을 건드리지 않고 다음 주기에 다시 시도합니다.
잠금 정보: SingletonLock 있음
[2026-08-17T08:51:45.988Z] 자동 카페 수집 종료: 성공

[2026-08-17T09:02:49.563Z] 자동 카페 수집 시작: default
로그인 세션 브라우저가 이미 열려 있어 자동 수집을 건너뜁니다.
자동 수집은 기존 창을 건드리지 않고 다음 주기에 다시 시도합니다.
잠금 정보: SingletonLock 있음
[2026-08-17T09:02:49.883Z] 자동 카페 수집 종료: 성공

[2026-08-17T09:33:45.085Z] 자동 카페 수집 시작: default
로그인 세션 브라우저가 이미 열려 있어 자동 수집을 건너뜁니다.
자동 수집은 기존 창을 건드리지 않고 다음 주기에 다시 시도합니다.
잠금 정보: SingletonLock 있음
[2026-08-17T09:33:45.407Z] 자동 카페 수집 종료: 성공

[2026-08-17T09:51:07.927Z] 자동 카페 수집 시작: default
로그인 세션 브라우저가 이미 열려 있어 자동 수집을 건너뜁니다.
자동 수집은 기존 창을 건드리지 않고 다음 주기에 다시 시도합니다.
잠금 정보: SingletonLock 있음
[2026-08-17T09:51:08.251Z] 자동 카페 수집 종료: 성공

[2026-08-17T10:03:49.829Z] 자동 카페 수집 시작: default
로그인 세션 브라우저가 이미 열려 있어 자동 수집을 건너뜁니다.
자동 수집은 기존 창을 건드리지 않고 다음 주기에 다시 시도합니다.
잠금 정보: SingletonLock 있음
[2026-08-17T10:03:50.149Z] 자동 카페 수집 종료: 성공

[2026-08-17T10:21:19.822Z] 자동 카페 수집 시작: default
로그인 세션 브라우저가 이미 열려 있어 자동 수집을 건너뜁니다.
자동 수집은 기존 창을 건드리지 않고 다음 주기에 다시 시도합니다.
잠금 정보: SingletonLock 있음
[2026-08-17T10:21:20.148Z] 자동 카페 수집 종료: 성공

[2026-08-17T10:53:53.343Z] 자동 카페 수집 시작: default
로그인 세션 브라우저가 이미 열려 있어 자동 수집을 건너뜁니다.
자동 수집은 기존 창을 건드리지 않고 다음 주기에 다시 시도합니다.
잠금 정보: SingletonLock 있음
[2026-08-17T10:53:53.666Z] 자동 카페 수집 종료: 성공

[2026-08-17T11:04:45.233Z] 자동 카페 수집 시작: default
로그인 세션 브라우저가 이미 열려 있어 자동 수집을 건너뜁니다.
자동 수집은 기존 창을 건드리지 않고 다음 주기에 다시 시도합니다.
잠금 정보: SingletonLock 있음
[2026-08-17T11:04:45.543Z] 자동 카페 수집 종료: 성공

[2026-08-17T11:26:38.016Z] 자동 카페 수집 시작: default
로그인 세션 브라우저가 이미 열려 있어 자동 수집을 건너뜁니다.
자동 수집은 기존 창을 건드리지 않고 다음 주기에 다시 시도합니다.
잠금 정보: SingletonLock 있음
[2026-08-17T11:26:38.723Z] 자동 카페 수집 종료: 성공

[2026-08-17T11:41:41.680Z] 자동 카페 수집 시작: default
로그인 세션 브라우저가 이미 열려 있어 자동 수집을 건너뜁니다.
자동 수집은 기존 창을 건드리지 않고 다음 주기에 다시 시도합니다.
잠금 정보: SingletonLock 있음
[2026-08-17T11:41:42.165Z] 자동 카페 수집 종료: 성공

[2026-08-17T11:50:52.592Z] 자동 카페 수집 시작: default
로그인 세션 브라우저가 이미 열려 있어 자동 수집을 건너뜁니다.
자동 수집은 기존 창을 건드리지 않고 다음 주기에 다시 시도합니다.
잠금 정보: SingletonLock 있음
[2026-08-17T11:50:52.895Z] 자동 카페 수집 종료: 성공

[2026-08-17T12:05:50.040Z] 자동 카페 수집 시작: default
로그인 세션 브라우저가 이미 열려 있어 자동 수집을 건너뜁니다.
자동 수집은 기존 창을 건드리지 않고 다음 주기에 다시 시도합니다.
잠금 정보: SingletonLock 있음
[2026-08-17T12:05:50.419Z] 자동 카페 수집 종료: 성공

[2026-08-17T12:21:01.477Z] 자동 카페 수집 시작: default
로그인 세션 브라우저가 이미 열려 있어 자동 수집을 건너뜁니다.
자동 수집은 기존 창을 건드리지 않고 다음 주기에 다시 시도합니다.
잠금 정보: SingletonLock 있음
[2026-08-17T12:21:01.805Z] 자동 카페 수집 종료: 성공

[2026-08-17T12:37:16.308Z] 자동 카페 수집 시작: default
로그인 세션 브라우저가 이미 열려 있어 자동 수집을 건너뜁니다.
자동 수집은 기존 창을 건드리지 않고 다음 주기에 다시 시도합니다.
잠금 정보: SingletonLock 있음
[2026-08-17T12:37:16.616Z] 자동 카페 수집 종료: 성공

[2026-08-17T13:06:43.051Z] 자동 카페 수집 시작: default
로그인 세션 브라우저가 이미 열려 있어 자동 수집을 건너뜁니다.
자동 수집은 기존 창을 건드리지 않고 다음 주기에 다시 시도합니다.
잠금 정보: SingletonLock 있음
[2026-08-17T13:06:43.367Z] 자동 카페 수집 종료: 성공

[2026-08-17T13:22:37.211Z] 자동 카페 수집 시작: default
로그인 세션 브라우저가 이미 열려 있어 자동 수집을 건너뜁니다.
자동 수집은 기존 창을 건드리지 않고 다음 주기에 다시 시도합니다.
잠금 정보: SingletonLock 있음
[2026-08-17T13:22:37.519Z] 자동 카페 수집 종료: 성공

[2026-08-17T13:38:54.143Z] 자동 카페 수집 시작: default
로그인 세션 브라우저가 이미 열려 있어 자동 수집을 건너뜁니다.
자동 수집은 기존 창을 건드리지 않고 다음 주기에 다시 시도합니다.
잠금 정보: SingletonLock 있음
[2026-08-17T13:38:54.452Z] 자동 카페 수집 종료: 성공

[2026-08-17T14:07:44.866Z] 자동 카페 수집 시작: default
로그인 세션 브라우저가 이미 열려 있어 자동 수집을 건너뜁니다.
자동 수집은 기존 창을 건드리지 않고 다음 주기에 다시 시도합니다.
잠금 정보: SingletonLock 있음
[2026-08-17T14:07:45.163Z] 자동 카페 수집 종료: 성공

[2026-08-17T14:25:12.993Z] 자동 카페 수집 시작: default
로그인 세션 브라우저가 이미 열려 있어 자동 수집을 건너뜁니다.
자동 수집은 기존 창을 건드리지 않고 다음 주기에 다시 시도합니다.
잠금 정보: SingletonLock 있음
[2026-08-17T14:25:13.305Z] 자동 카페 수집 종료: 성공

[2026-08-17T14:35:54.797Z] 자동 카페 수집 시작: default
로그인 세션 브라우저가 이미 열려 있어 자동 수집을 건너뜁니다.
자동 수집은 기존 창을 건드리지 않고 다음 주기에 다시 시도합니다.
잠금 정보: SingletonLock 있음
[2026-08-17T14:35:55.162Z] 자동 카페 수집 종료: 성공

[2026-08-17T14:40:54.739Z] 자동 카페 수집 시작: default
로그인 세션 브라우저가 이미 열려 있어 자동 수집을 건너뜁니다.
자동 수집은 기존 창을 건드리지 않고 다음 주기에 다시 시도합니다.
잠금 정보: SingletonLock 있음
[2026-08-17T14:40:55.236Z] 자동 카페 수집 종료: 성공

[2026-08-17T14:45:55.232Z] 자동 카페 수집 시작: default
로그인 세션 브라우저가 이미 열려 있어 자동 수집을 건너뜁니다.
자동 수집은 기존 창을 건드리지 않고 다음 주기에 다시 시도합니다.
잠금 정보: SingletonLock 있음
[2026-08-17T14:45:55.754Z] 자동 카페 수집 종료: 성공

[2026-08-17T14:50:55.748Z] 자동 카페 수집 시작: default
로그인 세션 브라우저가 이미 열려 있어 자동 수집을 건너뜁니다.
자동 수집은 기존 창을 건드리지 않고 다음 주기에 다시 시도합니다.
잠금 정보: SingletonLock 있음
[2026-08-17T14:50:56.187Z] 자동 카페 수집 종료: 성공

[2026-08-17T14:55:56.182Z] 자동 카페 수집 시작: default
로그인 세션 브라우저가 이미 열려 있어 자동 수집을 건너뜁니다.
자동 수집은 기존 창을 건드리지 않고 다음 주기에 다시 시도합니다.
잠금 정보: SingletonLock 있음
[2026-08-17T14:55:56.664Z] 자동 카페 수집 종료: 성공

[2026-08-17T15:00:56.659Z] 자동 카페 수집 시작: default
로그인 세션 브라우저가 이미 열려 있어 자동 수집을 건너뜁니다.
자동 수집은 기존 창을 건드리지 않고 다음 주기에 다시 시도합니다.
잠금 정보: SingletonLock 있음
[2026-08-17T15:00:57.154Z] 자동 카페 수집 종료: 성공

[2026-08-17T15:03:32.933Z] 자동 카페 수집 시작: default
로그인 세션 브라우저가 이미 열려 있어 자동 수집을 건너뜁니다.
자동 수집은 기존 창을 건드리지 않고 다음 주기에 다시 시도합니다.
잠금 정보: SingletonLock 있음
[2026-08-17T15:03:33.450Z] 자동 카페 수집 종료: 성공

[2026-08-17T15:08:32.969Z] 자동 카페 수집 시작: default
로그인 세션 브라우저가 이미 열려 있어 자동 수집을 건너뜁니다.
자동 수집은 기존 창을 건드리지 않고 다음 주기에 다시 시도합니다.
잠금 정보: SingletonLock 있음
[2026-08-17T15:08:33.933Z] 자동 카페 수집 종료: 성공

[2026-08-17T15:13:33.933Z] 자동 카페 수집 시작: default
로그인 세션 브라우저가 이미 열려 있어 자동 수집을 건너뜁니다.
자동 수집은 기존 창을 건드리지 않고 다음 주기에 다시 시도합니다.
잠금 정보: SingletonLock 있음
[2026-08-17T15:13:34.470Z] 자동 카페 수집 종료: 성공

[2026-08-17T15:18:34.465Z] 자동 카페 수집 시작: default
로그인 세션 브라우저가 이미 열려 있어 자동 수집을 건너뜁니다.
자동 수집은 기존 창을 건드리지 않고 다음 주기에 다시 시도합니다.
잠금 정보: SingletonLock 있음
[2026-08-17T15:18:35.042Z] 자동 카페 수집 종료: 성공

[2026-08-17T15:23:35.038Z] 자동 카페 수집 시작: default
로그인 세션 브라우저가 이미 열려 있어 자동 수집을 건너뜁니다.
자동 수집은 기존 창을 건드리지 않고 다음 주기에 다시 시도합니다.
잠금 정보: SingletonLock 있음
[2026-08-17T15:23:35.528Z] 자동 카페 수집 종료: 성공

[2026-08-17T15:28:35.543Z] 자동 카페 수집 시작: default
로그인 세션 브라우저가 이미 열려 있어 자동 수집을 건너뜁니다.
자동 수집은 기존 창을 건드리지 않고 다음 주기에 다시 시도합니다.
잠금 정보: SingletonLock 있음
[2026-08-17T15:28:36.030Z] 자동 카페 수집 종료: 성공

[2026-08-17T15:31:47.472Z] 자동 카페 수집 시작: default
로그인 세션 브라우저가 이미 열려 있어 자동 수집을 건너뜁니다.
자동 수집은 기존 창을 건드리지 않고 다음 주기에 다시 시도합니다.
잠금 정보: SingletonLock 있음
[2026-08-17T15:31:47.826Z] 자동 카페 수집 종료: 성공

[2026-08-17T15:33:36.026Z] 자동 카페 수집 시작: default
로그인 세션 브라우저가 이미 열려 있어 자동 수집을 건너뜁니다.
자동 수집은 기존 창을 건드리지 않고 다음 주기에 다시 시도합니다.
잠금 정보: SingletonLock 있음
[2026-08-17T15:33:36.505Z] 자동 카페 수집 종료: 성공
